title,item_id,series,control_symbol,date_range,date_digitised
Omer Bhai and Mohamed Ali Mohamed Jaffer - deported per ,798630,B13,1928/24226,1928 – 1928,2026-07-25
Youke Wing Hop - Application for Certificate for Exemption from Dictation Test,784809,B13,1923/11429,1923 – 1923,2026-07-25
IMPIOMBATO Mariano - Nationality: Italian - Arrived Sydney per Sydney 07 March 1961,6436461,B78,ITALIAN/IMPIOMBATO MARIANO,1939 – 1972,2026-07-25
HOP Youke Wing: Nationality - Chinese: Date of Birth - 1875: Arrived per SS EASTERN: First registered at Traralgon,5965588,MT269/1,VIC/CHINA/HOP YOUKE,1916 – 1919,2026-07-25
RAISKUMS Karlis - Nationality: Latvian - Arrived Adelaide per USAT General M B Stewart 20 July 1949,4343021,B78,1957/RAISKUMS K,1949 – 1957,2026-07-25
"Caruana, Rose born 1927; Carmen born 1946; Josephine born 1948; Anthony born 1950; Alfred born 1951; John born 1954 - arrived per SS FAIRSEA 18 November 1954 [contains b&w passport photograph]",33109189,MP210/3,1954/38/1675/CARUANA R/C/J/A/A/J,1953 – 1954,2026-07-25
BOSNJAKOVIC Marko - Nationality: Yugoslavian - Arrived Melbourne per Toscana 6 February 1960,30127709,B78,YUGOSLAVIAN/BOSNJAKOVIC MARKO,1939 – 1972,2026-07-25
"Bevan, Frederick John NX69353 [Prisoners of War Trust Fund application]",1030172,B503,N360,1952 – 1953,2026-07-25
"Mercieca, Grazia [Grace] born 1911; Crispino born 1936; Dolora [Dolores] born 1938; Paula [Pauline] born 1941; Giuseppa [Josephine] born 1943; Franky [Francis] [Frankie] born 1945; Maria [Mary] born 1946; Bernardo born 1947; Giorgia [Georgia] born 1948; Antonia [Antoinette] born 1950 - arrived Melbourne per SS SKAUBRYN 6 April 1955 [includes b&w photo]",205142684,MP250/4,1955/65642/MERCIECA G/C/D/P/J/F/M/B/G/A,1954 – 1955,2026-07-25
"Ships Ledger HMAS STUART, VAMPIRE, VENDETTA, VOYAGER, WATERHEN Quarter Ending: 31/12/1940",13901467,A4624,HMAS STUART 31/12/40,1912 – 1956,2026-07-25
"Mangion, John born 1935 - arrived Melbourne per SS SURRIENTO 21 May 1954 [includes b&w passport photograph]",9546440,MP210/3,1954/38/838/MANGION J,1954 – 1954,2026-07-25
DALAMANGAS Maria - Nationality: Greek - Arrived Melbourne per Patris 6 November 1961 Also known as KAFANTARI DALAMAGA ,6590148,B78,GREEK/DALAMANGAS MARIA,1939 – 1972,2026-07-25
SCHULTZ Marion Gisela - Nationality: German - Arrived Melbourne per Castel Felice 12 July 1960 Also known as PRZIBYLLA ,6590268,B78,GERMAN/SCHULTZ MARION GISELA,1939 – 1972,2026-07-25
GASTALDELLO Maria - Nationality: Italian - Arrived Melbourne per Surriento 28 September 1953,6427014,B78,ITALIAN/GASTALDELLO MARIA,1939 – 1972,2026-07-25
ZUCKER Gitman - Nationality: Stateless - Arrived Melbourne per Surriento 3 May 1950,4777245,B78,1956/ZUCKER G,1950 – 1956,2026-07-25
Letter from Mr R Beynon,378883,MP508/1,82/712/1138,1941 – 1941,2026-07-25
DH84 Dragon No 2023,372891,MP113/1,VH/AMB,1945 – 1949,2026-07-25
[Request for Navy Office numbers for Vessels being built in yard of Walkers Limited],342861,MP138/1,603/281/56,1940 – 1940,2026-07-25
DH82 Tiger Moth,338798,MP113/1,VH/ARW PART 1,1946 – 1953,2026-07-25
A37 [recommendation for the award of the efficiency medal] - VX882 Sergeant Bruce Victor Waldron,31142890,MT885/1,W/1/5016,1951 – 1951,2026-07-25
LAOUNIKONIS Jouosas - Nationality: Russian - Arrived Sydney per Aircraft 26 May 1961 Also known as LAUNIKONIS Juozac,30471082,B78,RUSSIAN/LAOUNIKONIS JOUOSAS,1939 – 1972,2026-07-25
"Launikonos, Juozas [Joseph]",25890293,B44,V1976/15319,1975 – 1976,2026-07-25
"Toman, Frank",25859131,B44,V1971/47026,1971 – 1972,2026-07-25
"Hadjigeorgiou, Georgette",16172300,MP1157/1,V1964/28394,1957 – 1965,2026-07-25
"KERR, John Alexander - Service Number - 34367",21148119,B73,R109835,1916 – 1943,2026-07-25
"Graljuk, Aleksander and Stanislawa Krystyna",15808233,B44,V1984/4157,1984 – 1985,2026-07-25
Evans Deakin and Co - Construction Australian minesweeping vessels,1482429,MP138/1,603/290/142,1942 – 1942,2026-07-25
"Zankovic, Alex",14758626,B44,V1970/42117,1970 – 1970,2026-07-25
Heard Island 1953-1954 - D4 Caterpillar tractor log - Compiled by J [Jack] H Hughes,456118,P1556,HEARD ISLAND 1953,1953 – 1954,2026-07-25
Heard Island 1953-1954 - Cutter and auxiliary equipment log - Compiled by J [Jack] H hughes,456120,P1556,HEARD ISLAND 1953,1953 – 1954,2026-07-25
Heard Island 1953-1954 - Engineering monthly reports - Compiled by J [Jack] H Hughes,456114,P1556,HEARD ISLAND 1953,1953 – 1954,2026-07-25
Leopard seals 1953-1954 - Observer A [Arthur] M Gwynn,456111,P1556,HEARD ISLAND 1953,1953 – 1954,2026-07-24
Radio communication report - Heard Island 1953,456108,P1556,HEARD ISLAND 1953,1953 – 1953,2026-07-24
Bralich Marko,749035,PP14/1,4/3/232,1915 – 1920,2026-07-24
"GIUMELLI Silvio [includes Application for admission - GIUMELLI Giovanni, Silvia and Arialdo]",7085631,PP96/1,W1955/3790,1955 – 1966,2026-07-24
Alexander GIUMELLI  [Application for admission of Giovanni GIUMELLI  to Australia],4309968,PP6/1,1947/H/1978,1947 – 1951,2026-07-24
"WILSON, George Edwin - Service Number - 3554",32491251,PP645/1,H19551,1963 – 1976,2026-07-24
MAASIKAS Walter [arrived Fremantle 22 June 1949 per GOYA],31875029,PP208/1,W1959/12119,1949 – 1960,2026-07-24
"DURNYAK, Svitlana - Ukraine - Female [Principal name] - PILAWSKAS Paul Witold - Male - 23167130503 - Sponsor",30795946,K47,W1999/7349,1997 – 2002,2026-07-24
DI LELLO Nicholas [Nicola] [Italian; arrived Fremantle 3 August 1960 per Australia],30077774,PP256/1,W1961/12624,1960 – 1968,2026-07-24
"Tommaso Carlo FARANO - Naturalisation File and Application for Admission [FARANO Antonietta, Salvatore, Raffaele, Carmela, Cecelia, Nicola]",1669623,PP302/1,WA14953,1939 – 1946,2026-07-24
"Notices and Posters - 3rd Liberty Loan, Display of Posters [Postmaster General's Department]",1528596,PP117/1,G81/1943,1943 – 1943,2026-07-24
"PANIZZA Bendetto [Italian] [application for admission of Giovanni, Silvia and Arialdo GIUMELLI, Ferdinando CICOLARI to Australia]",12573884,PP256/1,W1961/7085,1954 – 1961,2026-07-24
Ringing Register - Heard Island 1953,456096,P1556,HEARD ISLAND 1953,1953 – 1954,2026-07-24
Notes on Macaroni penguin ovaries collected Heard Island by A [Arthur] M Gwynn - November 1953,456094,P1556,HEARD ISLAND 1953,1953 – 1953,2026-07-24
Heard Island - Birds 1953 [file cover only - refer to associated sub-item],32324174,P1556,HEARD ISLAND 1953,1949 – 1953,2026-07-24
Summary of giant petrels ringed at Heard Island 10 February 1953,456090,P1556,HEARD ISLAND 1953,1949 – 1953,2026-07-24
Heard Island - Seals 1953 [file cover only - refer to associated sub-item],32324173,P1556,HEARD ISLAND 1953,1953 – 1953,2026-07-24
Seals - Extract from Ealey and Chittleborough's notes on leopard seals,456088,P1556,HEARD ISLAND 1953,1953 – 1953,2026-07-24
Heard Island 1953 - Seals [file cover only - refer to associated sub-items],32324172,P1556,HEARD ISLAND 1953,1950 – 1953,2026-07-24
Branded seal elephant pups (1951 season) resighted on the beaches between April 1952 - March 1953,456086,P1556,HEARD ISLAND 1953,1952 – 1953,2026-07-24
"Department of Trade and Customs, Canberra - Advice to Baggage Officers regarding alleged smuggling of goods into the country by refugees",204110443,P437,1939/776,1939 – 1939,2026-07-24
W.E. - Australian Army Psychology Service,391376,MP742/1,96/1/2983,1944 – 1946,2026-07-24
1949 Seal brands sighted (to February 1953),456083,P1556,HEARD ISLAND 1953,1950 – 1953,2026-07-24
Pattern for tent made from Ventile,456081,P1556,HEARD ISLAND 1953,1953 – 1953,2026-07-24
Canberra Commemorative stamp,352227,MP341/1,1927/7506,1927 – 1952,2026-07-24
Canberra Commemorative stamp,352220,MP341/1,1927/4241,1927 – 1927,2026-07-24
Heard Island 1953-1954 - Master catalogue biological specimens [file cover only - refer to associated sub-items],32324187,P1556,HEARD ISLAND 1953,1953 – 1954,2026-07-24
Heard Island lichens collected by J M Bechervaise 1953-1954,32324186,P1556,HEARD ISLAND 1953,1953 – 1954,2026-07-24
ANARE Heard Island 1953-1954 - Shells,32324185,P1556,HEARD ISLAND 1953,1953 – 1954,2026-07-24
ANARE Heard Island 1953-1954 - Sea-weeds - Not included in Master catalogue,32324184,P1556,HEARD ISLAND 1953,1953 – 1954,2026-07-24
Master catalogue vertebrates,456080,P1556,HEARD ISLAND 1953,1953 – 1954,2026-07-24
Heard Island 1953 - Birds [file cover only - refer to associated sub-items],32324171,P1556,HEARD ISLAND 1953,1953 – 1953,2026-07-24
Bird log - Heard Island 1953-54 - Observer Dr A [Arthur] M Gwynn,456077,P1556,HEARD ISLAND 1953,1953 – 1953,2026-07-24
Bird sightings log - 1953,456075,P1556,HEARD ISLAND 1953,1953 – 1954,2026-07-24
MEREL Mendel born 27 November 1901; Cascilie age 32; Nelli Evelin age 8; Lothar age 4; nationality Stateless; travelled per NIAGARA arriving in Sydney on 9 April 1938,6827547,A12508,56/252,1938 – 1938,2026-07-24
SPRECACENERE Domenico - born 30 July 1939 - 1966 under General Assisted Passage Scheme [imposed Nominal Roll],5275732,A2559,1966/ZR/981,1966 – 1966,2026-07-24
IVANIC Jeremije born 18 March 1919; Eva Maria Martha born 30 June 1925; Andreja born 18 May 1949,5486714,A12044,1243-1245,1950 – 1950,2026-07-24
KUPAJ Antoni born 13 February 1920; Lucyna born 27 August 1926,4710557,A11941,2099-2100,1949 – 1949,2026-07-24
STEFANAC Ivan born 18 October 1905; Rosa born 8 October 1914; Branko born 1 November 1936; Marian born 22 August 1942; Maria born 14 November 1943; Iwan born 2 March 1946,4677917,A11937,870-875,1949 – 1949,2026-07-24
DULINSKAS Viktoras born 27 July 1915; Anele born 6 August 1922; Vida born 29 January 1944,4705868,A11968,48-50,1948 – 1948,2026-07-24
CHABIERSKI Ignacy born 29 July 1922; Magdalena born 26 June 1926,4668416,A11924,807-808,1949 – 1949,2026-07-24
WOZNIAK Jozef born 15 May 1901; Anna born 12 November 1910; Maria born 14 May 1936; Zofia born 29 September 1944,4261855,A12014,1153-1156,1950 – 1950,2026-07-24
RACEK Stanislav born 7 April 1932 - travelled per ship FLAMINIA departing in 1959 under Intergovernmental Committee for European Migration,1457343,A2478,RACEK S,1959 – 1959,2026-07-24
"WOOLLARD James William : Service Number - A35889 : Date of Birth - 17/07/1923 : Place of Birth - Rushworth, VIC : Conflict - WW2",30697727,A12372,R/35889/H,1941 – 1953,2026-07-24
CIACHIN (nee Barletta) Maria born 2 August 1931 - Italian - travelled per ship SYDNEY departing in 1958 under Australian Italio Assisted Passage Scheme,1408663,A2478,CIACHIN M,1958 – 1958,2026-07-24
Bird ringing log 1953-1954,456073,P1556,HEARD ISLAND 1953,1953 – 1954,2026-07-24
Heard Is [Island] bird ringing register 1953-1954,456071,P1556,HEARD ISLAND 1953,1953 – 1954,2026-07-24
"[131/ Pack - HMS / HMAS VAMPIRE (I) - 'V' and 'W' Class Destroyer] [Low-level document, plan, or drawing]",32368656,MP551/1,131/36,1918 – 1918,2026-07-24
"[114/ Pack - HMAS AUSTRALIA (II) and HMAS CANBERRA (I) - 'KENT' CLASS HEAVY CRUISERS] [Low-level document, plan, or drawing]",32383788,MP551/1,114/154,1928 – 1928,2026-07-24
"[131/ Pack - HMS / HMAS VAMPIRE (I) - 'V' and 'W' Class Destroyer] [Low-level document, plan, or drawing]",32368639,MP551/1,131/20,1918 – 1918,2026-07-24
"[131/ Pack - HMS / HMAS VAMPIRE (I) - 'V' and 'W' Class Destroyer] [Low-level document, plan, or drawing]",32368632,MP551/1,131/13,1918 – 1918,2026-07-24
[114A/ Pack - HMAS AUSTRALIA (II) - 'KENT' CLASS HEAVY CRUISER - As Fitted] HMAS AUSTRALIA - General arrangement - As fitted - Hold plan [Dyeline on linen],32320970,MP551/1,114A/196A,1937 – 1937,2026-07-24
"HMAS PERTH - Plan of paravane arrangements (as fitted), part profile - Portsmouth Yard, Constructive Department, 28 Aug 1935 - Scale: 1/8 inch to 1 foot",32140681,MP551/1,137/P61,1935 – 1936,2026-07-24
"HMAS PERTH - Plan of flooding and spraying arrangements to magazines, ammunition lobbies and c (as fitted) - Portsmouth Yard, Constructive Department, 26 Sep 1935 - Sheet 1 of 2 - Scale: 1/4 inch to 1 foot",32140631,MP551/1,137/P13,1935 – 1939,2026-07-24
"HMAS PERTH - Plan of transport of spare armatures (as fitted) - Portsmouth Yard, Constructive Department, 16 Sep 1935 - Scale: 1/8 inch to 1 foot",32140680,MP551/1,137/P60,1935 – 1939,2026-07-24
"AMPHION, APOLLO and PHAETON - Plan of connection of forecastle and upper decks to ship's side shewing details of riveting -  Portsmouth Yard, Constructive Department, 17 Mar 1933 - Scale: 1/2 inch to 1 foot",32140620,MP551/1,137/B116,1933 – 1933,2026-07-24
"HMS APOLLO, HMS AMPHION and HMAS SYDNEY - Plan of turbo generator seating in after engine room - Devonport Yard, Constructive Department, 10 Mar 1934 - Scale: 1/2 inch to 1 foot",32140536,MP551/1,137/B41,1934 – 1934,2026-07-24
"[114/ Pack - HMAS AUSTRALIA (II) and HMAS CANBERRA (I) - 'KENT' CLASS HEAVY CRUISERS] [Low-level document, plan, or drawing]",32383851,MP551/1,114/372/1,1936 – 1936,2026-07-24
"[114/ Pack - HMAS AUSTRALIA (II) and HMAS CANBERRA (I) - 'KENT' CLASS HEAVY CRUISERS] [Low-level document, plan, or drawing]",32383826,MP551/1,114/354A,1933 – 1933,2026-07-24
"[114/ Pack - HMAS AUSTRALIA (II) and HMAS CANBERRA (I) - 'KENT' CLASS HEAVY CRUISERS] [Low-level document, plan, or drawing]",32383823,MP551/1,114/352,1932 – 1932,2026-07-24
"[114/ Pack - HMAS AUSTRALIA (II) and HMAS CANBERRA (I) - 'KENT' CLASS HEAVY CRUISERS] [Low-level document, plan, or drawing]",32383822,MP551/1,114/351,1929 – 1929,2026-07-24
"[114/ Pack - HMAS AUSTRALIA (II) and HMAS CANBERRA (I) - 'KENT' CLASS HEAVY CRUISERS] [Low-level document, plan, or drawing]",32383818,MP551/1,114/347,1938 – 1938,2026-07-24
"[114/ Pack - HMAS AUSTRALIA (II) and HMAS CANBERRA (I) - 'KENT' CLASS HEAVY CRUISERS] [Low-level document, plan, or drawing]",32383816,MP551/1,114/345,1931 – 1931,2026-07-24
"[114/ Pack - HMAS AUSTRALIA (II) and HMAS CANBERRA (I) - 'KENT' CLASS HEAVY CRUISERS] [Low-level document, plan, or drawing]",32383811,MP551/1,114/340,1930 – 1930,2026-07-24
"[134/ Pack - HMS / HMAS WATERHEN (I) - 'V' and 'W' Class Destroyer] [Low-level document, plan, or drawing]",32368768,MP551/1,134/24,1918 – 1918,2026-07-24
"PERTH - Plan of platform deck (as fitted) - Portsmouth Yard, Constructive Department, 26 Aug 1936 - Sheet 6 of 8 - Scale: 1/8 inch to 1 foot",32140600,MP551/1,137/6P2,1936 – 1936,2026-07-24
"HMS APOLLO and HMAS SYDNEY - Steamship drawing 24149 of modification to aerial rig, separated aerials",32140444,MP551/1,137/18 [1],1938 – 1938,2026-07-24
Heard Island 1953 - Seals [file cover only - refer to associated sub-items],32324170,P1556,HEARD ISLAND 1953,1953 – 1954,2026-07-24
Seals sighting log 1953-54 [1953-1954] - Observer A [Arthur] M Gwynn,456069,P1556,HEARD ISLAND 1953,1953 – 1954,2026-07-24
Seal branding 1953,456066,P1556,HEARD ISLAND 1953,1953 – 1953,2026-07-24
R.J. Cooper - of Melville Is. Charges made against,50225,A3,NT1916/245,1914 – 1916,2026-07-24
VAN HOOF PETER H M  - [Box 191],202824023,D400,SA1961/2039,1954 – 1961,2026-07-24
CAVUOTO Maria,202826707,D400,SA1963/1816,1962 – 1967,2026-07-24
"TERCZAK, ANDRZEJ and ANNA ELIZABETH - Application for Release and Naturalisation [Box 42]",202813021,D400,SA1956/6347,1949 – 1957,2026-07-24
Korean campaign - Technical term for Korean hostilities - ,98252,A462,443/1/15,1951 – 1952,2026-07-23
Applicant - BLAZ Matic; Nominee - MATIC Mrs; MATIC Miss; MATIC Master; nationality Yugoslavian,8183655,A261,1933/52,1933 – 1933,2026-07-23
Lubel,803393,A444,1951/16/1828,1951 – 1954,2026-07-23
Applicant - RIZOS Jean N [aka John RIZOS]; Nominee - RIZOS Andonios; nationality Greek,7878886,A261,1946/3854,1946 – 1946,2026-07-23
Applicant - GRANATA Luigi; Nominee - CAMPANARO; GRANATA Raffaele; Biagio; Francesco; nationality Italian,7868843,A261,1950/242,1950 – 1950,2026-07-23
Applicant - GRANATA Luigi; Nominee - MELE Francesco; nationality Italian,7868842,A261,1950/241,1950 – 1950,2026-07-23
LATORRE Ruben Alejandro; Mirtha Isabel; Paola - Chilean,7762724,A446,1971/30361,1971 – 1971,2026-07-23
RAGUZ Dragutin born 17 March 1944 - Yugoslavian,7641909,A2562,1970/5856,1969 – 1970,2026-07-23
"Whitemark, Flinders Island, Tas - Proposed acquisition - aeradio station site",6976568,A6074,PO2764,1940 – 1941,2026-07-23
WSZOLA Stanislaw born 12 January 1921; Stanislawa born 24 May 1921; Henryk born 8 April 1945; Zdzislaw born 25 May 1947,5308988,A12045,284-287,1950 – 1950,2026-07-23
KOSHYK Ivan DOB 19 January 1914; Maria DOB 12 August 1909,5124866,A11855,488-489,1948 – 1948,2026-07-23
JUTRISA Josip born 13 February 1926,4440537,A12017,1171,1950 – 1950,2026-07-23
BILYNSKYJ Wladimir DOB 27 July 1910; Irene DOB 29 November 1913; Tamara DOB 6 February 1947; KLYM Marie DOB 7 December 1874,4213282,A11627,R37-R40,1949 – 1949,2026-07-23
"DRAPER Haden Maurice : Service Number - O17914 : Date of Birth - 21/10/1921 : Place of Birth - , ORANGE : Conflict - nsW, ww2",30933378,A12372,R/17914/H,1942 – 1980,2026-07-23
"LYON Maxwell Thomas : Service Number - O222655 : Date of Birth - 13/04/1944 : Place of Birth - Camperdown, NSW : Conflict - Vietnam",30717938,A12372,R/222655/H,1968 – 2003,2026-07-23
"EDWARDS John Joseph : Service Number - A118172 : Date of Birth - 26-Apr-50 : Place of Birth - Brisbane,QLD,  : Conflict - Vietnam",30503123,A12372,R/118172/P,1967 – 1971,2026-07-23
"Hlasek, J M L",1950777,A443,1952/15/2139,1950 – 1952,2026-07-23
"ROSI, Mario Luigi Giuseppe",14546293,A8425,F1993/122433,1993 – 1993,2026-07-23
HOLTZ Meinhard born 16 March 1931; Hilda (nee Knitsch) born 3 June 1931; Erika born 5 September 1952; Ursula born 12 December 1953 - German - travelled per ship SKAUBRYN departing in 1957,1433787,A2478,HOLTZ M,1957 – 1957,2026-07-23
William Thomas BOZEAT [Pay Allotment Cards (Enlisted Members Australian Army - World War 1)],990774,ST1910/4,NN,1916 – 1918,2026-07-23
Application for the registration of design by Alexander Lubgins for Abacus - Class 3,9798104,A1337,28633,1950 – 1950,2026-07-23
"Kirk, Laurie [Box 548]",9648066,C123,18446,1942 – 1942,2026-07-23
Riccardo Grum [Yugoslavian - Arrived Fremantle per SKAUGUM 25 September 1950],9407207,SP908/1,YUGOSLAVIAN/GRUM RICCARDO,1950 – 1968,2026-07-23
Elias Georgeos Toomeh [Syrian - Arrived Sydney per SYDNEY 17 January 1964],9398400,SP908/1,SYRIAN/TOOMEH ELIAS GEORGEOS,1964 – 1968,2026-07-23
"Alexandra Pantazis [Other nationality: Albania, Stateless - Arrived Sydney per PATRIS 10 May 1960]",9393891,SP908/1,STATELESS/PANTAZIS ALEXANDRA,1960 – 1968,2026-07-23
"Gaetana Del Monte [Also known as: Del Giudice, Italian - Arrived Melbourne per SYDNEY 16 September 1958]",8806220,SP908/1,ITALIAN/DEL MONTE GAETANA,1958 – 1968,2026-07-23
Graziella Rosetta Crapis [Italian - Arrived Sydney per CONTE GRANDE 14 January 1961],8805096,SP908/1,ITALIAN/CRAPIS GRAZIELLA ROSETTA,1961 – 1968,2026-07-23
"Luigia Busnello [Also known as: Putton, Italian - Arrived Melbourne per FLAMINIA 22 October 1957]",8796843,SP908/1,ITALIAN/BUSNELLO LUIGIA,1957 – 1968,2026-07-23
Rocco Pulitano [Italian - Arrived Sydney per GALILEO GALILEI 8 April 1964],8762444,SP908/1,ITALIAN/PULITANO ROCCO,1964 – 1968,2026-07-23
Blinco Noel Edward - private - service number DX671 [enlisted at Darwin - 2nd AIF - WWII pay folder - includes pay ledger and history card],755176,D4385,DX671,1942 – 1946,2026-07-23
"Lieselotte Gertrud Krueger [Also known as: Kruger, German - Arrived Melbourne per ANNA SALEN 18 April 1953]",7535293,SP908/1,GERMAN/KRUEGER LIESELOTTE GERTRUD,1953 – 1968,2026-07-23
"Piu, Giuseppe[Italian migrant, naturalization file] [ box 5377]	",7530377,SP1122/1,N1960/50628,1960 – 1961,2026-07-23
"Andrew Wong See, Jack Yep, Mon Zuey, Ah Sam, Leong Moi, Hun See Moy, Ah Bung, Ah Wing, Lee Say and Moy Kwong [Certificate Exempting from Dictation Test - includes left hand impression and photographs] [box 142]",7288200,ST84/1,1921/314/71-80,1921 – 1921,2026-07-23
"Nash, Vivian George [Citizen Military Forces pay file]",3397269,P806,T21243,1940 – 1949,2026-07-23
"Viktoria Hotzel [German - arrived Sydney per NAPOLI, 19 May 1949] [Box 510]",31886861,SP1121/1,"HOTZEL, VIKTORIA",1949 – 1949,2026-07-23
"SN Takasuka [Correspondence with the Japanese Consul General in Australia. Only one page of this file relates to SN Takasuka. The remainder contains documentation from Kenji Kodama, requests from the Consulate to the Japanese Government for increased funds for publicity and intelligence purposes, notes on Consulate expenditure, notes on author Charles Cooper, and details of expenditure from the Consulate's 'Entertainment' and 'Top Secret' funds.] [1cm; box 4]",312037,C443,J52,1939 – 1946,2026-07-23
"Evangelios Cossenas [also known as Evangelios Michael Cossenas] [Greek - arrived Sydney per SEBASTIANO CABOTO, 10 August 1949] [Box 220]",30511184,SP1121/1,"COSSENAS, EVANGELIOS",1949 – 1955,2026-07-23
"Cornelius Josephus Conyn [formerly known as Konyn] [also known Hidore Joseph Konyn] [Dutch - arrived Brisbane per TASMAN, 13 April 1946] [Box 216]",30511055,SP1121/1,"CONYN, CORNELIUS JOSEPHUS",1946 – 1951,2026-07-23
"Garling, Septimus Williams",22298118,D3201,NS2389,1951 – 1968,2026-07-23
"Rivett, Robert John - Service Number 3/2251 [Korean War DVA Victoria medical case file - includes medical documents folder for service; box 17]",203341476,B5270,VMKM05204-01,1949 – 2010,2026-07-23
"Hobday, Jack - service number VX300926, date of birth 31 December 1913 [DVA WWII medical case file; box 15]",202951644,B26,VMX001407-01,1940 – 1940,2026-07-23
WATERS Christopher John [born in 1958],202830117,D399,S1976/4616,1976 – 1976,2026-07-23
"Overseas Cafe, 21 Pitt Street, Sydney [Immigration correspondence file] [0.5cm; box 76]",1671706,SP1122/1,N1952/24/51,1949 – 1955,2026-07-23
"Krol, Helena [Polish migrant born on 24 October 1926 - Immigration NSW office naturalization case file - includes incoming passenger card and alien registration form with a black and white photograph]",16077503,SP1122/1,N1961/34426,1949 – 1961,2026-07-23
"Krol, Wladyslaw [Polish migrant born on 15 April 1920 - Immigration NSW office naturalization case file - includes incoming passenger card and alien registration form with a black and white photograph]",16077502,SP1122/1,N1961/34425,1949 – 1961,2026-07-23
"Cipolla, Girolamo [Italian migrant born on 24 June 1895 - Immiration NSW office naturalization case file - includes alien registrtion form with a black and white photograph]",13047169,SP1122/1,N1963/12232,1958 – 1963,2026-07-23
"Gregory, Georgina [formerly known as Gyorgyi Gergely - elsewhere written as Gyorgyike Gergely - born in Budapest Hungary on 2 January 1921 - Immigration NSW office naturalization case file - includes alien registration form with a black and white photograph]",16185074,SP1122/1,N1961/36770,1957 – 1966,2026-07-23
"Backer, Jack Cornelis Pieter [formerly known as Cornelis Pieter Bakker - Dutch migrant born in 1934] - Backer, Robert Marc [formerly known as Bakker, Robert Marc - born in 1962] - Immigration NSW office citizenship case file]",16086882,SP1122/1,N1958/10310,1957 – 1964,2026-07-23
Noble M,12098912,K26,HX44930 V1 (4),1956 – 1994,2026-07-23
Incoming passenger list for LA PEROUSE arriving Sydney 3 December 1930,60199321,A907,1930/12/4,1930 – 1930,2026-07-23
Incoming passenger list for ORFORD arriving Sydney 3 December 1930,60199320,A907,1930/12/3,1930 – 1930,2026-07-23
Incoming passenger list for MARSINA arriving Sydney 3 December 1930,60199319,A907,1930/12/2,1930 – 1930,2026-07-23
Incoming passenger list for ORAMA arriving  Adelaide 15 November 1930,60199295,A907,1930/11/92,1930 – 1930,2026-07-23
Incoming passenger list for BALRANALD arriving  Adelaide 14 November 1930,60199294,A907,1930/11/91,1930 – 1930,2026-07-23
Incoming passenger list for NECKAR arriving  Adelaide 8 November 1930,60199293,A907,1930/11/90,1930 – 1930,2026-07-23
Incoming passenger list for ORONOSAY arriving  Adelaide 1 November 1930,60199292,A907,1930/11/89,1930 – 1930,2026-07-23
Incoming passenger list for MALABAR arriving Townsville 17 November 1930,60199291,A907,1930/11/88,1930 – 1930,2026-07-23
Incoming passenger list for NELLORE arriving Townsville 17 November 1930,60199290,A907,1930/11/87,1930 – 1930,2026-07-23
Incoming passenger list for TALLEYRAND arriving Townsville 6 November 1930,60199289,A907,1930/11/86,1930 – 1930,2026-07-23
Incoming passenger list for CHANGTE arriving Townsville 3 November 1930,60199288,A907,1930/11/85,1930 – 1930,2026-07-23
Incoming passenger list for ARAMIA arriving Thursday Island 17 November 1930,60199287,A907,1930/11/84,1930 – 1930,2026-07-23
Incoming passenger list for AKI MARU arriving Thursday Island 3 November 1930,60199286,A907,1930/11/83,1930 – 1930,2026-07-23
Incoming passenger list for NELLORE arriving Cairns 16 November 1930,60199285,A907,1930/11/82,1930 – 1930,2026-07-23
Incoming passenger list for MORINDA arriving Cairns 10 November 1930,60199284,A907,1930/11/81,1930 – 1930,2026-07-23
Incoming passenger list for CHANGTE arriving Cairns 2 November 1930,60199283,A907,1930/11/80,1930 – 1930,2026-07-23
Incoming passenger list for SAINT VINCENT DE PAUL arriving Bowen 14 November 1930,60199282,A907,1930/11/79,1930 – 1930,2026-07-23
Incoming passenger list for SAINT JOSEPH arriving Bowen 2 October 1930,60199281,A907,1930/11/78,1930 – 1930,2026-07-23
Incoming passenger list for BALRANALD arriving Brisbane 27 November 1930,60199280,A907,1930/11/77,1930 – 1930,2026-07-23
Incoming passenger list for ORAMA arriving Brisbane 24 November 1930,60199279,A907,1930/11/76,1930 – 1930,2026-07-23
Incoming passenger list for NELLORE arriving Brisbane 20 November 1930,60199278,A907,1930/11/75,1930 – 1930,2026-07-23
Incoming passenger list for MALABAR arriving Brisbane 20 November 1930,60199277,A907,1930/11/74,1930 – 1930,2026-07-23
Incoming passenger list for CANADIAN CONQUEROR arriving Brisbane 17 November 1930,60199276,A907,1930/11/73,1930 – 1930,2026-07-23
Incoming passenger list for NECKAR arriving Brisbane 17 November 1930,60199275,A907,1930/11/72,1930 – 1930,2026-07-23
Incoming passenger list for HOBSONS BAY arriving Brisbane 17 November 1930,60199274,A907,1930/11/71,1930 – 1930,2026-07-23
Incoming passenger list for CATHAY arriving Brisbane 17 November 1930,60199273,A907,1930/11/70,1930 – 1930,2026-07-23
Incoming passenger list for TALLEYRAND arriving Brisbane 13 November 1930,60199272,A907,1930/11/69,1930 – 1930,2026-07-23
Incoming passenger list for MORINDA arriving Brisbane 13 November 1930,60199271,A907,1930/11/68,1930 – 1930,2026-07-23
Incoming passenger list for MATARAM Brisbane 13 November 1930,60199270,A907,1930/11/67,1930 – 1930,2026-07-23
Incoming passenger list for ORONSAY arriving Brisbane 10 November 1930,60199269,A907,1930/11/66,1930 – 1930,2026-07-23
Incoming passenger list for VIMINALE arriving Brisbane 10 November 1930,60199268,A907,1930/11/65,1930 – 1930,2026-07-23
Incoming passenger list for CITY OF RAYVILLE arriving Brisbane 9 November 1930,60199267,A907,1930/11/64,1930 – 1930,2026-07-23
Incoming passenger list for ASCANIUS arriving Brisbane 9 November 1930,60199266,A907,1930/11/63,1930 – 1930,2026-07-23
Incoming passenger list for AKI MARU arriving Brisbane 8 November 1930,60199265,A907,1930/11/62,1930 – 1930,2026-07-23
Incoming passenger list for CHANGTE arriving Brisbane 6 November 1930,60199264,A907,1930/11/61,1930 – 1930,2026-07-23
Incoming passenger list for BARRABOOL arriving Brisbane 5 November 1930,60199263,A907,1930/11/60,1930 – 1930,2026-07-23
Incoming passenger list for NIEUW ZEELAND arriving Brisbane 4 November 1930,60199262,A907,1930/11/59,1930 – 1930,2026-07-23
Incoming passenger list for NARKUNDA arriving Brisbane 3 November 1930,60199261,A907,1930/11/58,1930 – 1930,2026-07-23
Incoming passenger list for TALLEYRAND arriving Geelong 18 November 1930,60199260,A907,1930/11/57,1930 – 1930,2026-07-23
Incoming passenger list for NELLORE arriving Melbourne 27 November 1930,60199259,A907,1930/11/56,1930 – 1930,2026-07-23
Incoming passenger list for SIRSA arriving Melbourne 28 November 1930,60199258,A907,1930/11/55,1930 – 1930,2026-07-23
Incoming passenger list for REMO arriving Melbourne 25 November 1930,60199257,A907,1930/11/54,1930 – 1930,2026-07-23
Incoming passenger list for MALABAR arriving Melbourne 26 November 1930,60199256,A907,1930/11/53,1930 – 1930,2026-07-23
Incoming passenger list for PORT WELLINGTON arriving Melbourne 26 November 1930,60199255,A907,1930/11/52,1930 – 1930,2026-07-23
Incoming passenger list for VILLE D'AMIENS arriving Melbourne 21 November 1930,60199254,A907,1930/11/51,1930 – 1930,2026-07-23
Incoming passenger list for MOOLTAN Melbourne 24 November 1930,60199253,A907,1930/11/50,1930 – 1930,2026-07-23
Incoming passenger list for THERMISTOCLES arriving Melbourne 19 November 1930,60199252,A907,1930/11/49,1930 – 1930,2026-07-23
Incoming passenger list for KARAMER arriving Melbourne 19 November 1930,60199251,A907,1930/11/48,1930 – 1930,2026-07-23
Incoming passenger list for ORAMA arriving Melbourne 15 November 1930,60199250,A907,1930/11/47,1930 – 1930,2026-07-23
Incoming passenger list for BALRANALD arriving Melbourne 17 November 1930,60199249,A907,1930/11/46,1930 – 1930,2026-07-23
Incoming passenger list for NAURU CHIEF Melbourne 16 November 1930,60199248,A907,1930/11/45,1930 – 1930,2026-07-23
Incoming passenger list for MAHENO arriving Melbourne 15 November 1930,60199247,A907,1930/11/44,1930 – 1930,2026-07-23
Incoming passenger list for CHANGTE arriving Melbourne 13 November 1930,60199246,A907,1930/11/43,1930 – 1930,2026-07-23
Incoming passenger list for CLYDEBANK arriving Melbourne 10 November 1930,60199245,A907,1930/11/42,1930 – 1930,2026-07-23
Incoming passenger list for CATHAY arriving Melbourne 10 November 1930,60199244,A907,1930/11/41,1930 – 1930,2026-07-23
Incoming passenger list for NECKAR arriving Melbourne 9 November 1930,60199243,A907,1930/11/40,1930 – 1930,2026-07-23
Incoming passenger list for NAGINA arriving Melbourne 7 November 1930,60199242,A907,1930/11/39,1930 – 1930,2026-07-23
Incoming passenger list for HOBSONS BAY arriving Melbourne 6 November 1930,60199241,A907,1930/11/38,1930 – 1930,2026-07-23
Incoming passenger list for ORONSAY arriving Melbourne 3 November 1930,60199240,A907,1930/11/37,1930 – 1930,2026-07-23
Incoming passenger list for FERNDALE arriving Sydney 18 November 1930,60199239,A907,1930/11/36,1930 – 1930,2026-07-23
Incoming passenger list for PORT WELLINGTON arriving Sydney 30 November 1930,60199238,A907,1930/11/35,1930 – 1930,2026-07-23
Incoming passenger list for KYOKKOH MARU arriving Sydney 29 November 1930,60199237,A907,1930/11/34,1930 – 1930,2026-07-23
Incoming passenger list for VILLE D'AMIENS arriving Sydney 28 November 1930,60199236,A907,1930/11/33,1930 – 1930,2026-07-23
Incoming passenger list for REMO Sydney 28 November 1930,60199235,A907,1930/11/32,1930 – 1930,2026-07-23
Incoming passenger list for MOOLTAN arriving Sydney 27 November 1930,60199234,A907,1930/11/31,1930 – 1930,2026-07-23
Incoming passenger list for MARAMA arriving Sydney 25 November 1930,60199233,A907,1930/11/30,1930 – 1930,2026-07-23
Incoming passenger list for THEMISTOCLES arriving Sydney 22 November 1930,60199232,A907,1930/11/29,1930 – 1930,2026-07-23
Incoming passenger list for MAUNGANUI arriving Sydney 22 November 1930,60199231,A907,1930/11/28,1930 – 1930,2026-07-23
Incoming passenger list for NELLORE arriving Sydney 22 November 1930,60199230,A907,1930/11/27,1930 – 1930,2026-07-23
Incoming passenger list for MAL0LO living Sydney 22 November 1930,60199229,A907,1930/11/26,1930 – 1930,2026-07-23
Incoming passenger list for MALABAR arriving Sydney 22 November 1930,60199228,A907,1930/11/25,1930 – 1930,2026-07-23
Incoming passenger list for BALRANALD arriving Sydney 20 November 1930,60199227,A907,1930/11/24,1930 – 1930,2026-07-23
Incoming passenger list for ORAMA arriving Sydney 20 November 1930,60199226,A907,1930/11/23,1930 – 1930,2026-07-23
Incoming passenger list for FRANKLIN arriving Sydney 19 November 1930,60199225,A907,1930/11/22,1930 – 1930,2026-07-23
Incoming passenger list for MAKAMBO arriving Sydney 19 November 1930,60199224,A907,1930/11/21,1930 – 1930,2026-07-23
Incoming passenger list for TEMPLAR arriving Sydney 19 November 1930,60199222,A907,1930/11/19,1930 – 1930,2026-07-23
Incoming passenger list for PORT CAMPBELL arriving Sydney 17 November 1930,60199221,A907,1930/11/18,1930 – 1930,2026-07-23
Incoming passenger list for MATARAM arriving Sydney 15 November 1930,60199220,A907,1930/11/17,1930 – 1930,2026-07-23
Incoming passenger list for MORINDA arriving Sydney 15 November 1930,60199219,A907,1930/11/16,1930 – 1930,2026-07-23
Incoming passenger list for CATHAY arriving Sydney 13 November 1930,60199218,A907,1930/11/15,1930 – 1930,2026-07-23
Incoming passenger list for TROILUS arriving Sydney 13 November 1930,60199217,A907,1930/11/14,1930 – 1930,2026-07-23
Incoming passenger list for SONOMA arriving Sydney 13 November 1930,60199216,A907,1930/11/13,1930 – 1930,2026-07-23
Incoming passenger list for MONTORO arriving Sydney 12 November 1930,60199215,A907,1930/11/12,1930 – 1930,2026-07-23
Incoming passenger list for NECKAR arriving Sydney 12 November 1930,60199214,A907,1930/11/11,1930 – 1930,2026-07-23
Incoming passenger list for MARAMA arriving Sydney 11 November 1930,60199213,A907,1930/11/10,1930 – 1930,2026-07-23
Incoming passenger list for HOBSONS BAY Sydney 10 November 1930,60199212,A907,1930/11/9,1930 – 1930,2026-07-23
Incoming passenger list for AKI MARU arriving Sydney 10 November 1930,60199211,A907,1930/11/8,1930 – 1930,2026-07-23
Incoming passenger list for NIAGARA arriving Sydney 8 November 1930,60199210,A907,1930/11/7,1930 – 1930,2026-07-23
Incoming passenger list for CITY OF RAYVILLE arriving Sydney 9 November 1930,60199209,A907,1930/11/6,1930 – 1930,2026-07-23
Incoming passenger list for ORONSAY arriving Sydney 6 November 1930,60199208,A907,1930/11/5,1930 – 1930,2026-07-23
Incoming passenger list for CHANGTE arriving Sydney 6 November 1930,60199207,A907,1930/11/4,1930 – 1930,2026-07-23
Incoming passenger list for NIEUW ZEELAND arriving Sydney 7 November 1930,60199206,A907,1930/11/3,1930 – 1930,2026-07-23
Incoming passenger list for ULIMAROA arriving Sydney 4 November 1930,60199205,A907,1930/11/2,1930 – 1930,2026-07-23
Incoming passenger list for MAKAMBO arriving Sydney 8 November 1930,60199204,A907,1930/11/1,1930 – 1930,2026-07-23
Incoming passenger list for MINDEROO arriving Carnarvon 26 October 1930,60199203,A907,1930/10/128,1930 – 1930,2026-07-23
Incoming passenger list for MINDEROO  arriving Geraldton 27 October 1930,60199202,A907,1930/10/127,1930 – 1930,2026-07-23
Incoming passenger list for MINDEROO  arriving Broome 21 October 1930,60199201,A907,1930/10/126,1930 – 1930,2026-07-23
Incoming passenger list for HOBSONS BAY  arriving Fremantle 30 October 1930,60199200,A907,1930/10/125,1930 – 1930,2026-07-23
Incoming passenger list for MINDEROO  arriving Fremantle 29 October 1930,60199199,A907,1930/10/124,1930 – 1930,2026-07-23
Incoming passenger list for ORONSAY  arriving Fremantle 28 October 1930,60199198,A907,1930/10/123,1930 – 1930,2026-07-23
Incoming passenger list for TANCRED  arriving Fremantle 21 October 1930,60199197,A907,1930/10/122,1930 – 1930,2026-07-23
Incoming passenger list for NARKUNDA  arriving Fremantle 21 October 1930,60199196,A907,1930/10/121,1930 – 1930,2026-07-23
Incoming passenger list for CEPHEE  arriving Fremantle 20 October 1930,60199195,A907,1930/10/120,1930 – 1930,2026-07-23
Incoming passenger list for BARRANBOOL  arriving Fremantle 20 October 1930,60199194,A907,1930/10/119,1930 – 1930,2026-07-23
Incoming passenger list for ASCANIUS  arriving Fremantle 19 October 1930,60199193,A907,1930/10/118,1930 – 1930,2026-07-23
Incoming passenger list for VIMINALE  arriving Fremantle 19 October 1930,60199192,A907,1930/10/117,1930 – 1930,2026-07-23
Incoming passenger list for ORONTES  arriving Fremantle 14 October 1930,60199191,A907,1930/10/116,1930 – 1930,2026-07-23
Incoming passenger list for MONGOLIA  arriving Fremantle 6 October 1930,60199190,A907,1930/10/115,1930 – 1930,2026-07-23
Incoming passenger list for TALLEYRAND  arriving Fremantle 4 October 1930,60199189,A907,1930/10/114,1930 – 1930,2026-07-23
Incoming passenger list for MORETON BAY  arriving Fremantle 2 October 1930,60199188,A907,1930/10/113,1930 – 1930,2026-07-23
Incoming passenger list for ORVIETO  arriving Fremantle 4 October 1930,60199187,A907,1930/10/112,1930 – 1930,2026-07-23
Incoming passenger list for TALLYRAND  arriving Port Pirie 8 October 1930,60199186,A907,1930/10/111,1930 – 1930,2026-07-23
Incoming passenger list for VIMINALE arriving  Adelaide 29 October 1930,60199185,A907,1930/10/110,1930 – 1930,2026-07-23
Incoming passenger list for MAGDEBURG arriving  Adelaide 29 October 1930,60199184,A907,1930/10/109,1930 – 1930,2026-07-23
Incoming passenger list for CEPHEE arriving  Adelaide 25 October 1930,60199183,A907,1930/10/108,1930 – 1930,2026-07-23
Incoming passenger list for QUEDA arriving  Adelaide 25 October 1930,60199182,A907,1930/10/107,1930 – 1930,2026-07-23
Incoming passenger list for NARKUNDA arriving  Adelaide 25 October 1930,60199181,A907,1930/10/106,1930 – 1930,2026-07-23
Incoming passenger list for BARRABOOL arriving Adelaide 24 October 1930,60199180,A907,1930/10/105,1930 – 1930,2026-07-23
Incoming passenger list for ASCANIUS arriving  Adelaide 24 October 1930,60199179,A907,1930/10/104,1930 – 1930,2026-07-23
Incoming passenger list for ORONTES arriving  Adelaide 11 October 1930,60199178,A907,1930/10/103,1930 – 1930,2026-07-23
Incoming passenger list for MONGOLIA arriving  Adelaide 11 October 1930,60199177,A907,1930/10/102,1930 – 1930,2026-07-23
Incoming passenger list for MORETON BAY arriving  Adelaide 7 October 1930,60199176,A907,1930/10/101,1930 – 1930,2026-07-23
Incoming passenger list for ORVIETO arriving  Adelaide 4 October 1930,60199175,A907,1930/10/100,1930 – 1930,2026-07-23
Incoming passenger list for SAALE arriving Adelaide 30 October 1930,60199174,A907,1930/10/98,1930 – 1930,2026-07-23
Incoming passenger list for SAINT ALBANS arriving Townsville 18 October 1930,60199173,A907,1930/10/97,1930 – 1930,2026-07-23
Incoming passenger list for TAIPING arriving Townsville 7 October 1930,60199172,A907,1930/10/96,1930 – 1930,2026-07-23
Incoming passenger list for CHANGTE arriving Thursday Island 31 October 1930,60199171,A907,1930/10/95,1930 – 1930,2026-07-23
Incoming passenger list for ATSUTA MARU arriving Thursday Island 6 October 1930,60199170,A907,1930/10/94,1930 – 1930,2026-07-23
Incoming passenger list for ARAMIA arriving Thursday Island 6 October 1930,60199169,A907,1930/10/93,1930 – 1930,2026-07-23
Incoming passenger list for TAIPING arriving Cairns 6 October 1930,60199168,A907,1930/10/92,1930 – 1930,2026-07-23
Incoming passenger list for MORINDA arriving Cairns 13 October 1930,60199167,A907,1930/10/91,1930 – 1930,2026-07-23
Incoming passenger list for ORONTES arriving Brisbane 27 October 1930,60199166,A907,1930/10/90,1930 – 1930,2026-07-23
Incoming passenger list for MARELLA arriving Brisbane 22 October 1930,60199165,A907,1930/10/89,1930 – 1930,2026-07-23
Incoming passenger list for SAINT ALBANS arriving Brisbane 21 October 1930,60199164,A907,1930/10/88,1930 – 1930,2026-07-23
Incoming passenger list for MONGOLIA arriving Brisbane 20 October 1930,60199163,A907,1930/10/87,1930 – 1930,2026-07-23
Incoming passenger list for MORETON BAY arriving Brisbane 20 October 1930,60199162,A907,1930/10/86,1930 – 1930,2026-07-23
Incoming passenger list for CANADIAN COMMANDER arriving Brisbane 19 October 1930,60199161,A907,1930/10/85,1930 – 1930,2026-07-23
Incoming passenger list for MORINDA arriving Brisbane 16 October 1930,60199160,A907,1930/10/84,1930 – 1930,2026-07-23
Incoming passenger list for PORT HARDY arriving Brisbane 15 October 1930,60199159,A907,1930/10/83,1930 – 1930,2026-07-23
Incoming passenger list for ORVIETO arriving Brisbane 13 October 1930,60199158,A907,1930/10/82,1930 – 1930,2026-07-23
Incoming passenger list for SAALE arriving Brisbane 11 October 1930,60199157,A907,1930/10/81,1930 – 1930,2026-07-23
Incoming passenger list for ATSUTA MARU arriving Brisbane 11 October 1930,60199156,A907,1930/10/80,1930 – 1930,2026-07-23
Incoming passenger list for TAIPING arriving Brisbane 10 October 1930,60199155,A907,1930/10/79,1930 – 1930,2026-07-23
Incoming passenger list for NALDERA arriving Brisbane 6 October 1930,60199154,A907,1930/10/78,1930 – 1930,2026-07-23
Incoming passenger list for ESQUILINO arriving Brisbane 6 October 1930,60199153,A907,1930/10/77,1930 – 1930,2026-07-23
Incoming passenger list for NIEUW HOLLAND arriving Brisbane 3 October 1930,60199152,A907,1930/10/76,1930 – 1930,2026-07-23
Incoming passenger list for MATARAM arriving Brisbane 2 October 1930,60199151,A907,1930/10/75,1930 – 1930,2026-07-23
Incoming passenger list for CEPHEE arriving Melbourne 27 October 1930,60199150,A907,1930/10/74,1930 – 1930,2026-07-23
Incoming passenger list for MALABAR arriving Melbourne 24 August 1928,9775143,A907,1928/8/51,1928 – 1928,2026-07-23
Incoming passenger list for BORDA arriving Melbourne 21 August 1928,9775142,A907,1928/8/50,1928 – 1928,2026-07-23
Incoming passenger list for AKI MARU arriving Melbourne 20 August 1928,9775141,A907,1928/8/49,1928 – 1928,2026-07-23
Incoming passenger list for COMORIN arriving Melbourne 20 August 1928,9775140,A907,1928/8/48,1928 – 1928,2026-07-23
Incoming passenger list for LAHN arriving Melbourne 18 August 1928,9775139,A907,1928/8/47,1928 – 1928,2026-07-23
Incoming passenger list for ESPERANCE BAY arriving Melbourne 17 August 1928,9775138,A907,1928/8/46,1928 – 1928,2026-07-23
Incoming passenger list for DEMOSTHENES arriving Melbourne 14 August 1928,9775137,A907,1928/8/45,1928 – 1928,2026-07-23
Incoming passenger list for PORT GISBORNE arriving Melbourne 10 August 1928,9775136,A907,1928/8/44,1928 – 1928,2026-07-23
Incoming passenger list for TAIPING arriving Melbourne 9 August 1928,9775135,A907,1928/8/43,1928 – 1928,2026-07-23
Incoming passenger list for NIEUW HOLLAND arriving Melbourne 9 August 1928,9775134,A907,1928/8/42,1928 – 1928,2026-07-23
Incoming passenger list for MOLDAVIA arriving Melbourne 7 August 1928,9775133,A907,1928/8/41,1928 – 1928,2026-07-23
Incoming passenger list for CITY OF DALHART arriving Melbourne 6 August 1928,9775132,A907,1928/8/40,1928 – 1928,2026-07-23
Incoming passenger list for BARRABOOL arriving Melbourne 3 August 1928,9775131,A907,1928/8/39,1928 – 1928,2026-07-23
Incoming passenger list for QUEEN OLGA arriving Newcastle 28 August 1928,9775130,A907,1928/8/38,1928 – 1928,2026-07-23
Incoming passenger list for MANGOLA arriving Newcastle 26 August 1928,9775129,A907,1928/8/37,1928 – 1928,2026-07-23
Incoming passenger list for AYMERIC arriving Newcastle 11 August 1928,9775128,A907,1928/8/36,1928 – 1928,2026-07-23
Incoming passenger list for AKI MARU arriving Sydney 15 August 1928,9775127,A907,1928/8/35,1928 – 1928,2026-07-23
Incoming passenger list for ULIMAROA arriving Sydney 14 August 1928,9775126,A907,1928/8/34,1928 – 1928,2026-07-23
Incoming passenger list for MIRRABOOKA arriving Sydney 12 August 1928,9775125,A907,1928/8/33,1928 – 1928,2026-07-23
Incoming passenger list for MOERAKI arriving Sydney 12 August 1928,9775124,A907,1928/8/32,1928 – 1928,2026-07-23
Incoming passenger list for BARRABOOL arriving Sydney 9 August 1928,9775123,A907,1928/8/31,1928 – 1928,2026-07-23
Incoming passenger list for MOLDAVIA arriving Sydney 11 August 1928,9775122,A907,1928/8/30,1928 – 1928,2026-07-23
Incoming passenger list for MORINDA arriving Sydney 8 August 1928,9775121,A907,1928/8/29,1928 – 1928,2026-07-23
Incoming passenger list for MARAMA arriving Sydney 7 August 1928,9775120,A907,1928/8/28,1928 – 1928,2026-07-23
Incoming passenger list for MAHENO arriving Sydney 7 August 1928,9775119,A907,1928/8/27,1928 – 1928,2026-07-23
Incoming passenger list for DUPLEIX arriving Sydney 6 August 1928,9775118,A907,1928/8/26,1928 – 1928,2026-07-23
Incoming passenger list for NIEUW HOLLAND  arriving 5 Sydney August 1928,9775117,A907,1928/8/25,1928 – 1928,2026-07-23
Incoming passenger list for TAIPING arriving Sydney 5 August 1928,9775116,A907,1928/8/24,1928 – 1928,2026-07-23
Incoming passenger list for MARSINA arriving Sydney 3 August 1928,9775115,A907,1928/8/23,1928 – 1928,2026-07-23
Incoming passenger list for CITY OF DALHART arriving Sydney 2 August 1928,9775114,A907,1928/8/22,1928 – 1928,2026-07-23
Incoming passenger list for OSTERLEY arriving Sydney 2 August 1928,9775113,A907,1928/8/21,1928 – 1928,2026-07-23
Incoming passenger list for ARENDSKERK arriving Sydney 26 August 1928,9775112,A907,1928/8/20,1928 – 1928,2026-07-23
Incoming passenger list for ORAMA arriving Sydney 29 August 1928,9775111,A907,1928/8/19,1928 – 1928,2026-07-23
Incoming passenger list for ULIMAROA arriving Sydney 28 August 1928,9775110,A907,1928/8/18,1928 – 1928,2026-07-23
Incoming passenger list for BORDA arriving Sydney 27 August 1928,9775109,A907,1928/8/17,1928 – 1928,2026-07-23
Incoming passenger list for ARAFURA arriving Sydney 26 August 1928,9775108,A907,1928/8/16,1928 – 1928,2026-07-23
Incoming passenger list for LAHN arriving Sydney 24 August 1928,9775107,A907,1928/8/15,1928 – 1928,2026-07-23
Incoming passenger list for COMORIN arriving Sydney 23 August 1928,9775106,A907,1928/8/14,1928 – 1928,2026-07-23
Incoming passenger list for DEMOSTHENES arriving Sydney 20 August 1928,9775105,A907,1928/8/13,1928 – 1928,2026-07-23
Incoming passenger list for HUNTINGDON arriving Sydney 21 August 1928,9775104,A907,1928/8/12,1928 – 1928,2026-07-23
Incoming passenger list for SAINT VINCENT DE PAUL arriving Sydney 21 August 1928,9775103,A907,1928/8/11,1928 – 1928,2026-07-23
Incoming passenger list for MAHENO arriving Sydney 21 August 1928,9775102,A907,1928/8/10,1928 – 1928,2026-07-23
Incoming passenger list for MARAMA arriving Sydney 21 August 1928,9775101,A907,1928/8/9,1928 – 1928,2026-07-23
Incoming passenger list for AUTOLYCUS arriving Sydney 20 August 1928,9775100,A907,1928/8/8,1928 – 1928,2026-07-23
Incoming passenger list for MONTORO arriving Sydney 19 August 1928,9775099,A907,1928/8/7,1928 – 1928,2026-07-23
Incoming passenger list for ESPERANCE BAY arriving Sydney 20 August 1928,9775098,A907,1928/8/6,1928 – 1928,2026-07-23
Incoming passenger list for MALABAR arriving Sydney 19 August 1928,9775097,A907,1928/8/5,1928 – 1928,2026-07-23
Incoming passenger list for NIAGARA arriving Sydney 18 August 1928,9775096,A907,1928/8/4,1928 – 1928,2026-07-23
Incoming passenger list for COMMANDANT DESTREMAN arriving Sydney 18 August 1928,9775095,A907,1928/8/3,1928 – 1928,2026-07-23
Incoming passenger list for PORT GISBORNE arriving Sydney 17 August 1928,9775094,A907,1928/8/2,1928 – 1928,2026-07-23
Incoming passenger list for SONOMA arriving Sydney 16 August 1928,9775093,A907,1928/8/1,1928 – 1928,2026-07-23
Incoming passenger list for MARELLA arriving Darwin 8 July 1928,9775092,A907,1928/7/121,1928 – 1928,2026-07-23
Incoming passenger list for CENTAUR arriving Cossack 21 July 1928,9775091,A907,1928/7/120,1928 – 1928,2026-07-23
Incoming passenger list for CENTAUR arriving Port Hedland 20 July 1928,9775090,A907,1928/7/119,1928 – 1928,2026-07-23
Incoming passenger list for CENTAUR arriving Broome 18 July 1928,9775089,A907,1928/7/118,1928 – 1928,2026-07-23
Incoming passenger list for MOLDAVIA arriving Fremantle 31 July 1928,9775088,A907,1928/7/117,1928 – 1928,2026-07-23
Incoming passenger list for CENTAUR arriving Fremantle 27 July 1928,9775087,A907,1928/7/116,1928 – 1928,2026-07-23
Incoming passenger list for HOBSONS BAY arriving Fremantle 13 July 1928,9775086,A907,1928/7/115,1928 – 1928,2026-07-23
Incoming passenger list for OSTERLEY arriving Fremantle 24 July 1928,9775085,A907,1928/7/114,1928 – 1928,2026-07-23
Incoming passenger list for BARRABOOL arriving Fremantle 22 July 1928,9775084,A907,1928/7/113,1928 – 1928,2026-07-23
Incoming passenger list for MONGOLIA arriving Fremantle 17 July 1928,9775083,A907,1928/7/112,1928 – 1928,2026-07-23
Incoming passenger list for PRINCIPE DI UDINE arriving Fremantle 15 July 1928,9775082,A907,1928/7/111,1928 – 1928,2026-07-23
Incoming passenger list for BERRIMA 3 ariving Fremantle 3 July 1928,9775081,A907,1928/7/110,1928 – 1928,2026-07-23
Incoming passenger list for MALOJA arriving Fremantle 3 July 1928,9775080,A907,1928/7/109,1928 – 1928,2026-07-23
Incoming passenger list for BARRABOOL arriving Adelaide 29 July 1928,9775079,A907,1928/7/108,1928 – 1928,2026-07-23
Incoming passenger list for CEPHEE arriving Adelaide 23 July 1928,9775078,A907,1928/7/107,1928 – 1928,2026-07-23
Incoming passenger list for MONGOLIA arriving Adelaide 22 July 1928,9775077,A907,1928/7/106,1928 – 1928,2026-07-23
Incoming passenger list for PRINCIPE DI UDINE arriving Adelaide 21 July 1928,9775076,A907,1928/7/105,1928 – 1928,2026-07-23
Incoming passenger list for HOBSONS BAY arriving Adelaide 18 July 1928,9775075,A907,1928/7/104,1928 – 1928,2026-07-23
Incoming passenger list for MOSEL arriving Adelaide 15 July 1928,9775074,A907,1928/7/103,1928 – 1928,2026-07-23
Incoming passenger list for BERRIMA arriving Adelaide 11 July 1928,9775073,A907,1928/7/102,1928 – 1928,2026-07-23
Incoming passenger list for MALOJA arriving Adelaide 8 July 1928,9775072,A907,1928/7/101,1928 – 1928,2026-07-23
Incoming passenger list for MAMILIUS arriving Adelaide 6 July 1928,9775071,A907,1928/7/100,1928 – 1928,2026-07-23
Incoming passenger list for MORETON BAY arriving Adelaide 2 July 1928,9775070,A907,1928/7/99,1928 – 1928,2026-07-23
Incoming passenger list for ORMONDE arriving Adelaide 2 July 1928,9775069,A907,1928/7/98,1928 – 1928,2026-07-23
Incoming passenger list for TAIPING arriving Townsville 31 July 1928,9775068,A907,1928/7/97,1928 – 1928,2026-07-23
Incoming passenger list for MARELLA arriving Townsville14 July 1928,9775067,A907,1928/7/96,1928 – 1928,2026-07-23
Incoming passenger list for TAIPING arriving Thursday Island 28 July 1928,9775066,A907,1928/7/95,1928 – 1928,2026-07-23
Incoming passenger list for ARAMIA arriving Thursday Island 24 July 1928,9775065,A907,1928/7/94,1928 – 1928,2026-07-23
Incoming passenger list for DOGAI arriving Thursday Island 23 July 1928,9775064,A907,1928/7/93,1928 – 1928,2026-07-23
Incoming passenger list for ST ALBANS arriving Thursday Island 14 July 1928,9775063,A907,1928/7/92,1928 – 1928,2026-07-23
Incoming passenger list for TANGO MARU arriving Thursday Island 2 July 1928,9775062,A907,1928/7/91,1928 – 1928,2026-07-23
Incoming passenger list for MARELLA arriving Thursday 11 Island July 1928,9775061,A907,1928/7/90,1928 – 1928,2026-07-23
Incoming passenger list for ST ALBANS arriving Cairns 16 July 1928,9775060,A907,1928/7/89,1928 – 1928,2026-07-23
Incoming passenger list for MORINDA arriving Brisbane 4 July 1928,9775059,A907,1928/7/88,1928 – 1928,2026-07-23
Incoming passenger list for TAIPING arriving Cairns 30 July 1928,9775058,A907,1928/7/87,1928 – 1928,2026-07-23
Incoming passenger list for HOBSONS BAY arriving Brisbane 30 July 1928,9775057,A907,1928/7/86,1928 – 1928,2026-07-23
Incoming passenger list for JOHN WILLIAMS arriving Brisbane 26 July 1928,9775056,A907,1928/7/85,1928 – 1928,2026-07-23
Incoming passenger list for MATARAM arriving Brisbane 26 July 1928,9775055,A907,1928/7/84,1928 – 1928,2026-07-23
Incoming passenger list for ST ALBANS arriving Brisbane 20 July 1928,9775054,A907,1928/7/83,1928 – 1928,2026-07-23
Incoming passenger list for MARELLA arriving Brisbane 17 July 1928,9775053,A907,1928/7/82,1928 – 1928,2026-07-23
Incoming passenger list for MORETON BAY arriving Brisbane 16 July 1928,9775052,A907,1928/7/81,1928 – 1928,2026-07-23
Incoming passenger list for SAWOKLA arriving Brisbane [UNDATED] July 1928,9775051,A907,1928/7/80,1928 – 1928,2026-07-23
Incoming passenger list for MANGOLA arriving Brisbane 10 July 1928,9775050,A907,1928/7/79,1928 – 1928,2026-07-23
Incoming passenger list for ORMONDE arriving Brisbane 9 July 1928,9775049,A907,1928/7/78,1928 – 1928,2026-07-23
Incoming passenger list for MORINDA arriving Brisbane 7 July 1928,9775048,A907,1928/7/77,1928 – 1928,2026-07-23
Incoming passenger list for TANGO MARU arriving Brisbane 7 July 1928,9775047,A907,1928/7/76,1928 – 1928,2026-07-23
Incoming passenger list for NIEUW ZEELAND arriving Brisbane 4 July 1928,9775046,A907,1928/7/75,1928 – 1928,2026-07-23
Incoming passenger list for CHANGTE arriving Brisbane 3 July 1928,9775045,A907,1928/7/74,1928 – 1928,2026-07-23
Incoming passenger list for SYDIC arriving Brisbane 2 July 1928,9775044,A907,1928/7/73,1928 – 1928,2026-07-23
Incoming passenger list for CITTA DI GENOVA arriving Brisbane 2 July 1928,9775043,A907,1928/7/72,1928 – 1928,2026-07-23
Incoming passenger list for LARGS BAY arriving Brisbane 2 July 1928,9775042,A907,1928/7/71,1928 – 1928,2026-07-23
Incoming passenger list for NAURU CHIEF arriving Geelong 3 July 1928,9775041,A907,1928/7/70,1928 – 1928,2026-07-23
Incoming passenger list for SAINT ALBANS arriving Melbourne 31 July 1928,9775040,A907,1928/7/69,1928 – 1928,2026-07-23
Incoming passenger list for PORT BRISBANE arriving Melbourne 31 July 1928,9775039,A907,1928/7/68,1928 – 1928,2026-07-23
Incoming passenger list for OSTERLEY arriving Melbourne 30 July 1928,9775038,A907,1928/7/67,1928 – 1928,2026-07-23
Incoming passenger list for TEMERAIRE arriving Melbourne 26 July 1928,9775037,A907,1928/7/66,1928 – 1928,2026-07-23
Incoming passenger list for WONGANELLA arriving Melbourne 26 July 1928,9775036,A907,1928/7/65,1928 – 1928,2026-07-23
Incoming passenger list for CEPHEE arriving Melbourne 24 July 1928,9775035,A907,1928/7/64,1928 – 1928,2026-07-23
Incoming passenger list for MONGOLIA arriving Melbourne 24 July 1928,9775034,A907,1928/7/63,1928 – 1928,2026-07-23
Incoming passenger list for PRINCIPE DI UDINE arriving Melbourne 24 July 1928,9775033,A907,1928/7/62,1928 – 1928,2026-07-23
Incoming passenger list for MARELLA arriving Melbourne 23 July 1928,9775032,A907,1928/7/61,1928 – 1928,2026-07-23
Incoming passenger list for HOBSONS BAY arriving Melbourne 20 July 1928,9775031,A907,1928/7/60,1928 – 1928,2026-07-23
Incoming passenger list for EKNAREN arriving Melbourne 7 July 1928,9775030,A907,1928/7/59,1928 – 1928,2026-07-23
Incoming passenger list for EMAEUS arriving Melbourne 19 July 1928,9775029,A907,1928/7/58,1928 – 1928,2026-07-23
Incoming passenger list for PORT HOBART arriving Melbourne 17 July 1928,9775028,A907,1928/7/57,1928 – 1928,2026-07-23
Incoming passenger list for TANGO MARU arriving Melbourne 16 July 1928,9775027,A907,1928/7/56,1928 – 1928,2026-07-23
Incoming passenger list for BERRIMA arriving Melbourne 14 July 1928,9775026,A907,1928/7/55,1928 – 1928,2026-07-23
Incoming passenger list for NIEUW ZEELAND arriving Melbourne 10 July 1928,9775025,A907,1928/7/54,1928 – 1928,2026-07-23
Incoming passenger list for MALOJA arriving Melbourne 10 July 1928,9775024,A907,1928/7/53,1928 – 1928,2026-07-23
Incoming passenger list for MAMILIUS arriving Melbourne 9 July 1928,9775023,A907,1928/7/52,1928 – 1928,2026-07-23
Incoming passenger list for CHANGTE arriving Melbourne 9 July 1928,9775022,A907,1928/7/51,1928 – 1928,2026-07-23
Incoming passenger list for MORETON BAY arriving Melbourne 4 July 1928,9775021,A907,1928/7/50,1928 – 1928,2026-07-23
Incoming passenger list for PORT PIRIE arriving Melbourne 7 July 1928,9775020,A907,1928/7/49,1928 – 1928,2026-07-23
Incoming passenger list for TANDA arriving Melbourne 6 July 1928,9775019,A907,1928/7/48,1928 – 1928,2026-07-23
Incoming passenger list for NAURU CHIEF arriving Melbourne 5 July 1928,9775018,A907,1928/7/47,1928 – 1928,2026-07-23
Incoming passenger list for ORMONDE arriving Melbourne 2 July 1928,9775017,A907,1928/7/46,1928 – 1928,2026-07-23
Incoming passenger list for GIA-LONG arriving Port Kembla 19 July 1928,9775016,A907,1928/7/45,1928 – 1928,2026-07-23
Incoming passenger list for MANGOLA arriving Port Kembla 13 July 1928,9775015,A907,1928/7/44,1928 – 1928,2026-07-23
Incoming passenger list for WONGANELLA arriving Newcastle 21 July 1928,9775014,A907,1928/7/43,1928 – 1928,2026-07-23
Incoming passenger list for DAN JOSE arriving Newcastle 19 July 1928,9775013,A907,1928/7/42,1928 – 1928,2026-07-23
Incoming passenger list for MATARAM arriving Sydney 28 July 1928,9775012,A907,1928/7/41,1928 – 1928,2026-07-23
Incoming passenger list for ULIMAROA arriving Sydney 31 July 1928,9775011,A907,1928/7/40,1928 – 1928,2026-07-23
Incoming passenger list for BURMA MARU arriving Sydney 30 July 1928,9775010,A907,1928/7/39,1928 – 1928,2026-07-23
Incoming passenger list for MOSEL arriving Sydney 30 July 1928,9775009,A907,1928/7/38,1928 – 1928,2026-07-23
Incoming passenger list for CEPHEE arriving Sydney 29 July 1928,9775008,A907,1928/7/37,1928 – 1928,2026-07-23
Incoming passenger list for MAKAMBO arriving Sydney 28 July 1928,9775007,A907,1928/7/36,1928 – 1928,2026-07-23
Incoming passenger list for MONGOLIA arriving Sydney 27 July 1928,9775006,A907,1928/7/35,1928 – 1928,2026-07-23
Incoming passenger list for PRINCIPE DI UDINE arriving Sydney 27 July 1928,9775005,A907,1928/7/34,1928 – 1928,2026-07-23
Incoming passenger list for SIERRA arriving Sydney 26 July 1928,9775004,A907,1928/7/33,1928 – 1928,2026-07-23
Incoming passenger list for MAKATEA arriving Sydney 24 July 1928,9775003,A907,1928/7/32,1928 – 1928,2026-07-23
Incoming passenger list for MARAMA arriving Sydney 24 July 1928,9775002,A907,1928/7/31,1928 – 1928,2026-07-23
Incoming passenger list for MAHENO arriving Sydney 24 July 1928,9775001,A907,1928/7/30,1928 – 1928,2026-07-23
Incoming passenger list for ST ALBANS arriving Sydney 22 July 1928,9775000,A907,1928/7/29,1928 – 1928,2026-07-23
Incoming passenger list for PORT HOBART arriving Sydney 22 July 1928,9774999,A907,1928/7/28,1928 – 1928,2026-07-23
Incoming passenger list for AORANGI arriving Sydney 20 July 1928,9774998,A907,1928/7/27,1928 – 1928,2026-07-23
Incoming passenger list for HOBSONS BAY arriving Sydney 23 July 1928,9774997,A907,1928/7/26,1928 – 1928,2026-07-23
Incoming passenger list for MARELLA arriving Sydney 20 July 1928,9774996,A907,1928/7/25,1928 – 1928,2026-07-23
Incoming passenger list for BERRIMA arriving Sydney 19 July 1928,9774995,A907,1928/7/24,1928 – 1928,2026-07-23
Incoming passenger list for WEST CUSSETA arriving Sydney 19 July 1928,9774994,A907,1928/7/23,1928 – 1928,2026-07-23
Incoming passenger list for SAINT VINCENT DE PAUL arriving Sydney 18 July 1928,9774993,A907,1928/7/22,1928 – 1928,2026-07-23
Incoming passenger list for SUVA arriving Sydney 17 July 1928,9774992,A907,1928/7/21,1928 – 1928,2026-07-23
Incoming passenger list for ULIMAROA arriving Sydney 17 July 1928,9774991,A907,1928/7/20,1928 – 1928,2026-07-23
Incoming passenger list for GARMULA arriving Sydney 14 July 1928,9774990,A907,1928/7/19,1928 – 1928,2026-07-23
Incoming passenger list for MALOJA arriving Sydney 14 July 1928,9774989,A907,1928/7/18,1928 – 1928,2026-07-23
Incoming passenger list for MAMILIUS arriving Sydney 14 July 1928,9774988,A907,1928/7/17,1928 – 1928,2026-07-23
Incoming passenger list for MONTORO arriving Sydney 12 July 1928,9774987,A907,1928/7/16,1928 – 1928,2026-07-23
Incoming passenger list for MAIWARA arriving Sydney 11 July 1928,9774986,A907,1928/7/15,1928 – 1928,2026-07-23
Incoming passenger list for MAHENO arriving Sydney 10 July 1928,9774985,A907,1928/7/14,1928 – 1928,2026-07-23
Incoming passenger list for MORETON BAY arriving Sydney 10 July 1928,9774984,A907,1928/7/13,1928 – 1928,2026-07-23
Incoming passenger list for MARAMA arriving Sydney 10 July 1928,9774983,A907,1928/7/12,1928 – 1928,2026-07-23
Incoming passenger list for MORINDA arriving Sydney 9 July 1928,9774982,A907,1928/7/11,1928 – 1928,2026-07-23
Incoming passenger list for TANGO MARU arriving Sydney 9 July 1928,9774981,A907,1928/7/10,1928 – 1928,2026-07-23
Incoming passenger list for FREIBURG arriving Sydney 9 July 1928,9774980,A907,1928/7/9,1928 – 1928,2026-07-23
Incoming passenger list for MAKURA arriving Sydney 8 July 1928,9774979,A907,1928/7/8,1928 – 1928,2026-07-23
Incoming passenger list for NIEW ZEELAND arriving Sydney 6 July 1928,9774978,A907,1928/7/7,1928 – 1928,2026-07-23
Incoming passenger list for CHANGTE arriving Sydney 5 July 1928,9774977,A907,1928/7/6,1928 – 1928,2026-07-23
Incoming passenger list for VENTURA arriving Sydney 5 July 1928,9774976,A907,1928/7/5,1928 – 1928,2026-07-23
Incoming passenger list for DUPLEIX arriving Sydney 2 July 1928,9774975,A907,1928/7/4,1928 – 1928,2026-07-23
Incoming passenger list for ORMONDE arriving Sydney 5 July 1928,9774974,A907,1928/7/3,1928 – 1928,2026-07-23
Incoming passenger list for CITY OF RAYVILLE arriving Sydney 5 July 1928,9774973,A907,1928/7/2,1928 – 1928,2026-07-23
Incoming passenger list for SAINT JOSEPH arriving Sydney 3 July 1928,9774972,A907,1928/7/1,1928 – 1928,2026-07-23
Incoming passenger list for ANTONIO arriving Darwin 7 June 1928,9774971,A907,1928/6/118,1928 – 1928,2026-07-23
Incoming passenger list for MALABAR arriving Darwin 6 June 1928,9774970,A907,1928/6/117,1928 – 1928,2026-07-23
Incoming passenger list for GASCOYNE arriving Geraldton 23 June 1928,9774969,A907,1928/6/116,1928 – 1928,2026-07-23
Incoming passenger list for GASCOYNE arriving Broome 16 June 1928,9774968,A907,1928/6/115,1928 – 1928,2026-07-23
Incoming passenger list for ASCANIUS arriving Albany 19 June 1928,9774967,A907,1928/6/114,1928 – 1928,2026-07-23
Incoming passenger list for MORETON BAY arriving Fremantle 27 June 1928,9774966,A907,1928/6/113,1928 – 1928,2026-07-23
Incoming passenger list for ORMONDE arriving Fremantle 26 June 1928,9774965,A907,1928/6/112,1928 – 1928,2026-07-23
Incoming passenger list for GARMULA arriving Fremantle 27 June 1928,9774964,A907,1928/6/111,1928 – 1928,2026-07-23
Incoming passenger list for GASCOYNE arriving Fremantle 24 June 1928,9774963,A907,1928/6/110,1928 – 1928,2026-07-23
Incoming passenger list for KARMALA arriving Fremantle 19 June 1928,9774962,A907,1928/6/109,1928 – 1928,2026-07-23
Incoming passenger list for CITTA DI GENOVA arriving Fremantle 16 June 1928,9774961,A907,1928/6/108,1928 – 1928,2026-07-23
Incoming passenger list for LARGS BAY arriving Fremantle 14 June 1928,9774960,A907,1928/6/107,1928 – 1928,2026-07-23
Incoming passenger list for MOOLTAN arriving Fremantle 5 June 1928,9774959,A907,1928/6/106,1928 – 1928,2026-07-23
Incoming passenger list for CITY OF SINGAPORE arriving Fremantle 3 June 1928,9774958,A907,1928/6/105,1928 – 1928,2026-07-23
Incoming passenger list for BALLARAT arriving Fremantle 27 May 1928,9774957,A907,1928/6/104,1928 – 1928,2026-07-23
Incoming passenger list for ALLER arriving Adelaide 15 June 1928,9774956,A907,1928/6/103,1928 – 1928,2026-07-23
Incoming passenger list for SUEVIC arriving Adelaide 28 May 1928,9774955,A907,1928/6/102,1928 – 1928,2026-07-23
Incoming passenger list for ORMONDE arriving Adelaide 26 June 1928,9774954,A907,1928/6/101,1928 – 1928,2026-07-23
Incoming passenger list for KARMALA arriving Adelaide 24 June 1928,9774953,A907,1928/6/100,1928 – 1928,2026-07-23
Incoming passenger list for CITTA DI GENOVA arriving Adelaide 23 June 1928,9774952,A907,1928/6/99,1928 – 1928,2026-07-23
Incoming passenger list for ASCANIUS arriving Adelaide 22 June 1928,9774951,A907,1928/6/98,1928 – 1928,2026-07-23
Incoming passenger list for BENDIGO arriving Adelaide 19 June 1928,9774950,A907,1928/6/97,1928 – 1928,2026-07-23
Incoming passenger list for LARGS BAY arriving Adelaide 19 June 1928,9774949,A907,1928/6/96,1928 – 1928,2026-07-23
Incoming passenger list for MOOLTAN arriving Adelaide 10 June 1928,9774948,A907,1928/6/95,1928 – 1928,2026-07-23
Incoming passenger list for BALLARAT arriving Adelaide 6 June 1928,9774947,A907,1928/6/94,1928 – 1928,2026-07-23
Incoming passenger list for VILLE DE STRASBOURG arriving Adelaide 3 June 1928,9774946,A907,1928/6/93,1928 – 1928,2026-07-23
Incoming passenger list for ORVIETO arriving Adelaide 2 June 1928,9774945,A907,1928/6/92,1928 – 1928,2026-07-23
Incoming passenger list for CHANGTE arriving Townsville 30 June 1928,9774944,A907,1928/6/91,1928 – 1928,2026-07-23
Incoming passenger list for TANDA arriving Townsville 18 June 1928,9774943,A907,1928/6/90,1928 – 1928,2026-07-23
Incoming passenger list for MALABAR arriving Townsville 12 June 1928,9774942,A907,1928/6/89,1928 – 1928,2026-07-23
Incoming passenger list for TAIPING arriving Townsville 1 June 1928,9774941,A907,1928/6/88,1928 – 1928,2026-07-23
Incoming passenger list for CHANGTE arriving Thursday Island 27 June 1928,9774940,A907,1928/6/87,1928 – 1928,2026-07-23
Incoming passenger list for DAPHNE arriving Thursday Island 19 June 1928,9774939,A907,1928/6/86,1928 – 1928,2026-07-23
Incoming passenger list for ARAMIA arriving Thursday Island 18 June 1928,9774938,A907,1928/6/85,1928 – 1928,2026-07-23
Incoming passenger list for TANDA arriving Thursday Island 15 June 1928,9774937,A907,1928/6/84,1928 – 1928,2026-07-23
Incoming passenger list for MALABAR arriving Thursday Island 9 June 1928,9774936,A907,1928/6/83,1928 – 1928,2026-07-23
Incoming passenger list for TANDA arriving Cairns 17 June 1928,9774935,A907,1928/6/82,1928 – 1928,2026-07-23
Incoming passenger list for MORINDA arriving Cairns 2 June 1928,9774934,A907,1928/6/81,1928 – 1928,2026-07-23
Incoming passenger list for TANDA arriving Brisbane 21 June 1928,9774932,A907,1928/6/79,1928 – 1928,2026-07-23
Incoming passenger list for SUEVIC arriving Brisbane 18 June 1928,9774931,A907,1928/6/78,1928 – 1928,2026-07-23
Incoming passenger list for MALABAR arriving Brisbane 15 June 1928,9774930,A907,1928/6/77,1928 – 1928,2026-07-23
Incoming passenger list for ORVIETO arriving Brisbane 11 June 1928,9774929,A907,1928/6/76,1928 – 1928,2026-07-23
Incoming passenger list for MISHIMA MARU arriving Brisbane 9 June 1928,9774928,A907,1928/6/75,1928 – 1928,2026-07-23
Incoming passenger list for FERNDALE arriving Brisbane 9 June 1928,9774927,A907,1928/6/74,1928 – 1928,2026-07-23
Incoming passenger list for MATARAM arriving Brisbane 8 June 1928,9774926,A907,1928/6/73,1928 – 1928,2026-07-23
Incoming passenger list for MARIA CHRISTINA arriving Brisbane 8 June 1928,9774925,A907,1928/6/72,1928 – 1928,2026-07-23
Incoming passenger list for MORINDA arriving Brisbane 6 June 1928,9774924,A907,1928/6/71,1928 – 1928,2026-07-23
Incoming passenger list for FRANKEN arriving Brisbane 5 June 1928,9774923,A907,1928/6/70,1928 – 1928,2026-07-23
Incoming passenger list for HOUTMAN arriving Brisbane 5 June 1928,9774922,A907,1928/6/69,1928 – 1928,2026-07-23
Incoming passenger list for TAIPING arriving Brisbane 3 June 1928,9774921,A907,1928/6/68,1928 – 1928,2026-07-23
Incoming passenger list for GERA arriving Melbourne 29 June 1928,9774920,A907,1928/6/67,1928 – 1928,2026-07-23
Incoming passenger list for TARONGA arriving Melbourne 28 June 1928,9774919,A907,1928/6/66,1928 – 1928,2026-07-23
Incoming passenger list for KARMALA arriving Melbourne 26 June 1928,9774918,A907,1928/6/65,1928 – 1928,2026-07-23
Incoming passenger list for TEMERAIRE arriving Melbourne 25 June 1928,9774917,A907,1928/6/64,1928 – 1928,2026-07-23
Incoming passenger list for CITTA DI GENOVA arriving Melbourne 23 June 1928,9774916,A907,1928/6/63,1928 – 1928,2026-07-23
Incoming passenger list for ASCANIUS arriving Melbourne 25 June 1928,9774915,A907,1928/6/62,1928 – 1928,2026-07-23
Incoming passenger list for BENDIGO arriving Melbourne 22 June 1928,9774914,A907,1928/6/61,1928 – 1928,2026-07-23
Incoming passenger list for LARGS BAY arriving Melbourne 21 June 1928,9774913,A907,1928/6/60,1928 – 1928,2026-07-23
Incoming passenger list for SUVA arriving Melbourne 21 June 1928,9774912,A907,1928/6/59,1928 – 1928,2026-07-23
Incoming passenger list for ALLER arriving Melbourne 27 June 1928,9774911,A907,1928/6/58,1928 – 1928,2026-07-23
Incoming passenger list for MALABAR arriving Melbourne 21 June 1928,9774910,A907,1928/6/57,1928 – 1928,2026-07-23
Incoming passenger list for PORT MELBOURNE arriving Melbourne 19 June 1928,9774909,A907,1928/6/56,1928 – 1928,2026-07-23
Incoming passenger list for CALULU arriving Melbourne 19 June 1928,9774908,A907,1928/6/55,1928 – 1928,2026-07-23
Incoming passenger list for MISHIMA MARU arriving Melbourne 18 June 1928,9774907,A907,1928/6/54,1928 – 1928,2026-07-23
Incoming passenger list for MOOLTAN arriving Melbourne 13 June 1928,9774906,A907,1928/6/53,1928 – 1928,2026-07-23
Incoming passenger list for TAIPING arriving Melbourne 11 June 1928,9774905,A907,1928/6/52,1928 – 1928,2026-07-23
Incoming passenger list for MANUKA arriving Melbourne 11 June 1928,9774904,A907,1928/6/51,1928 – 1928,2026-07-23
Incoming passenger list for HOUTMAN arriving Melbourne 10 June 1928,9774903,A907,1928/6/50,1928 – 1928,2026-07-23
Incoming passenger list for BALLARAT arriving Melbourne 9 June 1928,9774902,A907,1928/6/49,1928 – 1928,2026-07-23
Incoming passenger list for VILLE DE STRASBOURG arriving Melbourne 7 June 1928,9774901,A907,1928/6/48,1928 – 1928,2026-07-23
Incoming passenger list for ARAFURA arriving Melbourne 4 June 1928,9774900,A907,1928/6/47,1928 – 1928,2026-07-23
Incoming passenger list for ORVIETO arriving Melbourne 4 June 1928,9774899,A907,1928/6/46,1928 – 1928,2026-07-23
Incoming passenger list for ESSEN arriving Melbourne 3 June 1928,9774898,A907,1928/6/45,1928 – 1928,2026-07-23
Incoming passenger list for INGA arriving Newcastle 30 June 1928,9774897,A907,1928/6/44,1928 – 1928,2026-07-23
Incoming passenger list for NAURU CHIEF arriving Newcastle 28 June 1928,9774896,A907,1928/6/43,1928 – 1928,2026-07-23
Incoming passenger list for BENTON arriving Newcastle 20 June 1928,9774895,A907,1928/6/42,1928 – 1928,2026-07-23
Incoming passenger list for BALRANALD arriving Sydney 8 June 1928,9774894,A907,1928/6/41,1928 – 1928,2026-07-23
Incoming passenger list for CAPRERA arriving Sydney 5 June 1928,9774893,A907,1928/6/40,1928 – 1928,2026-07-23
Incoming passenger list for ASCANIUS arriving Sydney 30 June 1928,9774892,A907,1928/6/39,1928 – 1928,2026-07-23
Incoming passenger list for KARMLA arriving Sydney 29 June 1928,9774891,A907,1928/6/38,1928 – 1928,2026-07-23
Incoming passenger list for BENDIGO arriving Sydney 29 June 1928,9774890,A907,1928/6/37,1928 – 1928,2026-07-23
Incoming passenger list for CITTA DI GENOVA arriving Sydney 28 June 1928,9774889,A907,1928/6/36,1928 – 1928,2026-07-23
Incoming passenger list for MAHENO arriving Sydney 26 June 1928,9774888,A907,1928/6/35,1928 – 1928,2026-07-23
Incoming passenger list for MARAMA arriving Sydney 26 June 1928,9774887,A907,1928/6/34,1928 – 1928,2026-07-23
Incoming passenger list for LARGS BAY arriving Sydney 25 June 1928,9774886,A907,1928/6/33,1928 – 1928,2026-07-23
Incoming passenger list for ALLER arriving Sydney 25 June 1928,9774885,A907,1928/6/32,1928 – 1928,2026-07-23
Incoming passenger list for PORT MELBOURNE arriving Sydney 24 June 1928,9774884,A907,1928/6/31,1928 – 1928,2026-07-23
Incoming passenger list for MAKAMBO arriving Sydney 23 June 1928,9774883,A907,1928/6/30,1928 – 1928,2026-07-23
Incoming passenger list for TANDA arriving Sydney 23 June 1928,9774882,A907,1928/6/29,1928 – 1928,2026-07-23
Incoming passenger list for NIAGARA arriving Sydney 23 June 1928,9774881,A907,1928/6/28,1928 – 1928,2026-07-23
Incoming passenger list for MADRAS MARU arriving Sydney 22 June 1928,9774880,A907,1928/6/27,1928 – 1928,2026-07-23
Incoming passenger list for MARSINA arriving Sydney 20 June 1928,9774879,A907,1928/6/26,1928 – 1928,2026-07-23
Incoming passenger list for TAIWAN arriving Sydney 19 June 1928,9774878,A907,1928/6/25,1928 – 1928,2026-07-23
Incoming passenger list for SAINT VINCENT DE PAUL arriving Sydney 18 June 1928,9774877,A907,1928/6/24,1928 – 1928,2026-07-23
Incoming passenger list for SUVA arriving Sydney 17 June 1928,9774876,A907,1928/6/23,1928 – 1928,2026-07-23
Incoming passenger list for MALABAR arriving Sydney 17 June 1928,9774875,A907,1928/6/22,1928 – 1928,2026-07-23
Incoming passenger list for MOOLTAN arriving Sydney 16 June 1928,9774874,A907,1928/6/21,1928 – 1928,2026-07-23
Incoming passenger list for SONOMA arriving Sydney 14 June 1928,9774873,A907,1928/6/20,1928 – 1928,2026-07-23
Incoming passenger list for SUEVIC arriving Sydney 6 June 1928,9774871,A907,1928/6/18,1928 – 1928,2026-07-23
Incoming passenger list for HATARAMA arriving Sydney 15 June 1928,9774870,A907,1928/6/17,1928 – 1928,2026-07-23
Incoming passenger list for MAUNGANUI arriving Sydney 12 June 1928,9774869,A907,1928/6/16,1928 – 1928,2026-07-23
Incoming passenger list for MARAMA arriving Sydney 12 June 1928,9774868,A907,1928/6/15,1928 – 1928,2026-07-23
Incoming passenger list for MISHIMA MARU arriving Sydney 11 June 1928,9774867,A907,1928/6/14,1928 – 1928,2026-07-23
Incoming passenger list for VILLE DE STRASBOURG arriving Sydney 11 June 1928,9774866,A907,1928/6/13,1928 – 1928,2026-07-23
Incoming passenger list for MATARAM arriving Sydney 10 June 1928,9774865,A907,1928/6/12,1928 – 1928,2026-07-23
Incoming passenger list for TAHITI arriving Sydney 10 June 1928,9774864,A907,1928/6/11,1928 – 1928,2026-07-23
Incoming passenger list for MORINDA arriving Sydney 8 June 1928,9774863,A907,1928/6/10,1928 – 1928,2026-07-23
Incoming passenger list for GAZANA arriving Sydney 8 June 1928,9774862,A907,1928/6/9,1928 – 1928,2026-07-23
Incoming passenger list for CALULU arriving Sydney 8 June 1928,9774861,A907,1928/6/8,1928 – 1928,2026-07-23
Incoming passenger list for HOUTMAN arriving Sydney 7 June 1928,9774860,A907,1928/6/7,1928 – 1928,2026-07-23
Incoming passenger list for TAIPING arriving Sydney 7 June 1928,9774859,A907,1928/6/6,1928 – 1928,2026-07-23
Incoming passenger list for SUEVIC arriving Sydney 7 June 1928,9774858,A907,1928/6/5,1928 – 1928,2026-07-23
Incoming passenger list for ORVIETO arriving Sydney 7 June 1928,9774857,A907,1928/6/4,1928 – 1928,2026-07-23
Incoming passenger list for EGREMONT arriving Sydney 7 June 1928,9774856,A907,1928/6/3,1928 – 1928,2026-07-23
Incoming passenger list for ESSEN arriving Sydney 7 June 1928,9774855,A907,1928/6/2,1928 – 1928,2026-07-23
Incoming passenger list for MONTORO arriving Sydney 2 June 1928,9774854,A907,1928/6/1,1928 – 1928,2026-07-23
Incoming passenger list for MARIA CHRISTINA arriving Sydney 1 June 1928,9774853,A907,1928/5/111,1928 – 1928,2026-07-23
Incoming passenger list for ANTONIO arriving Fremantle 16 May 1928,9774852,A907,1928/5/110,1928 – 1928,2026-07-23
Incoming passenger list for [UNKNOWN SHIP] arriving Darwin 16 May 1928,9774851,A907,1928/5/109,1928 – 1928,2026-07-23
Incoming passenger list for MARELLA arriving Darwin 8 May 1928,9774850,A907,1928/5/108,1928 – 1928,2026-07-23
Incoming passenger list for HALERIC arriving Hobart 9 May 1928,9774849,A907,1928/5/107,1928 – 1928,2026-07-23
Incoming passenger list for MINDEROO arriving Port Hedland 22 May 1928,9774848,A907,1928/5/106,1928 – 1928,2026-07-23
Incoming passenger list for MINDEROO arriving Carnarvon 1 May 1928,9774847,A907,1928/5/105,1928 – 1928,2026-07-23
Incoming passenger list for MINDEROO arriving Broome 21 May 1928,9774846,A907,1928/5/104,1928 – 1928,2026-07-23
Incoming passenger list for SUEVIC arriving Albany 24 May 1928,9774845,A907,1928/5/103,1928 – 1928,2026-07-23
Incoming passenger list for BALLARAT arriving Fremantle 27 May 1928,9774844,A907,1928/5/102,1928 – 1928,2026-07-23
Incoming passenger list for ORVIETO arriving Fremantle 29 May 1928,9774843,A907,1928/5/101,1928 – 1928,2026-07-23
Incoming passenger list for MINDEROO arriving Fremantle 29 May 1928,9774842,A907,1928/5/100,1928 – 1928,2026-07-23
Incoming passenger list for VILLE DE STRASBOURG arriving Fremantle 27 May 1928,9774841,A907,1928/5/99,1928 – 1928,2026-07-23
Incoming passenger list for CATHAY arriving Fremantle 21 May 1928,9774840,A907,1928/5/98,1928 – 1928,2026-07-23
Incoming passenger list for MARIA CHRISTINA arriving Fremantle 20 May 1928,9774839,A907,1928/5/97,1928 – 1928,2026-07-23
Incoming passenger list for JERVIS BAY arriving Fremantle 3 May 1928,9774838,A907,1928/5/96,1928 – 1928,2026-07-23
Incoming passenger list for BALRANALD arriving Fremantle 6 May 1928,9774837,A907,1928/5/95,1928 – 1928,2026-07-23
Incoming passenger list for NARKUNDA arriving Fremantle 8 May 1928,9774836,A907,1928/5/94,1928 – 1928,2026-07-23
Incoming passenger list for NALGORA arriving Fremantle 2 May 1928,9774835,A907,1928/5/93,1928 – 1928,2026-07-23
Incoming passenger list for SUEVIC arriving Adelaide 28 May 1928,9774833,A907,1928/5/91,1928 – 1928,2026-07-23
Incoming passenger list for MARIA CHRISTINA arriving Adelaide 26 May 1928,9774832,A907,1928/5/90,1928 – 1928,2026-07-23
Incoming passenger list for CATHAY arriving Adelaide 26 May 1928,9774831,A907,1928/5/89,1928 – 1928,2026-07-23
Incoming passenger list for TARONGA arriving Adelaide 17 May 1928,9774830,A907,1928/5/88,1928 – 1928,2026-07-23
Incoming passenger list for BALRANALD arriving Adelaide 15 May 1928,9774829,A907,1928/5/87,1928 – 1928,2026-07-23
Incoming passenger list for NARKUNDA arriving Adelaide 12 May 1928,9774828,A907,1928/5/86,1928 – 1928,2026-07-23
Incoming passenger list for JERVIS BAY arriving Adelaide 8 May 1928,9774827,A907,1928/5/85,1928 – 1928,2026-07-23
Incoming passenger list for ORSOVA arriving Adelaide 5 May 1928,9774826,A907,1928/5/84,1928 – 1928,2026-07-23
Incoming passenger list for ANCHISES arriving Adelaide 4 May 1928,9774825,A907,1928/5/83,1928 – 1928,2026-07-23
Incoming passenger list for BUTESHIRE arriving Adelaide 3 May 1928,9774824,A907,1928/5/82,1928 – 1928,2026-07-23
Incoming passenger list for ARAFURA arriving Townsville 23 May 1928,9774823,A907,1928/5/81,1928 – 1928,2026-07-23
Incoming passenger list for MISHIMA MARU arriving Thursday Island 4 June 1928,9774822,A907,1928/5/80,1928 – 1928,2026-07-23
Incoming passenger list for MARELLA arriving Thursday Island 11 May 1928,9774821,A907,1928/5/79,1928 – 1928,2026-07-23
Incoming passenger list for TAIPING arriving Cairns 31 May 1928,9774820,A907,1928/5/78,1928 – 1928,2026-07-23
Incoming passenger list for MORINDA arriving Cairns 24 May 1928,9774819,A907,1928/5/77,1928 – 1928,2026-07-23
Incoming passenger list for ARAFURA arriving Cairns 22 May 1928,9774818,A907,1928/5/76,1928 – 1928,2026-07-23
Incoming passenger list for MORINDA arriving Cairns 3 May 1928,9774817,A907,1928/5/75,1928 – 1928,2026-07-23
Incoming passenger list for BALRANALD arriving Brisbane 28 May 1928,9774816,A907,1928/5/74,1928 – 1928,2026-07-23
Incoming passenger list for ARAFURA arriving Brisbane 26 May 1928,9774815,A907,1928/5/73,1928 – 1928,2026-07-23
Incoming passenger list for ANCHISES arriving Brisbane 21 May 1928,9774814,A907,1928/5/72,1928 – 1928,2026-07-23
Incoming passenger list for JERVIS BAY arriving Brisbane 18 May 1928,9774813,A907,1928/5/71,1928 – 1928,2026-07-23
Incoming passenger list for TISNAREN arriving Brisbane 16 May 1928,9774812,A907,1928/5/70,1928 – 1928,2026-07-23
Incoming passenger list for MARELLA arriving Brisbane 15 May 1928,9774811,A907,1928/5/69,1928 – 1928,2026-07-23
Incoming passenger list for ORSOVA arriving Brisbane 14 May 1928,9774810,A907,1928/5/68,1928 – 1928,2026-07-23
Incoming passenger list for HONAKER arriving Brisbane 13 May 1928,9774809,A907,1928/5/67,1928 – 1928,2026-07-23
Incoming passenger list for AKI MARU arriving Brisbane 13 May 1928,9774808,A907,1928/5/66,1928 – 1928,2026-07-23
Incoming passenger list for PORT DENISON arriving Brisbane 12 May 1928,9774807,A907,1928/5/65,1928 – 1928,2026-07-23
Incoming passenger list for MORINDA arriving Brisbane 7 May 1928,9774806,A907,1928/5/64,1928 – 1928,2026-07-23
Incoming passenger list for TASMAN arriving Brisbane 5 May 1928,9774805,A907,1928/5/63,1928 – 1928,2026-07-23
Incoming passenger list for ALTONA arriving Melbourne 29 May 1928,9774804,A907,1928/5/62,1928 – 1928,2026-07-23
Incoming passenger list for CATHAY arriving Melbourne 28 May 1928,9774803,A907,1928/5/61,1928 – 1928,2026-07-23
Incoming passenger list for SUEVIC arriving Melbourne 31 May 1928,9774802,A907,1928/5/60,1928 – 1928,2026-07-23
Incoming passenger list for AKI MARU arriving Melbourne 21 May 1928,9774801,A907,1928/5/59,1928 – 1928,2026-07-23
Incoming passenger list for MARIA CRISTINA arriving Melbourne 28 May 1928,9774800,A907,1928/5/58,1928 – 1928,2026-07-23
Incoming passenger list for PORT DENISON arriving Melbourne 24 May 1928,9774799,A907,1928/5/57,1928 – 1928,2026-07-23
Incoming passenger list for TARONGA arriving Melbourne 20 May 1928,9774798,A907,1928/5/56,1928 – 1928,2026-07-23
Incoming passenger list for SUVA arriving Melbourne 24 May 1928,9774797,A907,1928/5/55,1928 – 1928,2026-07-23
Incoming passenger list for MARELLA arriving Melbourne 23 May 1928,9774796,A907,1928/5/54,1928 – 1928,2026-07-23
Incoming passenger list for FRANKEN arriving Melbourne 21 May 1928,9774795,A907,1928/5/53,1928 – 1928,2026-07-23
Incoming passenger list for BALRANALD arriving Melbourne 18 May 1928,9774794,A907,1928/5/52,1928 – 1928,2026-07-23
Incoming passenger list for NARKUNDA arriving Melbourne 14 May 1928,9774793,A907,1928/5/51,1928 – 1928,2026-07-23
Incoming passenger list for NALGORA arriving Melbourne 12 May 1928,9774792,A907,1928/5/50,1928 – 1928,2026-07-23
Incoming passenger list for TASMAN arriving Melbourne 10 May 1928,9774791,A907,1928/5/49,1928 – 1928,2026-07-23
Incoming passenger list for JERVIS BAY arriving Melbourne 10 May 1928,9774790,A907,1928/5/48,1928 – 1928,2026-07-23
Incoming passenger list for ORSOVA arriving Melbourne 16 May 1928,9774789,A907,1928/5/47,1928 – 1928,2026-07-23
Incoming passenger list for ANCHISES arriving Melbourne 7 May 1928,9774788,A907,1928/5/46,1928 – 1928,2026-07-23
Incoming passenger list for CHANGTE arriving Melbourne 6 May 1928,9774787,A907,1928/5/45,1928 – 1928,2026-07-23
Incoming passenger list for PORT HARDY arriving Melbourne 1 May 1928,9774786,A907,1928/5/44,1928 – 1928,2026-07-23
Incoming passenger list for ST ALBANS arriving Melbourne 1 May 1928,9774785,A907,1928/5/43,1928 – 1928,2026-07-23
Incoming passenger list for CAPRERA arriving Melbourne 1 May 1928,9774784,A907,1928/5/42,1928 – 1928,2026-07-23
Incoming passenger list for NILE arriving Newcastle 18 May 1928,9774783,A907,1928/5/41,1928 – 1928,2026-07-23
Incoming passenger list for ARAFURA arriving Sydney 28 May 1928,9774782,A907,1928/5/40,1928 – 1928,2026-07-23
Incoming passenger list for CATHAY arriving Sydney 31 May 1928,9774781,A907,1928/5/39,1928 – 1928,2026-07-23
Incoming passenger list for MARAMA arriving Sydney 29 May 1928,9774780,A907,1928/5/38,1928 – 1928,2026-07-23
Incoming passenger list for MAUNGANUI arriving Sydney 29 May 1928,9774779,A907,1928/5/37,1928 – 1928,2026-07-23
Incoming passenger list for PORT WELLINGTON arriving Sydney 28 May 1928,9774778,A907,1928/5/36,1928 – 1928,2026-07-23
Incoming passenger list for FRANKEN arriving Sydney 23 May 1928,9774777,A907,1928/5/35,1928 – 1928,2026-07-23
Incoming passenger list for AORANGI arriving Sydney 25 May 1928,9774776,A907,1928/5/34,1928 – 1928,2026-07-23
Incoming passenger list for SIERRA arriving Sydney 24 May 1928,9774775,A907,1928/5/33,1928 – 1928,2026-07-23
Incoming passenger list for TARONGA arriving Sydney 25 May 1928,9774774,A907,1928/5/32,1928 – 1928,2026-07-23
Incoming passenger list for MAKAMBO arriving Sydney 24 May 1928,9774773,A907,1928/5/31,1928 – 1928,2026-07-23
Incoming passenger list for DUPLEIX arriving Sydney 21 May 1928,9774772,A907,1928/5/30,1928 – 1928,2026-07-23
Incoming passenger list for SUVA arriving Sydney 19 May 1928,9774771,A907,1928/5/29,1928 – 1928,2026-07-23
Incoming passenger list for MARELLA arriving Sydney 20 May 1928,9774770,A907,1928/5/28,1928 – 1928,2026-07-23
Incoming passenger list for BALRANALD arriving Sydney 21 May 1928,9774769,A907,1928/5/27,1928 – 1928,2026-07-23
Incoming passenger list for TISNAREN arriving Sydney 22 May 1928,9774768,A907,1928/5/26,1928 – 1928,2026-07-23
Incoming passenger list for NALGORA arriving Sydney 17 May 1928,9774767,A907,1928/5/25,1928 – 1928,2026-07-23
Incoming passenger list for PORT SYDNEY arriving Sydney 18 May 1928,9774766,A907,1928/5/24,1928 – 1928,2026-07-23
Incoming passenger list for PORT DENISON arriving Sydney 17 May 1928,9774765,A907,1928/5/23,1928 – 1928,2026-07-23
Incoming passenger list for WEST HONAKER arriving Sydney 17 May 1928,9774764,A907,1928/5/22,1928 – 1928,2026-07-23
Incoming passenger list for NARKUNDA arriving Sydney 17 May 1928,9774763,A907,1928/5/21,1928 – 1928,2026-07-23
Incoming passenger list for MAUNGANUI arriving Sydney 15 May 1928,9774762,A907,1928/5/20,1928 – 1928,2026-07-23
Incoming passenger list for AKI MARU arriving Sydney 15 May 1928,9774761,A907,1928/5/19,1928 – 1928,2026-07-23
Incoming passenger list for MARAMA arriving Sydney 15 May 1928,9774760,A907,1928/5/18,1928 – 1928,2026-07-23
Incoming passenger list for JERVIS BAY arriving Sydney 14 May 1928,9774759,A907,1928/5/17,1928 – 1928,2026-07-23
Incoming passenger list for SAINT VINCENT DE PAUL arriving Sydney 14 May 1928,9774758,A907,1928/5/16,1928 – 1928,2026-07-23
Incoming passenger list for ANCHISES arriving Sydney 12 May 1928,9774757,A907,1928/5/15,1928 – 1928,2026-07-23
Incoming passenger list for MAKURA arriving Sydney 12 May 1928,9774756,A907,1928/5/14,1928 – 1928,2026-07-23
Incoming passenger list for ORSOVA arriving Sydney 10 May 1928,9774755,A907,1928/5/13,1928 – 1928,2026-07-23
Incoming passenger list for MORINDA arriving Sydney 9 May 1928,9774754,A907,1928/5/12,1928 – 1928,2026-07-23
Incoming passenger list for ANDRE arriving Sydney 8 May 1928,9774753,A907,1928/5/11,1928 – 1928,2026-07-23
Incoming passenger list for TASMAN arriving Sydney 7 May 1928,9774752,A907,1928/5/10,1928 – 1928,2026-07-23
Incoming passenger list for PORT HARDY arriving Sydney 6 May 1928,9774751,A907,1928/5/9,1928 – 1928,2026-07-23
Incoming passenger list for CAPRERA arriving Sydney 5 May 1928,9774750,A907,1928/5/8,1928 – 1928,2026-07-23
Incoming passenger list for VENTURA arriving Sydney 3 May 1928,9774749,A907,1928/5/7,1928 – 1928,2026-07-23
Incoming passenger list for MARSINA arriving Sydney 4 May 1928,9774748,A907,1928/5/6,1928 – 1928,2026-07-23
Incoming passenger list for CHITRAL arriving Sydney 3 May 1928,9774747,A907,1928/5/5,1928 – 1928,2026-07-23
Incoming passenger list for CHANGTE arriving Sydney 2 May 1928,9774746,A907,1928/5/4,1928 – 1928,2026-07-23
Incoming passenger list for MAUNGANUI arriving Sydney 1 May 1928,9774745,A907,1928/5/3,1928 – 1928,2026-07-23
Incoming passenger list for SAINT JOSEPH arriving Sydney 1 May 1928,9774744,A907,1928/5/2,1928 – 1928,2026-07-23
Incoming passenger list for MARAMAR arriving Sydney 1 May 1928,9774743,A907,1928/5/1,1928 – 1928,2026-07-23
Incoming passenger list for ANTONIO arriving Darwin 17 April 1928,9774742,A907,1928/4/118,1928 – 1928,2026-07-23
Incoming passenger list for MALABAR arriving Darwin 5 April 1928,9774741,A907,1928/4/117,1928 – 1928,2026-07-23
Incoming passenger list for CENTAUR arriving Cossack 21 April 1928,9774740,A907,1928/4/116,1928 – 1928,2026-07-23
Incoming passenger list for GASCOYNE arriving Port Hedland 5 April 1928,9774739,A907,1928/4/115,1928 – 1928,2026-07-23
Incoming passenger list for GASCOYNE arriving Broome 3 April 1928,9774738,A907,1928/4/114,1928 – 1928,2026-07-23
Incoming passenger list for CENTAUR arriving Broome 18 April 1928,9774737,A907,1928/4/113,1928 – 1928,2026-07-23
Incoming passenger list for ANCHISES arriving Albany 30 April 1928,9774736,A907,1928/4/112,1928 – 1928,2026-07-23
Incoming passenger list for VEDIC arriving Albany 19 April 1928,9774735,A907,1928/4/111,1928 – 1928,2026-07-23
Incoming passenger list for CENTAUR arriving Fremantle 25 April 1928,9774734,A907,1928/4/110,1928 – 1928,2026-07-23
Incoming passenger list for CAPRERA arriving Fremantle 22 April 1928,9774733,A907,1928/4/109,1928 – 1928,2026-07-23
Incoming passenger list for CHITRAL arriving Fremantle 23 April 1928,9774732,A907,1928/4/108,1928 – 1928,2026-07-23
Incoming passenger list for NALDERA arriving Fremantle 10 April 1928,9774731,A907,1928/4/107,1928 – 1928,2026-07-23
Incoming passenger list for GASCOYNE arriving Fremantle 11  April 1928,9774730,A907,1928/4/106,1928 – 1928,2026-07-23
Incoming passenger list for BELTANA arriving Fremantle 8 April 1928,9774729,A907,1928/4/105,1928 – 1928,2026-07-23
Incoming passenger list for NARINGA arriving Fremantle 6 April 1928,9774728,A907,1928/4/104,1928 – 1928,2026-07-23
Incoming passenger list for ORAMA arriving Fremantle 3 April 1928,9774727,A907,1928/4/103,1928 – 1928,2026-07-23
Incoming passenger list for COMMISSAIRE RAMEL arriving Fremantle 2 April 1928,9774726,A907,1928/4/102,1928 – 1928,2026-07-23
Incoming passenger list for PORT NICHOLSON arriving Adelaide 30 April 1928,9774725,A907,1928/4/101,1928 – 1928,2026-07-23
Incoming passenger list for AMASIS arriving Adelaide 25 April 1928,9774724,A907,1928/4/100,1928 – 1928,2026-07-23
Incoming passenger list for ULYSSES arriving Adelaide 24 April 1928,9774723,A907,1928/4/99,1928 – 1928,2026-07-23
Incoming passenger list for CHITRAL arriving Adelaide 28 April 1928,9774722,A907,1928/4/98,1928 – 1928,2026-07-23
Incoming passenger list for CAPRERA arriving Adelaide 28 April 1928,9774721,A907,1928/4/97,1928 – 1928,2026-07-23
Incoming passenger list for TAIWAN arriving Adelaide 21 April 1928,9774720,A907,1928/4/96,1928 – 1928,2026-07-23
Incoming passenger list for TRIANON arriving Adelaide 19 April 1928,9774719,A907,1928/4/95,1928 – 1928,2026-07-23
Incoming passenger list for KOLN arriving Adelaide 18 April 1928,9774718,A907,1928/4/94,1928 – 1928,2026-07-23
Incoming passenger list for BELTANA arriving Adelaide 16 April 1928,9774717,A907,1928/4/93,1928 – 1928,2026-07-23
Incoming passenger list for NALDERA arriving Adelaide 14 April 1928,9774716,A907,1928/4/92,1928 – 1928,2026-07-23
Incoming passenger list for NARINGA arriving Adelaide 14 April 1928,9774715,A907,1928/4/91,1928 – 1928,2026-07-23
Incoming passenger list for ORAMA arriving Adelaide 7 April 1928,9774714,A907,1928/4/90,1928 – 1928,2026-07-23
Incoming passenger list for COMMISSAIRE RAMEL arriving Adelaide 7 April 1928,9774713,A907,1928/4/89,1928 – 1928,2026-07-23
Incoming passenger list for ESPERANCE BAY arriving Adelaide 2 April 1928,9774712,A907,1928/4/88,1928 – 1928,2026-07-23
Incoming passenger list for CHANGTE arriving Brisbane 27 April 1928,9774711,A907,1928/4/87,1928 – 1928,2026-07-23
Incoming passenger list for SAINT ALBANS arriving Townsville 18 April 1928,9774710,A907,1928/4/86,1928 – 1928,2026-07-23
Incoming passenger list for MALABAR arriving Townsville 13 April 1928,9774709,A907,1928/4/85,1928 – 1928,2026-07-23
Incoming passenger list for TANGO MARU arriving Townsville 4 April 1928,9774708,A907,1928/4/84,1928 – 1928,2026-07-23
Incoming passenger list for CHANGTE arriving Thursday Island 23 April 1928,9774707,A907,1928/4/83,1928 – 1928,2026-07-23
Incoming passenger list for ARAMIA arriving Thursday Island 8 May 1928,9774706,A907,1928/4/82,1928 – 1928,2026-07-23
Incoming passenger list for TANGO MARU arriving Thursday Island 2 April 1928,9774705,A907,1928/4/81,1928 – 1928,2026-07-23
Incoming passenger list for CHANGTE arriving Cairns 26 April 1928,9774704,A907,1928/4/80,1928 – 1928,2026-07-23
Incoming passenger list for SAINT ALBANS arriving Cairns17 April 1928,9774703,A907,1928/4/79,1928 – 1928,2026-07-23
Incoming passenger list for MORINDA arriving Cairns 3 April 1928,9774702,A907,1928/4/78,1928 – 1928,2026-07-23
Incoming passenger list for CHANGTE arriving Brisbane 29 April 1928,9774701,A907,1928/4/77,1928 – 1928,2026-07-23
Incoming passenger list for KOLN arriving Brisbane 30 April 1928,9774700,A907,1928/4/76,1928 – 1928,2026-07-23
Incoming passenger list for MATARAM arriving Brisbane 26 April 1928,9774699,A907,1928/4/75,1928 – 1928,2026-07-23
Incoming passenger list for SAINT ALBANS arriving Brisbane 22 April 1928,9774698,A907,1928/4/74,1928 – 1928,2026-07-23
Incoming passenger list for PORT NICHOLSON arriving Brisbane 16 April 1928,9774697,A907,1928/4/73,1928 – 1928,2026-07-23
Incoming passenger list for MALABAR arriving Brisbane 16 April 1928,9774696,A907,1928/4/72,1928 – 1928,2026-07-23
Incoming passenger list for ORAMA arriving Brisbane 16 April 1928,9774695,A907,1928/4/71,1928 – 1928,2026-07-23
Incoming passenger list for ESPERANCE BAY arriving Brisbane 14 April 1928,9774694,A907,1928/4/70,1928 – 1928,2026-07-23
Incoming passenger list for NARKUNDA arriving Melbourne 24 October 1930,60200017,A907,1930/10/129,1930 – 1930,2026-07-23
Incoming passenger list for MAUNGANUI arriving Sydney 28 December 1930,60199360,A907,1930/12/43,1930 – 1930,2026-07-23
Incoming passenger list for PORT FAIRY arriving Sydney 27 December 1930,60199359,A907,1930/12/42,1930 – 1930,2026-07-23
Incoming passenger list for EKNAREN arriving Sydney 26 December 1930,60199358,A907,1930/12/41,1930 – 1930,2026-07-23
Incoming passenger list for ULYSSES arriving Sydney 25 December 1930,60199357,A907,1930/12/40,1930 – 1930,2026-07-23
Incoming passenger list for PAKEHA arriving Sydney 25 December 1930,60199356,A907,1930/12/39,1930 – 1930,2026-07-23
Incoming passenger list for MALOJA arriving Sydney 24 December 1930,60199354,A907,1930/12/37,1930 – 1930,2026-07-23
Incoming passenger list for TANDA arriving Sydney 24 December 1930,60199355,A907,1930/12/38,1930 – 1930,2026-07-23
Incoming passenger list for SIERRA arriving Sydney 23 December 1930,60199352,A907,1930/12/35,1930 – 1930,2026-07-23
Incoming passenger list for MARAMA arriving Sydney 23 December 1930,60199353,A907,1930/12/36,1930 – 1930,2026-07-23
Incoming passenger list for MONTORO arriving Sydney 22 December 1930,60199351,A907,1930/12/34,1930 – 1930,2026-07-23
Incoming passenger list for MARELLA arriving Sydney 22 December 1930,60199350,A907,1930/12/33,1930 – 1930,2026-07-23
Incoming passenger list for TEMERAIRE arriving Sydney 22 December 1930,60199349,A907,1930/12/32,1930 – 1930,2026-07-23
Incoming passenger list for MATARAM arriving Sydney 22 December 1930,60199348,A907,1930/12/31,1930 – 1930,2026-07-23
Incoming passenger list for SYDNEY MARU arriving Sydney 21 December 1930,60199347,A907,1930/12/30,1930 – 1930,2026-07-23
Incoming passenger list for SAINT JOSEPH arriving Sydney 21 December 1930,60199346,A907,1930/12/29,1930 – 1930,2026-07-23
Incoming passenger list for WARD arriving Sydney 30 December 1930,60199345,A907,1930/12/28,1930 – 1930,2026-07-23
Incoming passenger list for MAKURA arriving Sydney 20 December 1930,60199344,A907,1930/12/27,1930 – 1930,2026-07-23
Incoming passenger list for SURADA arriving Sydney 19 December 1930,60199343,A907,1930/12/26,1930 – 1930,2026-07-23
Incoming passenger list for PORT DARWIN arriving Sydney 18 December 1930,60199342,A907,1930/12/25,1930 – 1930,2026-07-23
Incoming passenger list for BENDIGO arriving Sydney 18 December 1930,60199341,A907,1930/12/24,1930 – 1930,2026-07-23
Incoming passenger list for MORINDA arriving Sydney 17 December 1930,60199340,A907,1930/12/23,1930 – 1930,2026-07-23
Incoming passenger list for OTRANTO arriving Sydney 17 December 1930,60199339,A907,1930/12/22,1930 – 1930,2026-07-23
Incoming passenger list for ULIMAROA arriving Sydney 16 December 1930,60199338,A907,1930/12/21,1930 – 1930,2026-07-23
Incoming passenger list for MAUNGANUI arriving Sydney 16 December 1930,60199337,A907,1930/12/20,1930 – 1930,2026-07-23
Incoming passenger list for PORT DENISON arriving Sydney 15 December 1930,60199336,A907,1930/12/19,1930 – 1930,2026-07-23
Incoming passenger list for MAKAMBO arriving Sydney 15 December 1930,60199335,A907,1930/12/18,1930 – 1930,2026-07-23
Incoming passenger list for CHITRAL arriving Sydney 11 December 1930,60199334,A907,1930/12/17,1930 – 1930,2026-07-23
Incoming passenger list for JOHN WILLIAMS arriving Sydney 10 December 1930,60199333,A907,1930/12/16,1930 – 1930,2026-07-23
Incoming passenger list for KITANO MARU arriving Sydney 10 December 1930,60199331,A907,1930/12/14,1930 – 1930,2026-07-23
Incoming passenger list for MAIN arriving Sydney 11 December 1930,60199332,A907,1930/12/15,1930 – 1930,2026-07-23
Incoming passenger list for TAIPING arriving Sydney 10 December 1930,60199330,A907,1930/12/13,1930 – 1930,2026-07-23
Incoming passenger list for TARONGA arriving Sydney 7 December 1930,60199328,A907,1930/12/11,1930 – 1930,2026-07-23
Incoming passenger list for MARAMA arriving Sydney 9 December 1930,60199329,A907,1930/12/12,1930 – 1930,2026-07-23
Incoming passenger list for SIRSA arriving Sydney 6 December 1930,60199327,A907,1930/12/10,1930 – 1930,2026-07-23
Incoming passenger list for ESPERANCE BAY arriving Sydney 5 December 1930,60199326,A907,1930/12/9,1930 – 1930,2026-07-23
Incoming passenger list for NIEUW HOLLAND arriving Sydney 4 December 1930,60199324,A907,1930/12/7,1930 – 1930,2026-07-23
Incoming passenger list for AORANGI arriving Sydney 5 December 1930,60199325,A907,1930/12/8,1930 – 1930,2026-07-23
Incoming passenger list for VENTURA arriving Sydney 4 December 1930,60199323,A907,1930/12/6,1930 – 1930,2026-07-23
Incoming passenger list for BALLARAT arriving Sydney 4 December 1930,60199322,A907,1930/12/5,1930 – 1930,2026-07-23
Incoming passenger list for CHANGTE arriving Brisbane 9 September 1930,60199027,A907,1930/9/63,1930 – 1930,2026-07-23
Incoming passenger list for TOURAINE arriving Melbourne 10 September 1930,60199011,A907,1930/9/47,1930 – 1930,2026-07-23
Incoming passenger list for VILLE DE METZ arriving Sydney 19 October 1924,203054747,A907,1924/10/117,1924 – 1924,2026-07-23
Incoming passenger list for BENDIGO arriving Adelaide 19 June 1928 - supplementary form,203054735,A907,1928/6/97 ATTACHMENT,1928 – 1928,2026-07-23
NOWAKOWSKI Ludwik born 18 August 1910; Janina born 10 November 1921; August born 1 June 1941; Alucia born 13 November 1947,4951980,A12012,519-522,1949 – 1949,2026-07-23
STRAKSYC Walerian DOB 3 January 1914; Ingrid DOB 6 February 1931,4197061,A11599,251-252,1948 – 1948,2026-07-23
"Rhodes John Cecil, Exposure - Vietnam - (Hygiene Officer), 1984",31753017,C1277,1148,1900 – 1985,2026-07-23
Cyclone Proprietary Limited versus Buzzacott and Company Limited,3141013,A10075,1918/44,1918 – 1920,2026-07-23
Incoming passenger list for EURIPIDES arriving Brisbane 11 April 1928,9774693,A907,1928/4/69,1928 – 1928,2026-07-23
Incoming passenger list for TANGO MARU arriving Brisbane 7 April 1928,9774692,A907,1928/4/68,1928 – 1928,2026-07-23
Incoming passenger list for MORINDA arriving Brisbane 6 April 1928,9774691,A907,1928/4/67,1928 – 1928,2026-07-23
Incoming passenger list for HOUTMAN arriving Brisbane 4 April 1928,9774690,A907,1928/4/66,1928 – 1928,2026-07-23
Incoming passenger list for CROWN CITY arriving Brisbane 3 April 1928,9774689,A907,1928/4/65,1928 – 1928,2026-07-23
Incoming passenger list for MAIN arriving Brisbane 2 April 1928,9774688,A907,1928/4/64,1928 – 1928,2026-07-23
Incoming passenger list for OSTERLEY arriving Brisbane 2 April 1928,9774687,A907,1928/4/63,1928 – 1928,2026-07-23
Incoming passenger list for PRINCIPE DI UDINE arriving Brisbane 2 April 1928,9774686,A907,1928/4/62,1928 – 1928,2026-07-23
Incoming passenger list for TAIPING arriving Brisbane 1 April 1928,9774685,A907,1928/4/61,1928 – 1928,2026-07-23
Incoming passenger list for WONGANELLA arriving Geelong 16 April 1928,9774684,A907,1928/4/60,1928 – 1928,2026-07-23
Incoming passenger list for CHITRAL arriving Melbourne 30 April 1928,9774683,A907,1928/4/59,1928 – 1928,2026-07-23
Incoming passenger list for MANUKA arriving Melbourne 28 April 1928,9774682,A907,1928/4/58,1928 – 1928,2026-07-23
Incoming passenger list for VEDIC arriving Melbourne 2 April 1928,9774681,A907,1928/4/57,1928 – 1928,2026-07-23
Incoming passenger list for MALABAR arriving Melbourne 23 April 1928,9774680,A907,1928/4/56,1928 – 1928,2026-07-23
Incoming passenger list for KOLN arriving Melbourne 21 April 1928,9774679,A907,1928/4/55,1928 – 1928,2026-07-23
Incoming passenger list for NARINGA arriving Melbourne 19 April 1928,9774677,A907,1928/4/53,1928 – 1928,2026-07-23
Incoming passenger list for TANGO MARU arriving Melbourne 16 April 1928,9774676,A907,1928/4/52,1928 – 1928,2026-07-23
Incoming passenger list for NALDERA arriving Melbourne 16 April 1928,9774675,A907,1928/4/51,1928 – 1928,2026-07-23
Incoming passenger list for PORT DARWIN arriving Melbourne 13 April 1928,9774674,A907,1928/4/50,1928 – 1928,2026-07-23
Incoming passenger list for HOUTMAN arriving Melbourne 13 April 1928,9774673,A907,1928/4/49,1928 – 1928,2026-07-23
Incoming passenger list for TAIPING arriving Melbourne 9 April 1928,9774672,A907,1928/4/48,1928 – 1928,2026-07-23
Incoming passenger list for ORAMA arriving Melbourne 12 April 1928,9774671,A907,1928/4/47,1928 – 1928,2026-07-23
Incoming passenger list for COMMISSAIRE RAMEL arriving Melbourne 9 April 1928,9774670,A907,1928/4/46,1928 – 1928,2026-07-23
Incoming passenger list for MANUKA arriving Melbourne 5 April 1928,9774669,A907,1928/4/45,1928 – 1928,2026-07-23
Incoming passenger list for ESPERANCE BAY arriving Melbourne 5 April 1928,9774668,A907,1928/4/44,1928 – 1928,2026-07-23
Incoming passenger list for MOLDAVIA arriving Melbourne 2 April 1928,9774667,A907,1928/4/43,1928 – 1928,2026-07-23
Incoming passenger list for EURIPIDES arriving Melbourne 1 April 1928,9774666,A907,1928/4/42,1928 – 1928,2026-07-23
Incoming passenger list for TANDA arriving Melbourne 1 April 1928,9774665,A907,1928/4/41,1928 – 1928,2026-07-23
Incoming passenger list for COMMANDANT DESTREMAU arriving Port Kembla 2 April 1928,9774664,A907,1928/4/40,1928 – 1928,2026-07-23
Incoming passenger list for MANGOLA arriving Port Kembla 1 April 1928,9774663,A907,1928/4/39,1928 – 1928,2026-07-23
Incoming passenger list for WONGANELLA arriving Newcastle 12 April 1928,9774662,A907,1928/4/38,1928 – 1928,2026-07-23
Incoming passenger list for VEDIC arriving Sydney 28 April 1928,9774661,A907,1928/4/37,1928 – 1928,2026-07-23
Incoming passenger list for NIAGARA arriving Sydney 28 April 1928,9774660,A907,1928/4/36,1928 – 1928,2026-07-23
Incoming passenger list for MATARAM arriving Sydney 28 April 1928,9774659,A907,1928/4/35,1928 – 1928,2026-07-23
Incoming passenger list for SUVA arriving Sydney 26 April 1928,9774658,A907,1928/4/34,1928 – 1928,2026-07-23
Incoming passenger list for MALINOA arriving Sydney 26 April 1928,9774656,A907,1928/4/32,1928 – 1928,2026-07-23
Incoming passenger list for JOHN WILLIAMS arriving Sydney 26 April 1928,9774655,A907,1928/4/31,1928 – 1928,2026-07-23
Incoming passenger list for SAINT ALBANS arriving Sydney 25 April 1928,9774654,A907,1928/4/30,1928 – 1928,2026-07-23
Incoming passenger list for NARINGA arriving Sydney 24 April 1928,9774653,A907,1928/4/29,1928 – 1928,2026-07-23
Incoming passenger list for BELTANA arriving Sydney 23 April 1928,9774652,A907,1928/4/28,1928 – 1928,2026-07-23
Incoming passenger list for DUROUR arriving Sydney 23 April 1928,9774651,A907,1928/4/27,1928 – 1928,2026-07-23
Incoming passenger list for PORT NICHOLSON arriving Sydney 21 April 1928,9774650,A907,1928/4/26,1928 – 1928,2026-07-23
Incoming passenger list for PORT DARWIN arriving Sydney 19 April 1928,9774649,A907,1928/4/25,1928 – 1928,2026-07-23
Incoming passenger list for MONTORO arriving Sydney 19 April 1928,9774648,A907,1928/4/24,1928 – 1928,2026-07-23
Incoming passenger list for NALDERA arriving Sydney 19 April 1928,9774647,A907,1928/4/23,1928 – 1928,2026-07-23
Incoming passenger list for MALABAR arriving Sydney 19 April 1928,9774646,A907,1928/4/22,1928 – 1928,2026-07-23
Incoming passenger list for MAUNGANUI arriving Sydney 17 April 1928,9774645,A907,1928/4/21,1928 – 1928,2026-07-23
Incoming passenger list for MARAMA arriving Sydney 17 April 1928,9774644,A907,1928/4/20,1928 – 1928,2026-07-23
Incoming passenger list for TAHITI arriving Sydney 15 April 1928,9774643,A907,1928/4/19,1928 – 1928,2026-07-23
Incoming passenger list for TANGO MARU arriving Sydney 9 April 1928,9774642,A907,1928/4/18,1928 – 1928,2026-07-23
Incoming passenger list for ESPERANCE BAY arriving Sydney 9 April 1928,9774641,A907,1928/4/17,1928 – 1928,2026-07-23
Incoming passenger list for DUPLEIX arriving Sydney 10 April 1928,9774640,A907,1928/4/16,1928 – 1928,2026-07-23
Incoming passenger list for SAINT VINCENT DE PAUL arriving Sydney 12 April 1928,9774639,A907,1928/4/15,1928 – 1928,2026-07-23
Incoming passenger list for ORAMA arriving Sydney 12 April 1928,9774638,A907,1928/4/14,1928 – 1928,2026-07-23
Incoming passenger list for SONOMA arriving Sydney 12 April 1928,9774637,A907,1928/4/13,1928 – 1928,2026-07-23
Incoming passenger list for COMMISSAIRE RAMEL arriving Sydney 14 April 1928,9774636,A907,1928/4/12,1928 – 1928,2026-07-23
Incoming passenger list for MORINDA arriving Sydney 8 April 1928,9774635,A907,1928/4/11,1928 – 1928,2026-07-23
Incoming passenger list for HOUTMAN arriving Sydney 6 April 1928,9774634,A907,1928/4/10,1928 – 1928,2026-07-23
Incoming passenger list for BENALLA arriving Sydney 6 April 1928,9774633,A907,1928/4/9,1928 – 1928,2026-07-23
Incoming passenger list for EURIPIDES arriving Sydney 6 April 1928,9774632,A907,1928/4/8,1928 – 1928,2026-07-23
Incoming passenger list for PORT FREMANTLE arriving Sydney 5 April 1928,9774631,A907,1928/4/7,1928 – 1928,2026-07-23
Incoming passenger list for MOLDAVIA arriving Sydney 5 April 1928,9774630,A907,1928/4/6,1928 – 1928,2026-07-23
Incoming passenger list for TAIPING arriving Sydney 5 April 1928,9774629,A907,1928/4/5,1928 – 1928,2026-07-23
Incoming passenger list for BELGIUM MARU arriving Sydney 4 April 1928,9774628,A907,1928/4/4,1928 – 1928,2026-07-23
Incoming passenger list for MARAMA arriving Sydney 3 April 1928,9774627,A907,1928/4/3,1928 – 1928,2026-07-23
Incoming passenger list for MAUNGANUI arriving Sydney 3 April 1928,9774626,A907,1928/4/2,1928 – 1928,2026-07-23
Incoming passenger list for NEO HEBRIDAIS arriving Sydney 1 April 1928,9774625,A907,1928/4/1,1928 – 1928,2026-07-23
Incoming passenger list for MAKAMBO arriving Sydney 2 April 1928,9774624,A907,1928/3/125,1928 – 1928,2026-07-23
Incoming passenger list for ANTONIO arriving Darwin 23 March 1928,9774623,A907,1928/3/124,1928 – 1928,2026-07-23
Incoming passenger list for MARELLA arriving Darwin 12 March 1928,9774622,A907,1928/3/123,1928 – 1928,2026-07-23
Incoming passenger list for WONGANELLA arriving Hobart 9 March 1928,9774621,A907,1928/3/122,1928 – 1928,2026-07-23
Incoming passenger list for KANGAROO arriving Carnarvon 20 March 1928,9774620,A907,1928/3/121,1928 – 1928,2026-07-23
Incoming passenger list for MINDEROO arriving Broome 9 March 1928,9774619,A907,1928/3/120,1928 – 1928,2026-07-23
Incoming passenger list for EURIPIDES arriving Albany 25 March 1928,9774618,A907,1928/3/119,1928 – 1928,2026-07-23
Incoming passenger list for ULYSSES arriving Albany 19 March 1928,9774617,A907,1928/3/118,1928 – 1928,2026-07-23
Incoming passenger list for ESPERANCE BAY arriving Fremantle 29 March 1928,9774616,A907,1928/3/117,1928 – 1928,2026-07-23
Incoming passenger list for MOLDAVIA arriving Fremantle 26 March 1928,9774615,A907,1928/3/116,1928 – 1928,2026-07-23
Incoming passenger list for KANGAROO arriving Fremantle 23 March 1928,9774614,A907,1928/3/115,1928 – 1928,2026-07-23
Incoming passenger list for BENALLA arriving Fremantle 20 March 1928,9774613,A907,1928/3/114,1928 – 1928,2026-07-23
Incoming passenger list for OSTERLEY arriving Fremantle 20 March 1928,9774612,A907,1928/3/113,1928 – 1928,2026-07-23
Incoming passenger list for PRIINCIPE DI UDIINE arriving Fremantle 17 March 1928,9774611,A907,1928/3/112,1928 – 1928,2026-07-23
Incoming passenger list for MINDEROO arriving Fremantle 16 March 1928,9774610,A907,1928/3/111,1928 – 1928,2026-07-23
Incoming passenger list for MALOJA arriving Fremantle 13 March 1928,9774609,A907,1928/3/110,1928 – 1928,2026-07-23
Incoming passenger list for HOBSONS BAY arriving Fremantle 8 March 1928,9774608,A907,1928/3/109,1928 – 1928,2026-07-23
Incoming passenger list for ORONSAY arriving Fremantle 5 March 1928,9774607,A907,1928/3/108,1928 – 1928,2026-07-23
Incoming passenger list for MOLDAVIA arriving Adelaide 31 March 1928,9774606,A907,1928/3/107,1928 – 1928,2026-07-23
Incoming passenger list for EURIPIDES arriving Adelaide 29 March 1928,9774605,A907,1928/3/106,1928 – 1928,2026-07-23
Incoming passenger list for OSTERLEY arriving Adelaide 24 March 1928,9774604,A907,1928/3/105,1928 – 1928,2026-07-23
Incoming passenger list for ULYSSES arriving Adelaide 23 March 1928,9774603,A907,1928/3/104,1928 – 1928,2026-07-23
Incoming passenger list for BENALLA arriving Adelaide 20 March 1928,9774602,A907,1928/3/103,1928 – 1928,2026-07-23
Incoming passenger list for MALOJA arriving Adelaide 17 March 1928,9774601,A907,1928/3/102,1928 – 1928,2026-07-23
Incoming passenger list for PRINCIPE DI UDINE arriving Adelaide 17 March 1928,9774600,A907,1928/3/101,1928 – 1928,2026-07-23
Incoming passenger list for HOBSONS BAY arriving Adelaide 13 March 1928,9774599,A907,1928/3/100,1928 – 1928,2026-07-23
Incoming passenger list for NAGINA arriving Adelaide 13 March 1928,9774598,A907,1928/3/99,1928 – 1928,2026-07-23
Incoming passenger list for ORONSAY arriving Adelaide 9 March 1928,9774597,A907,1928/3/98,1928 – 1928,2026-07-23
Incoming passenger list for BARADINE arriving Adelaide 8 March 1928,9774596,A907,1928/3/97,1928 – 1928,2026-07-23
Incoming passenger list for COMORIN arriving Adelaide 3 March 1928,9774595,A907,1928/3/96,1928 – 1928,2026-07-23
Incoming passenger list for BORDA arriving Adelaide 29 March 1928,9774594,A907,1928/3/95,1928 – 1928,2026-07-23
Incoming passenger list for CITY OF PALERMO arriving Adelaide 26 March 1928,9774593,A907,1928/3/94,1928 – 1928,2026-07-23
Incoming passenger list for JANUS arriving Adelaide 2 March 1928,9774592,A907,1928/3/93,1928 – 1928,2026-07-23
Incoming passenger list for TAIPING arriving Townsville 30 March 1928,9774591,A907,1928/3/92,1928 – 1928,2026-07-23
Incoming passenger list for TANDA arriving Townsville 20 March 1928,9774590,A907,1928/3/91,1928 – 1928,2026-07-23
Incoming passenger list for MARELLA arriving Townsville 17 March 1928,9774589,A907,1928/3/90,1928 – 1928,2026-07-23
Incoming passenger list for MISHIMA MARU arriving Townsville 8 March 1928,9774588,A907,1928/3/89,1928 – 1928,2026-07-23
Incoming passenger list for ARAMIA arriving Thursday Island 30 March 1928,9774587,A907,1928/3/88,1928 – 1928,2026-07-23
Incoming passenger list for KALIM arriving Thursday Island 21 March 1928,9774586,A907,1928/3/87,1928 – 1928,2026-07-23
Incoming passenger list for TANDA arriving Thursday Island 16 March 1928,9774585,A907,1928/3/86,1928 – 1928,2026-07-23
Incoming passenger list for MISHIMA MARU arriving Thursday Island 6 March 1928,9774584,A907,1928/3/85,1928 – 1928,2026-07-23
Incoming passenger list for ARAMIA arriving Thursday Island 5 March 1928,9774583,A907,1928/3/84,1928 – 1928,2026-07-23
Incoming passenger list for TAIPING arriving Cairns 29 March 1928,9774582,A907,1928/3/83,1928 – 1928,2026-07-23
Incoming passenger list for TANDA arriving Cairns 19 March 1928,9774581,A907,1928/3/82,1928 – 1928,2026-07-23
Incoming passenger list for MORINDA arriving Cairns 5 March 1928,9774580,A907,1928/3/81,1928 – 1928,2026-07-23
Incoming passenger list for HOBSONS BAY arriving Brisbane 23 March 1928,9774579,A907,1928/3/80,1928 – 1928,2026-07-23
Incoming passenger list for TANDA arriving Brisbane 23 March 1928,9774578,A907,1928/3/79,1928 – 1928,2026-07-23
Incoming passenger list for MARELLA arriving Brisbane 20 March 1928,9774577,A907,1928/3/78,1928 – 1928,2026-07-23
Incoming passenger list for ORONSAY arriving Brisbane 19 March 1928,9774576,A907,1928/3/77,1928 – 1928,2026-07-23
Incoming passenger list for MATARAM arriving Brisbane 15 March 1928,9774575,A907,1928/3/76,1928 – 1928,2026-07-23
Incoming passenger list for MISHIMA MARU arriving Brisbane 11 March 1928,9774574,A907,1928/3/75,1928 – 1928,2026-07-23
Incoming passenger list for MORINDA arriving Brisbane 9 March 1928,9774573,A907,1928/3/74,1928 – 1928,2026-07-23
Incoming passenger list for THEMISTOCLES arriving Brisbane 8 March 1928,9774572,A907,1928/3/73,1928 – 1928,2026-07-23
Incoming passenger list for TASMAN arriving Brisbane 6 March 1928,9774571,A907,1928/3/72,1928 – 1928,2026-07-23
Incoming passenger list for ORMONDE arriving Brisbane 5 March 1928,9774570,A907,1928/3/71,1928 – 1928,2026-07-23
Incoming passenger list for NESTOR arriving Brisbane 5 March 1928,9774569,A907,1928/3/70,1928 – 1928,2026-07-23
Incoming passenger list for CREFELD arriving Brisbane 2 March 1928,9774568,A907,1928/3/69,1928 – 1928,2026-07-23
Incoming passenger list for CHANGTE arriving Brisbane 1 March 1928,9774567,A907,1928/3/68,1928 – 1928,2026-07-23
Incoming passenger list for PORT FREMANTLE arriving Melbourne 31 March 1928,9774566,A907,1928/3/67,1928 – 1928,2026-07-23
Incoming passenger list for BENALLA arriving Melbourne 31 March 1928,9774565,A907,1928/3/66,1928 – 1928,2026-07-23
Incoming passenger list for MARELLA arriving Melbourne 26 March 1928,9774564,A907,1928/3/65,1928 – 1928,2026-07-23
Incoming passenger list for OSTERLEY arriving Melbourne 26 March 1928,9774563,A907,1928/3/64,1928 – 1928,2026-07-23
Incoming passenger list for ULYSSES arriving Melbourne 26 March 1928,9774562,A907,1928/3/63,1928 – 1928,2026-07-23
Incoming passenger list for PRINCIPE DI UDINE arriving Melbourne 24 March 1928,9774561,A907,1928/3/62,1928 – 1928,2026-07-23
Incoming passenger list for MALOJA arriving Melbourne 19 March 1928,9774560,A907,1928/3/61,1928 – 1928,2026-07-23
Incoming passenger list for MANUKA arriving Melbourne 18 March 1928,9774559,A907,1928/3/60,1928 – 1928,2026-07-23
Incoming passenger list for MISHIMA MARU arriving Melbourne 19 March 1928,9774558,A907,1928/3/59,1928 – 1928,2026-07-23
Incoming passenger list for NAGINA arriving Melbourne 17 March 1928,9774557,A907,1928/3/58,1928 – 1928,2026-07-23
Incoming passenger list for BULLAREN arriving Melbourne 16 March 1928,9774556,A907,1928/3/57,1928 – 1928,2026-07-23
Incoming passenger list for MAIN arriving Melbourne 14 March 1928,9774555,A907,1928/3/56,1928 – 1928,2026-07-23
Incoming passenger list for HOBSONS BAY arriving Melbourne 15 March 1928,9774554,A907,1928/3/55,1928 – 1928,2026-07-23
Incoming passenger list for BARADINE arriving Melbourne 8 March 1928,9774553,A907,1928/3/54,1928 – 1928,2026-07-23
Incoming passenger list for ORONSAY arriving Melbourne 11 March 1928,9774552,A907,1928/3/53,1928 – 1928,2026-07-23
Incoming passenger list for TASMAN arriving Melbourne 11March 1928,9774551,A907,1928/3/52,1928 – 1928,2026-07-23
Incoming passenger list for DAGFRED arriving Melbourne 9 March 1928,9774550,A907,1928/3/51,1928 – 1928,2026-07-23
Incoming passenger list for CHANGTE arriving Melbourne 8 March 1928,9774549,A907,1928/3/50,1928 – 1928,2026-07-23
Incoming passenger list for TOURCOING arriving Melbourne 7 March 1928,9774548,A907,1928/3/49,1928 – 1928,2026-07-23
Incoming passenger list for COMORIN arriving Melbourne 5 March 1928,9774547,A907,1928/3/48,1928 – 1928,2026-07-23
Incoming passenger list for BORDA arriving Melbourne 5 March 1928,9774546,A907,1928/3/47,1928 – 1928,2026-07-23
Incoming passenger list for PORT GISBORNE arriving Melbourne 3 March 1928,9774545,A907,1928/3/46,1928 – 1928,2026-07-23
Incoming passenger list for CITY OF PALERMO arriving Melbourne 1 March 1928,9774544,A907,1928/3/45,1927 – 1927,2026-07-23
Incoming passenger list for TAHITI arriving Sydney 18 February 1928,9774391,A907,1928/2/28,1928 – 1928,2026-07-23
Incoming passenger list for PORT NAPIER arriving Sydney 17 February 1928,9774390,A907,1928/2/27,1928 – 1928,2026-07-23
Incoming passenger list for OTRANTO arriving Sydney 16 February 1928,9774389,A907,1928/2/26,1928 – 1928,2026-07-23
Incoming passenger list for BARRABOOL arriving Sydney 17 February 1928,9774388,A907,1928/2/25,1928 – 1928,2026-07-23
Incoming passenger list for MALABAR arriving Sydney 16 February 1928,9774387,A907,1928/2/24,1928 – 1928,2026-07-23
Incoming passenger list for MARSINA arriving Sydney 14 February 1928,9774386,A907,1928/2/23,1928 – 1928,2026-07-23
Incoming passenger list for HOLSTEIN arriving Sydney 6 February 1928,9774385,A907,1928/2/22,1928 – 1928,2026-07-23
Incoming passenger list for ULIMAROA arriving Sydney 14 February 1928,9774384,A907,1928/2/21,1928 – 1928,2026-07-23
Incoming passenger list for REGINA D'ITALIA arriving Sydney 11 February 1928,9774383,A907,1928/2/20,1928 – 1928,2026-07-23
Incoming passenger list for MEDIC arriving Sydney 11 February 1928,9774382,A907,1928/2/19,1928 – 1928,2026-07-23
Incoming passenger list for SONOMA arriving Sydney 9 February 1928,9774381,A907,1928/2/18,1928 – 1928,2026-07-23
Incoming passenger list for CATHAY arriving Sydney 9 February 1928,9774380,A907,1928/2/17,1928 – 1928,2026-07-23
Incoming passenger list for CITY OF SPARTA arriving Sydney 9 February 1928,9774379,A907,1928/2/16,1928 – 1928,2026-07-23
Incoming passenger list for MENES arriving Sydney 9 February 1928,9774378,A907,1928/2/15,1928 – 1928,2026-07-23
Incoming passenger list for MARAMA arriving Sydney 7 February 1928,9774377,A907,1928/2/14,1928 – 1928,2026-07-23
Incoming passenger list for MORINDA arriving Sydney 7 February 1928,9774376,A907,1928/2/13,1928 – 1928,2026-07-23
Incoming passenger list for MAUNGANUI arriving Sydney 7 February 1928,9774375,A907,1928/2/12,1928 – 1928,2026-07-23
Incoming passenger list for SAINT VINCENT DE PAUL arriving Sydney 6 February 1928,9774374,A907,1928/2/11,1928 – 1928,2026-07-23
Incoming passenger list for AKI MARU arriving Sydney 6 February 1928,9774373,A907,1928/2/10,1928 – 1928,2026-07-23
Incoming passenger list for HOUTMAN arriving Sydney 6 February 1928,9774372,A907,1928/2/9,1928 – 1928,2026-07-23
Incoming passenger list for DUPLEIX arriving Sydney 5 February 1928,9774371,A907,1928/2/8,1928 – 1928,2026-07-23
Incoming passenger list for BERRIMA arriving Sydney 5 February 1928,9774370,A907,1928/2/7,1928 – 1928,2026-07-23
Incoming passenger list for MATARAM arriving Sydney 4 February 1928,9774369,A907,1928/2/6,1928 – 1928,2026-07-23
Incoming passenger list for AORANGI arriving Sydney 4 February 1928,9774368,A907,1928/2/5,1928 – 1928,2026-07-23
Incoming passenger list for DEMOSTHENES arriving Sydney 4 February 1928,9774367,A907,1928/2/4,1928 – 1928,2026-07-23
Incoming passenger list for ORVIETO arriving Sydney 2 February 1928,9774366,A907,1928/2/3,1928 – 1928,2026-07-23
Incoming passenger list for TAIPING arriving Sydney 1 February 1928,9774365,A907,1928/2/2,1928 – 1928,2026-07-23
Incoming passenger list for BOREN arriving Sydney 1 February 1928,9774364,A907,1928/2/1,1928 – 1928,2026-07-23
Incoming passenger list for ANTONIO arriving Darwin 14 December 1927,9774363,A907,1928/1/148,1927 – 1927,2026-07-23
Incoming passenger list for MALABAR arriving Darwin 7 December 1927,9774362,A907,1928/1/147,1927 – 1927,2026-07-23
Incoming passenger list for CENTAUR arriving Cossack 7 January 1928,9774361,A907,1928/1/146,1928 – 1928,2026-07-23
Incoming passenger list for MINDEROO arriving Geraldton 19 January 1928,9774360,A907,1928/1/145,1928 – 1928,2026-07-23
Incoming passenger list for MINDEROO arriving Port Hedland 25 January 1928,9774359,A907,1928/1/144,1928 – 1928,2026-07-23
Incoming passenger list for MINDEROO arriving Broome 23 January 1928,9774358,A907,1928/1/143,1928 – 1928,2026-07-23
Incoming passenger list for CENTAUR arriving Broome 5 January 1928,9774357,A907,1928/1/142,1928 – 1928,2026-07-23
Incoming passenger list for MEDIC arriving Albany 31 January 1928,9774356,A907,1928/1/141,1928 – 1928,2026-07-23
Incoming passenger list for DEMOSTHENES arriving Albany 24 January 1928,9774355,A907,1928/1/140,1928 – 1928,2026-07-23
Incoming passenger list for CATHAY arriving Fremantle 31 January 1928,9774354,A907,1928/1/139,1928 – 1928,2026-07-23
Incoming passenger list for MINDEROO arriving Fremantle 30 January 1928,9774353,A907,1928/1/138,1928 – 1928,2026-07-23
Incoming passenger list for BARRABOOL arriving Fremantle 30 January 1928,9774352,A907,1928/1/137,1928 – 1928,2026-07-23
Incoming passenger list for KOOLINDA arriving Fremantle 28 January 1928,9774351,A907,1928/1/136,1928 – 1928,2026-07-23
Incoming passenger list for CITY OF SPARTA arriving Fremantle 28 January 1928,9774350,A907,1928/1/135,1928 – 1928,2026-07-23
Incoming passenger list for ORVIETO arriving Fremantle 28 January 1928,9774349,A907,1928/1/134,1928 – 1928,2026-07-23
Incoming passenger list for BERRIMA arriving Fremantle 17 January 1928,9774348,A907,1928/1/133,1928 – 1928,2026-07-23
Incoming passenger list for NARKUNDA arriving Fremantle 16 January 1928,9774347,A907,1928/1/132,1928 – 1928,2026-07-23
Incoming passenger list for CENTAUR arriving Fremantle 12 January 1928,9774346,A907,1928/1/131,1928 – 1928,2026-07-23
Incoming passenger list for CITTA DI GENOVA arriving Fremantle 12 January 1928,9774345,A907,1928/1/130,1928 – 1928,2026-07-23
Incoming passenger list for ORSOVA arriving Fremantle 10 January 1928,9774344,A907,1928/1/129,1928 – 1928,2026-07-23
Incoming passenger list for RUNIC arriving Fremantle 5 January 1928,9774343,A907,1928/1/128,1928 – 1928,2026-07-23
Incoming passenger list for CEPHEE arriving Fremantle 3 January 1928,9774342,A907,1928/1/127,1928 – 1928,2026-07-23
Incoming passenger list for CHITRAL arriving Fremantle 2 January 1928,9774341,A907,1928/1/126,1928 – 1928,2026-07-23
Incoming passenger list for KANGAROO arriving Fremantle 1 January 1928,9774340,A907,1928/1/125,1928 – 1928,2026-07-23
Incoming passenger list for BENDIGO arriving Fremantle 5 January 1928,9774339,A907,1928/1/124,1927 – 1928,2026-07-23
Incoming passenger list for PORT BOWEN arriving Adelaide 30 January 1928,9774338,A907,1928/1/123,1928 – 1928,2026-07-23
Incoming passenger list for ORVIETO arriving Adelaide 28 January 1928,9774337,A907,1928/1/122,1928 – 1928,2026-07-23
Incoming passenger list for BERRIMA arriving Adelaide 25 January 1928,9774336,A907,1928/1/121,1928 – 1928,2026-07-23
Incoming passenger list for FERNDALE arriving Adelaide 23 January 1928,9774335,A907,1928/1/120,1925 – 1925,2026-07-23
Incoming passenger list for NARKUNDA arriving Adelaide 20 January 1928,9774334,A907,1928/1/119,1928 – 1928,2026-07-23
Incoming passenger list for CITTA DI GENOVA arriving Adelaide 17 January 1928,9774333,A907,1928/1/118,1928 – 1928,2026-07-23
Incoming passenger list for ORSOVA arriving Adelaide 14 January 1928,9774332,A907,1928/1/117,1928 – 1928,2026-07-23
Incoming passenger list for RUNIC arriving Adelaide 13 January 1928,9774331,A907,1928/1/116,1928 – 1928,2026-07-23
Incoming passenger list for BENDIGO arriving Adelaide 10 January 1928,9774330,A907,1928/1/115,1928 – 1928,2026-07-23
Incoming passenger list for CEPHEE arriving Adelaide 9 January 1928,9774329,A907,1928/1/114,1928 – 1928,2026-07-23
Incoming passenger list for CHITRAL arriving Adelaide 7 January 1928,9774328,A907,1928/1/113,1928 – 1928,2026-07-23
Incoming passenger list for SIRDHANA arriving Adelaide 6 January 1928,9774327,A907,1928/1/112,1928 – 1928,2026-07-23
Incoming passenger list for JERVIS BAY arriving Adelaide 3 January 1928,9774326,A907,1928/1/111,1928 – 1928,2026-07-23
Incoming passenger list for ORVIETO arriving Townsville 28 January 1928,9774325,A907,1928/1/110,1928 – 1928,2026-07-23
Incoming passenger list for ST ALBANS arriving Townsville 18 January 1928,9774324,A907,1928/1/109,1928 – 1928,2026-07-23
Incoming passenger list for TAIPING arriving Townsville 27 January 1928,9774323,A907,1928/1/108,1928 – 1928,2026-07-23
Incoming passenger list for KERSTEN MILES arriving Townsville 22 January 1928,9774322,A907,1928/1/107,1928 – 1928,2026-07-23
Incoming passenger list for MARELLA arriving Townsville 19 January 1928,9774321,A907,1928/1/106,1928 – 1928,2026-07-23
Incoming passenger list for TANGO MARU arriving Townsville 4 January 1928,9774320,A907,1928/1/105,1928 – 1928,2026-07-23
Incoming passenger list for AKI MARU arriving Thursday Island 30 January 1928,9774319,A907,1928/1/104,1928 – 1928,2026-07-23
Incoming passenger list for ARAMIA arriving Thursday Island 29 January 1928,9774318,A907,1928/1/103,1928 – 1928,2026-07-23
Incoming passenger list for TAIPING arriving Thursday Island 24 January 1928,9774317,A907,1928/1/102,1928 – 1928,2026-07-23
Incoming passenger list for SAINT ALBANS arriving Thursday Island 15 January 1928,9774316,A907,1928/1/101,1928 – 1928,2026-07-23
Incoming passenger list for ARAMIA arriving Thursday Island 16 January 1928,9774315,A907,1928/1/100,1928 – 1928,2026-07-23
Incoming passenger list for TANGO MARU arriving Thursday Island 2 January 1928,9774314,A907,1928/1/99,1928 – 1928,2026-07-23
Incoming passenger list for ARAMIA arriving Thursday Island 18 December 1927,9774313,A907,1928/1/98,1927 – 1927,2026-07-23
Incoming passenger list for MALABAR arriving Thursday Island 10 December 1927,9774312,A907,1928/1/97,1927 – 1927,2026-07-23
Incoming passenger list for MISHIMA MARU arriving Thursday Island 5 December 1927,9774311,A907,1928/1/95,1927 – 1927,2026-07-23
Incoming passenger list for ARAMIA  arriving Thursday Island 27 November 1927,9774310,A907,1928/1/94,1927 – 1927,2026-07-23
Incoming passenger list for TAIPING arriving Thursday Island 25 November 1927,9774309,A907,1928/1/93,1927 – 1927,2026-07-23
Incoming passenger list for ARAMIA arriving Thursday Island 7 November 1927,9774308,A907,1928/1/92,1927 – 1927,2026-07-23
Incoming passenger list for TAIPING arriving Cairns 26 January 1928,9774307,A907,1928/1/91,1928 – 1928,2026-07-23
Incoming passenger list for SAINT ALBANS arriving Cairns 18 January 1928,9774306,A907,1928/1/90,1928 – 1928,2026-07-23
Incoming passenger list for MORINDA arriving Cairns 4 January 1928,9774305,A907,1928/1/89,1928 – 1928,2026-07-23
Incoming passenger list for CHANGTE arriving Brisbane 1 January 1928,9774304,A907,1928/1/88,1928 – 1928,2026-07-23
Incoming passenger list for FRANKEN arriving Brisbane 2 January 1928,9774303,A907,1928/1/87,1928 – 1928,2026-07-23
Incoming passenger list for TASMAN arriving Brisbane 3 January 1928,9774302,A907,1928/1/86,1928 – 1928,2026-07-23
Incoming passenger list for MORINDA arriving Brisbane 7 January 1928,9774301,A907,1928/1/85,1928 – 1928,2026-07-23
Incoming passenger list for TANGO MARU arriving Brisbane 7 January 1928,9774300,A907,1928/1/84,1928 – 1928,2026-07-23
Incoming passenger list for MAMILIUS arriving Brisbane 14 January 1928,9774299,A907,1928/1/83,1928 – 1928,2026-07-23
Incoming passenger list for PORT MELBOURNE arriving Brisbane 16 January 1928,9774298,A907,1928/1/82,1928 – 1928,2026-07-23
Incoming passenger list for JERVIS BAY arriving Brisbane  16 January 1928,9774297,A907,1928/1/81,1928 – 1928,2026-07-23
Incoming passenger list for SAINT ALBANS arriving Brisbane 21 January 1928,9774296,A907,1928/1/80,1928 – 1928,2026-07-23
Incoming passenger list for ORSOVA arriving Brisbane 23 January 1928,9774295,A907,1928/1/79,1928 – 1928,2026-07-23
Incoming passenger list for TREMEADON arriving Geelong 27 January 1928,9774294,A907,1928/1/78,1928 – 1928,2026-07-23
Incoming passenger list for TREMEADON arriving Newcastle 23 December 1927,9774293,A907,1928/1/77,1928 – 1928,2026-07-23
Incoming passenger list for PORT MELBOURNE arriving Melbourne 22 December 1927,9774292,A907,1928/1/76,1927 – 1927,2026-07-23
Incoming passenger list for PORT PIRIE arriving Melbourne 7 January 1928,9774291,A907,1928/1/75,1927 – 1928,2026-07-23
Incoming passenger list for SAINT ALBANS arriving Melbourne 30 January 1928,9774290,A907,1928/1/74,1928 – 1928,2026-07-23
Incoming passenger list for BERRIMA arriving Melbourne 30 January 1928,9774289,A907,1928/1/73,1928 – 1928,2026-07-23
Incoming passenger list for DEMOSTHENES arriving Melbourne 1 February 1928,9774288,A907,1928/1/72,1928 – 1928,2026-07-23
Incoming passenger list for ORVIETO arriving Melbourne 30 January 1928,9774287,A907,1928/1/71,1928 – 1928,2026-07-23
Incoming passenger list for TRICOLOR arriving Melbourne 26 January 1928,9774286,A907,1928/1/70,1928 – 1928,2026-07-23
Incoming passenger list for ARGYLLSHIRE arriving Melbourne 22 January 1928,9774285,A907,1928/1/69,1928 – 1928,2026-07-23
Incoming passenger list for NARKUNDA arriving Melbourne 22 January 1928,9774284,A907,1928/1/68,1928 – 1928,2026-07-23
Incoming passenger list for CITTA DI GENOVA arriving Melbourne 20 January 1928,9774283,A907,1928/1/67,1928 – 1928,2026-07-23
Incoming passenger list for SAWOKLA arriving Melbourne 20 January 1928,9774282,A907,1928/1/66,1928 – 1928,2026-07-23
Incoming passenger list for PORT BRISBANE arriving Melbourne 17 January 1928,9774281,A907,1928/1/65,1928 – 1928,2026-07-23
Incoming passenger list for TANGO MARU arriving Melbourne 16 January 1928,9774280,A907,1928/1/64,1928 – 1928,2026-07-23
Incoming passenger list for ALLER arriving Melbourne 16 January 1928,9774279,A907,1928/1/63,1928 – 1928,2026-07-23
Incoming passenger list for ORSOVA arriving Melbourne 16 January 1928,9774278,A907,1928/1/62,1928 – 1928,2026-07-23
Incoming passenger list for RUNIC arriving Melbourne 16 January 1928,9774277,A907,1928/1/61,1928 – 1928,2026-07-23
Incoming passenger list for BENDIGO arriving Melbourne 14 January 1928,9774276,A907,1928/1/60,1928 – 1928,2026-07-23
Incoming passenger list for MANUKA arriving Melbourne 12 January 1928,9774275,A907,1928/1/59,1928 – 1928,2026-07-23
Incoming passenger list for CEPHEE arriving Melbourne 11 January 1928,9774274,A907,1928/1/58,1928 – 1928,2026-07-23
Incoming passenger list for SIRDHANA arriving Melbourne 10 January 1928,9774272,A907,1928/1/57,1928 – 1928,2026-07-23
Incoming passenger list for LE MAIRE arriving Melbourne 15 January 1928,9774271,A907,1928/1/56,1928 – 1928,2026-07-23
Incoming passenger list for CHITRAL arriving Melbourne 9 January 1928,9774270,A907,1928/1/55,1928 – 1928,2026-07-23
Incoming passenger list for TASMAN arriving Melbourne 8 January 1928,9774269,A907,1928/1/54,1928 – 1928,2026-07-23
Incoming passenger list for CHANGTE arriving Melbourne 8 January 1928,9774268,A907,1928/1/53,1928 – 1928,2026-07-23
Incoming passenger list for TALLEYRAND arriving Melbourne 8 January 1928,9774267,A907,1928/1/52,1928 – 1928,2026-07-23
Incoming passenger list for PORT HUON arriving Melbourne 7 January 1928,9774266,A907,1928/1/51,1928 – 1928,2026-07-23
Incoming passenger list for JERVIS BAY arriving Melbourne 5 January 1928,9774265,A907,1928/1/50,1928 – 1928,2026-07-23
Incoming passenger list for ESSEN arriving Melbourne 3 January 1928,9774264,A907,1928/1/49,1928 – 1928,2026-07-23
Incoming passenger list for TANDA arriving Melbourne 2 January 1928,9774263,A907,1928/1/48,1928 – 1928,2026-07-23
Incoming passenger list for MAMILIUS arriving Melbourne 1 January 1928,9774262,A907,1928/1/47,1928 – 1928,2026-07-23
Incoming passenger list for ULIMAROA arriving Sydney 31 January 1928,9774261,A907,1928/1/46,1928 – 1928,2026-07-23
Incoming passenger list for RONA arriving Sydney 31 January 1928,9774260,A907,1928/1/45,1928 – 1928,2026-07-23
Incoming passenger list for SUVA arriving Sydney 29 January 1928,9774259,A907,1928/1/44,1928 – 1928,2026-07-23
Incoming passenger list for ARGYLLSHIRE arriving Sydney 29 January 1928,9774258,A907,1928/1/43,1928 – 1928,2026-07-23
Incoming passenger list for PORT BRISBANE arriving Sydney 30 January 1928,9774257,A907,1928/1/42,1928 – 1928,2026-07-23
Incoming passenger list for INKULA arriving Sydney 30 January 1928,9774256,A907,1928/1/41,1928 – 1928,2026-07-23
Incoming passenger list for FERNDALE arriving Sydney 30 January 1928,9774255,A907,1928/1/40,1928 – 1928,2026-07-23
Incoming passenger list for VENTURA arriving Sydney 29 December 1927,9774254,A907,1928/1/39,1927 – 1927,2026-07-23
Incoming passenger list for NARKUNDA arriving Sydney 25 January 1928,9774253,A907,1928/1/38,1928 – 1928,2026-07-23
Incoming passenger list for MARELLA arriving Sydney 25 January 1928,9774252,A907,1928/1/37,1928 – 1928,2026-07-23
Incoming passenger list for SAINT ALBANS arriving Sydney 23 January 1928,9774251,A907,1928/1/36,1927 – 1927,2026-07-23
Incoming passenger list for MAUNGANUI arriving Sydney 24 January 1928,9774250,A907,1928/1/35,1928 – 1928,2026-07-23
Incoming passenger list for MARAMA arriving Sydney 24 January 1928,9774249,A907,1928/1/34,1928 – 1928,2026-07-23
Incoming passenger list for RUNIC arriving Sydney 21 January 1928,9774248,A907,1928/1/33,1928 – 1928,2026-07-23
Incoming passenger list for CITTA DI GENOVA arriving Sydney 23 January 1928,9774247,A907,1928/1/32,1928 – 1928,2026-07-23
Incoming passenger list for MAKAMBO arriving Sydney 23 January 1928,9774246,A907,1928/1/31,1928 – 1928,2026-07-23
Incoming passenger list for MAKURA arriving Sydney 21 January 1928,9774245,A907,1928/1/30,1928 – 1928,2026-07-23
Incoming passenger list for SAINT JOSEPH arriving Sydney 21 January 1928,9774244,A907,1928/1/29,1928 – 1928,2026-07-23
Incoming passenger list for SIERRA arriving Sydney 20 January 1928,9774243,A907,1928/1/28,1928 – 1928,2026-07-23
Incoming passenger list for BENDIGO arriving Sydney 20 January 1928,9774242,A907,1928/1/27,1928 – 1928,2026-07-23
Incoming passenger list for ORSOVA arriving Sydney 19 January 1928,9774241,A907,1928/1/26,1928 – 1928,2026-07-23
"[Camouflage Training Centre - spares drawings, technical instructions and information sheets][item consists of 10 components] [COMPONENT 10. Camouflage Information sheets (contains 20 photographs)]",16180572,MP222/1,12 COMPONENT 10,1941 – 1942,2026-07-23
"[Camouflage Training Centre - spares drawings, technical instructions and information sheets][item consists of 10 components] [COMPONENT 9. Technical Instructions]",16180571,MP222/1,12 COMPONENT 9,1941 – 1942,2026-07-23
"[Camouflage Training Centre - spares drawings, technical instructions and information sheets][item consists of 10 components] [COMPONENT 8. Sun shield - medium tank M3 - Camouflage Wing SME (Fortress)(contains 55 photographs)]",16180570,MP222/1,12 COMPONENT 8,1941 – 1942,2026-07-23
"[Camouflage Training Centre - spares drawings, technical instructions and information sheets][item consists of 10 components] [COMPONENT 7. Dummy tank (contains 28 photographs)]",16180569,MP222/1,12 COMPONENT 7,1941 – 1942,2026-07-23
"[Camouflage Training Centre - spares drawings, technical instructions and information sheets][item consists of 10 components] [COMPONENT 6. Dummy AFV - Camouflage Anti-aircraft LMG - 3.7 Anti-aircraft umbrella - quick release frame for 3.7 heavy AA guns (contains 47 photographs)]",16180568,MP222/1,12 COMPONENT 6,1941 – 1942,2026-07-23
"[Camouflage Training Centre - spares drawings, technical instructions and information sheets][item consists of 10 components] [COMPONENT 5. Deception devices (drawings)]",16180567,MP222/1,12 COMPONENT 5,1941 – 1942,2026-07-23
"[Camouflage Training Centre - spares drawings, technical instructions and information sheets][item consists of 10 components] [COMPONENT 4. Deception devices (SORE)[file marked 17/21]",16180566,MP222/1,12 COMPONENT 4,1941 – 1942,2026-07-23
"[Camouflage Training Centre - spares drawings, technical instructions and information sheets][item consists of 10 components] [COMPONENT 3. drawings]",16180565,MP222/1,12 COMPONENT 3,1941 – 1942,2026-07-23
"[Camouflage Training Centre - spares drawings, technical instructions and information sheets][item consists of 10 components] [COMPONENT 2. Camouflage wing - spare drawings]",16180564,MP222/1,12 COMPONENT 2,1941 – 1942,2026-07-23
"[Camouflage Training Centre - spares drawings, technical instructions and information sheets][item consists of 10 components] [COMPONENT 1. Spares drawings - Camouflage Development and Training Centre]",1132174,MP222/1,12 COMPONENT 1,1941 – 1942,2026-07-23
Infantry Battalion,7765088,A10857,II/539/HE,1950 – 1957,2026-07-23
Heard Island - Sydney Radio failure of communications 1953 K [Ken] Dalziel (with graphs and charts),456060,P1556,HEARD ISLAND 1953,1953 – 1953,2026-07-23
Incoming passenger list for CENTAUR arriving Cossack 14 November 1927,9774089,A907,1927/11/127,1927 – 1927,2026-07-23
Incoming passenger list for ANTONIO arriving Wyndham 27 October 1927,9774088,A907,1927/11/126,1927 – 1927,2026-07-23
Incoming passenger list for CENTAUR arriving Geraldton 19 November 1927,9774087,A907,1927/11/125,1927 – 1927,2026-07-23
Incoming passenger list for SUEVIC arriving Albany 29 November 1927,9774086,A907,1927/11/124,1927 – 1927,2026-07-23
Incoming passenger list for VEDIC arriving Albany 23 November 1927,9774085,A907,1927/11/123,1927 – 1927,2026-07-23
Incoming passenger list for ANCHISES arriving Albany 7 November 1927,9774084,A907,1927/11/122,1927 – 1927,2026-07-23
Incoming passenger list for OSTERLEY arriving Fremantle 29 November 1927,9774083,A907,1927/11/121,1927 – 1927,2026-07-23
Incoming passenger list for CAPRERA arriving Fremantle 29 November 1927,9774082,A907,1927/11/120,1927 – 1927,2026-07-23
Incoming passenger list for MINDEROO arriving Fremantle 28 November 1927,9774081,A907,1927/11/119,1927 – 1927,2026-07-23
Incoming passenger list for ESPERANCE BAY arriving Fremantle 24 November 1927,9774080,A907,1927/11/118,1927 – 1927,2026-07-23
Incoming passenger list for MALOJA arriving Fremantle 28 November 1927,9774079,A907,1927/11/117,1927 – 1927,2026-07-23
Incoming passenger list for CENTAUR arriving Fremantle 20 November 1927,9774078,A907,1927/11/116,1927 – 1927,2026-07-23
Incoming passenger list for CITY OF SPARTA arriving Fremantle 19 November 1927,9774077,A907,1927/11/115,1927 – 1927,2026-07-23
Incoming passenger list for TARONGA arriving Fremantle 18 November 1927,9774076,A907,1927/11/114,1927 – 1927,2026-07-23
Incoming passenger list for ORONSAY arriving Fremantle 15 November 1927,9774075,A907,1927/11/113,1927 – 1927,2026-07-23
Incoming passenger list for RE D'ITALIA arriving Fremantle 13 November 1927,9774074,A907,1927/11/112,1927 – 1927,2026-07-23
Incoming passenger list for VILLE DE STRASBOURG arriving Fremantle 9 November 1927,9774073,A907,1927/11/111,1927 – 1927,2026-07-23
Incoming passenger list for COMORIN arriving Fremantle 7 November 1927,9774072,A907,1927/11/110,1927 – 1927,2026-07-23
Incoming passenger list for HOBSONS BAY arriving Fremantle 3 November 1927,9774071,A907,1927/11/109,1927 – 1927,2026-07-23
Incoming passenger list for ORMONDE arriving Fremantle 1 November 1927,9774070,A907,1927/11/108,1927 – 1927,2026-07-23
Incoming passenger list for GORGON arriving Fremantle 1 November 1927,9774069,A907,1927/11/107,1927 – 1927,2026-07-23
Incoming passenger list for SELJE arriving Port Pirie 25 November 1927,9774068,A907,1927/11/106,1927 – 1927,2026-07-23
Incoming passenger list for ESPERANCE BAY arriving Adelaide 29 November 1927,9774067,A907,1927/11/105,1927 – 1927,2026-07-23
Incoming passenger list for TARONGA arriving Adelaide 28 November 1927,9774066,A907,1927/11/104,1927 – 1927,2026-07-23
Incoming passenger list for CITY OF SPARTA arriving Adelaide 27 November 1927,9774065,A907,1927/11/103,1927 – 1927,2026-07-23
Incoming passenger list for MALOJA arriving Adelaide 27 November 1927,9774064,A907,1927/11/102,1927 – 1927,2026-07-23
Incoming passenger list for HAIMON arriving Adelaide 20 November 1927,9774063,A907,1927/11/101,1927 – 1927,2026-07-23
Incoming passenger list for RE D'ITALIA arriving Adelaide 19 November 1927,9774062,A907,1927/11/100,1927 – 1927,2026-07-23
Incoming passenger list for ORONSAY arriving Adelaide 19 November 1927,9774061,A907,1927/11/99,1927 – 1927,2026-07-23
Incoming passenger list for PORT DENISON arriving Adelaide 19 November 1927,9774060,A907,1927/11/98,1927 – 1927,2026-07-23
Incoming passenger list for ANCHISES arriving Adelaide 10 November 1927,9774059,A907,1927/11/97,1927 – 1927,2026-07-23
Incoming passenger list for BELTANA arriving Adelaide 9 November 1927,9774058,A907,1927/11/96,1927 – 1927,2026-07-23
Incoming passenger list for VILLE DE STRASBOURG arriving Adelaide 9 November 1927,9774057,A907,1927/11/95,1927 – 1927,2026-07-23
Incoming passenger list for HOBSONS BAY arriving Adelaide 8 November 1927,9774056,A907,1927/11/94,1927 – 1927,2026-07-23
Incoming passenger list for COMORIN arriving Adelaide 7 November 1927,9774055,A907,1927/11/93,1927 – 1927,2026-07-23
Incoming passenger list for SURREY arriving Adelaide 6 November 1927,9774054,A907,1927/11/92,1927 – 1927,2026-07-23
Incoming passenger list for ORMONDE arriving Adelaide 5 November 1927,9774053,A907,1927/11/91,1927 – 1927,2026-07-23
Incoming passenger list for MOOLTAN arriving Adelaide 29 November 1927,9774052,A907,1927/11/90,1927 – 1927,2026-07-23
Incoming passenger list for ARENDSKERK arriving Adelaide 26 November 1927,9774051,A907,1927/11/89,1927 – 1927,2026-07-23
Incoming passenger list for TAIPING arriving Townsville 29 November 1927,9774050,A907,1927/11/88,1927 – 1927,2026-07-23
Incoming passenger list for ARAFURA arriving Townsville 14 November 1927,9774049,A907,1927/11/87,1927 – 1927,2026-07-23
Incoming passenger list for AKI MARU arriving Townsville 2 November 1927,9774048,A907,1927/11/86,1927 – 1927,2026-07-23
Incoming passenger list for CHANGTE  arriving Townsville 1 November 1927,9774047,A907,1927/11/85,1927 – 1927,2026-07-23
Incoming passenger list for AKI MARU arriving Thursday Island 31 November 1927,9774046,A907,1927/11/84,1927 – 1927,2026-07-23
Incoming passenger list for CHANGTE arriving Thursday 29 Island October 1927,9774045,A907,1927/11/83,1927 – 1927,2026-07-23
Incoming passenger list for ARAMIA arriving Thursday Island 1 October 1927,9774043,A907,1927/11/81,1927 – 1927,2026-07-23
Incoming passenger list for TAIPING arriving Cairns 28 November 1927,9774042,A907,1927/11/80,1927 – 1927,2026-07-23
Incoming passenger list for MORINDA arriving Cairns 24 November 1927,9774041,A907,1927/11/79,1927 – 1927,2026-07-23
Incoming passenger list for ARAFURA arriving Cairns 13 November 1927,9774040,A907,1927/11/78,1927 – 1927,2026-07-23
Incoming passenger list for MORINDA arriving Cairns 5 November 1927,9774039,A907,1927/11/77,1927 – 1927,2026-07-23
Incoming passenger list for HOBSONS BAY arriving Brisbane 21 November 1927,9774038,A907,1927/11/76,1927 – 1927,2026-07-23
Incoming passenger list for ARAFURA arriving Brisbane 17 November 1927,9774037,A907,1927/11/75,1927 – 1927,2026-07-23
Incoming passenger list for MARELLA arriving Brisbane 15 November 1927,9774036,A907,1927/11/74,1927 – 1927,2026-07-23
Incoming passenger list for ORMONDE arriving Brisbane 14 November 1927,9774035,A907,1927/11/73,1927 – 1927,2026-07-23
Incoming passenger list for EURIPIDES arriving Brisbane 14 November 1927,9774034,A907,1927/11/72,1927 – 1927,2026-07-23
Incoming passenger list for MATARAM arriving Brisbane 10 November 1927,9774033,A907,1927/11/71,1927 – 1927,2026-07-23
Incoming passenger list for MORINDA arriving Brisbane 9 November 1927,9774032,A907,1927/11/70,1927 – 1927,2026-07-23
Incoming passenger list for AKI MARU arriving Brisbane 5 November 1927,9774031,A907,1927/11/69,1927 – 1927,2026-07-23
Incoming passenger list for CHANGTE arriving Brisbane 3 November 1927,9774030,A907,1927/11/68,1927 – 1927,2026-07-23
Incoming passenger list for MARKEN arriving Geelong 20 November 1927,9774029,A907,1927/11/67,1927 – 1927,2026-07-23
Incoming passenger list for BENALLA arriving Melbourne 3 October 1927,9774028,A907,1927/11/66,1927 – 1927,2026-07-23
Incoming passenger list for CITY OF SPARTA arriving Melbourne 30 November 1927,9774027,A907,1927/11/65,1927 – 1927,2026-07-23
Incoming passenger list for MALOJA arriving Melbourne 30 November 1927,9774026,A907,1927/11/64,1927 – 1927,2026-07-23
Incoming passenger list for VEDIC arriving Melbourne 29 November 1927,9774025,A907,1927/11/63,1927 – 1927,2026-07-23
Incoming passenger list for ARAFURA arriving Melbourne 27 November 1927,9774024,A907,1927/11/62,1927 – 1927,2026-07-23
Incoming passenger list for RE D'ITALIA arriving Melbourne 24 November 1927,9774023,A907,1927/11/61,1927 – 1927,2026-07-23
Incoming passenger list for PORT WELLINGTON arriving Melbourne 22 November 1927,9774022,A907,1927/11/60,1927 – 1927,2026-07-23
Incoming passenger list for MARELLA arriving Melbourne 21 November 1927,9774021,A907,1927/11/59,1927 – 1927,2026-07-23
Incoming passenger list for ORONSAY arriving Melbourne 21 November 1927,9774020,A907,1927/11/58,1927 – 1927,2026-07-23
Incoming passenger list for ANCHISES arriving Melbourne 14 November 1927,9774019,A907,1927/11/57,1927 – 1927,2026-07-23
Incoming passenger list for AKI MARU arriving Melbourne 14 November 1927,9774018,A907,1927/11/56,1927 – 1927,2026-07-23
Incoming passenger list for BELTANA arriving Melbourne 13 November 1927,9774017,A907,1927/11/55,1927 – 1927,2026-07-23
Incoming passenger list for TASMAN arriving Melbourne 13 November 1927,9774016,A907,1927/11/54,1927 – 1927,2026-07-23
Incoming passenger list for PORT FREMANTLE arriving Melbourne 12 November 1927,9774015,A907,1927/11/53,1927 – 1927,2026-07-23
Incoming passenger list for LAOMEDON arriving Melbourne 11 November 1927,9774014,A907,1927/11/52,1927 – 1927,2026-07-23
Incoming passenger list for VILLE DE STRASBOURG arriving Melbourne 11 November 1927,9774013,A907,1927/11/51,1927 – 1927,2026-07-23
Incoming passenger list for QUEDA arriving Melbourne 10 November 1927,9774012,A907,1927/11/50,1927 – 1927,2026-07-23
Incoming passenger list for HOBSONS BAY arriving Melbourne 10 November 1927,9774011,A907,1927/11/49,1927 – 1927,2026-07-23
Incoming passenger list for CHANGTE arriving Melbourne 9 November 1927,9774010,A907,1927/11/48,1927 – 1927,2026-07-23
Incoming passenger list for MANUKA arriving Melbourne 9 November 1927,9774009,A907,1927/11/47,1927 – 1927,2026-07-23
Incoming passenger list for SUVA arriving Melbourne 9 November 1927,9774008,A907,1927/11/46,1927 – 1927,2026-07-23
Incoming passenger list for TANCRED arriving Melbourne 8 November 1927,9774007,A907,1927/11/45,1927 – 1927,2026-07-23
Incoming passenger list for COMORIN arriving Melbourne 7 November 1927,9774006,A907,1927/11/44,1927 – 1927,2026-07-23
Incoming passenger list for ORMONDE arriving Melbourne 7 November 1927,9774005,A907,1927/11/43,1927 – 1927,2026-07-23
Incoming passenger list for MOOLTAN arriving Melbourne 1 November 1927,9774004,A907,1927/11/42,1927 – 1927,2026-07-23
Incoming passenger list for DAGFRED arriving Melbourne 1 November 1927,9774002,A907,1927/11/40,1927 – 1927,2026-07-23
Incoming passenger list for BARRABOOL arriving Melbourne 12 August 1927,9774001,A907,1927/11/39,1927 – 1927,2026-07-23
Incoming passenger list for BERRIMA arriving Melbourne 1 September 1927,9774000,A907,1927/11/38,1927 – 1927,2026-07-23
Incoming passenger list for SHIRALA arriving Melbourne 5 October 1927,9773999,A907,1927/11/37,1927 – 1927,2026-07-23
Incoming passenger list for NARKUNDA arriving Melbourne 3 October 1927,9773998,A907,1927/11/36,1927 – 1927,2026-07-23
Incoming passenger list for TREWORLAS arriving Newcastle 25 November 1927,9773997,A907,1927/11/35,1927 – 1927,2026-07-23
Incoming passenger list for RIGI arriving Newcastle 5 November 1927,9773996,A907,1927/11/34,1927 – 1927,2026-07-23
Incoming passenger list for QUEDA arriving Newcastle 22 November 1927,9773995,A907,1927/11/33,1927 – 1927,2026-07-23
Incoming passenger list for HIMALAYA MARU arriving Sydney 23 November 1927,9773994,A907,1927/11/32,1927 – 1927,2026-07-23
Incoming passenger list for ORONSAY arriving Sydney 24 November 1927,9773993,A907,1927/11/31,1927 – 1927,2026-07-23
Incoming passenger list for PORT SYDNEY arriving Sydney 19 November 1927,9773992,A907,1927/11/30,1927 – 1927,2026-07-23
Incoming passenger list for ULIMAROA arriving Sydney 22 November 1927,9773991,A907,1927/11/29,1927 – 1927,2026-07-23
Incoming passenger list for PORT FREMANTLE arriving Sydney 21 November 1927,9773990,A907,1927/11/28,1927 – 1927,2026-07-23
Incoming passenger list for ARAFURA arriving Sydney 19 November 1927,9773989,A907,1927/11/27,1927 – 1927,2026-07-23
Incoming passenger list for DUPLEIX arriving Sydney 30 November 1927,9773988,A907,1927/11/26,1927 – 1927,2026-07-23
Incoming passenger list for ANCHISES arriving Sydney 20 November 1927,9773987,A907,1927/11/25,1927 – 1927,2026-07-23
Incoming passenger list for MARSINA arriving Sydney 19 November 1927,9773986,A907,1927/11/24,1927 – 1927,2026-07-23
Incoming passenger list for MARELLA arriving Sydney 18 November 1927,9773985,A907,1927/11/23,1927 – 1927,2026-07-23
Incoming passenger list for BELTANA arriving Sydney 18 November 1927,9773984,A907,1927/11/22,1927 – 1927,2026-07-23
Incoming passenger list for VILLE DE STRASBOURG arriving Sydney 18 November 1927,9773983,A907,1927/11/21,1927 – 1927,2026-07-23
Incoming passenger list for HOBSONS BAY arriving Sydney 14 November 1927,9773982,A907,1927/11/20,1927 – 1927,2026-07-23
Incoming passenger list for SAINT JOSEPH arriving Sydney 15 November 1927,9773980,A907,1927/11/19,1927 – 1927,2026-07-23
Incoming passenger list for MAUNGANUI arriving Sydney 15 November 1927,9773979,A907,1927/11/18,1927 – 1927,2026-07-23
Incoming passenger list for MAIN arriving Sydney 14 November 1927,9773978,A907,1927/11/17,1927 – 1927,2026-07-23
Incoming passenger list for COMORIN arriving Sydney 17 November 1927,9773977,A907,1927/11/16,1927 – 1927,2026-07-23
Incoming passenger list for SIERRA arriving Sydney 17 November 1927,9773976,A907,1927/11/15,1927 – 1927,2026-07-23
Incoming passenger list for NIAGARA arriving Sydney 12 November 1927,9773975,A907,1927/11/14,1927 – 1927,2026-07-23
Incoming passenger list for MARAMA arriving Sydney 15 November 1927,9773974,A907,1927/11/13,1927 – 1927,2026-07-23
Incoming passenger list for MATARAM arriving Sydney 12 November 1927,9773973,A907,1927/11/12,1927 – 1927,2026-07-23
Incoming passenger list for MORINDA arriving Sydney 11 November 1927,9773972,A907,1927/11/11,1927 – 1927,2026-07-23
Incoming passenger list for ORMONDE arriving Sydney 10 November 1927,9773971,A907,1927/11/10,1927 – 1927,2026-07-23
Incoming passenger list for TASMAN arriving Sydney 5 November 1927,9773970,A907,1927/11/9,1927 – 1927,2026-07-23
Incoming passenger list for SUVA arriving Sydney 5 November 1927,9773969,A907,1927/11/8,1927 – 1927,2026-07-23
Incoming passenger list for EURIPIDES arriving Sydney 8 November 1927,9773968,A907,1927/11/7,1927 – 1927,2026-07-23
Incoming passenger list for ULIMAROA arriving Sydney 8 November 1927,9773967,A907,1927/11/6,1927 – 1927,2026-07-23
Incoming passenger list for COMMANDANT DESTREMAU arriving Sydney 8 November 1927,9773966,A907,1927/11/5,1927 – 1927,2026-07-23
Incoming passenger list for AKI MARU arriving Sydney 7 November 1927,9773965,A907,1927/11/4,1927 – 1927,2026-07-23
Incoming passenger list for MOOLTAN arriving Sydney 5 November 1927,9773964,A907,1927/11/3,1927 – 1927,2026-07-23
Incoming passenger list for CHANGTE arriving Sydney 5 November 1927,9773963,A907,1927/11/2,1927 – 1927,2026-07-23
Incoming passenger list for MAHENO arriving Sydney 1 November 1927,9773962,A907,1927/11/1,1927 – 1927,2026-07-23
Incoming passenger list for MARAMAR arriving Sydney 1 November 1927,9773961,A907,1927/10/144,1927 – 1927,2026-07-23
Incoming passenger list for PORT AUCKLAND arriving Sydney 30 October 1927,9773960,A907,1927/10/143,1927 – 1927,2026-07-23
Incoming passenger list for CITY OF PALERMO arriving Sydney 31 October 1927,9773959,A907,1927/10/142,1927 – 1927,2026-07-23
Incoming passenger list for YNGAREN arriving Sydney 31 October 1927,9773958,A907,1927/10/141,1927 – 1927,2026-07-23
Incoming passenger list for PORT NICHOLSON arriving Sydney 31 October 1927,9773957,A907,1927/10/140,1927 – 1927,2026-07-23
Incoming passenger list for SAINT VINCENT DE PAUL arriving Sydney 31 October 1927,9773956,A907,1927/10/139,1927 – 1927,2026-07-23
Incoming passenger list for TAHITI arriving Sydney 30 October 1927,9773955,A907,1927/10/138,1927 – 1927,2026-07-23
Incoming passenger list for MAKAMBO arriving Sydney 29 October 1927,9773954,A907,1927/10/137,1927 – 1927,2026-07-23
Incoming passenger list for BARADINE arriving Sydney 29 October 1927,9773953,A907,1927/10/136,1927 – 1927,2026-07-23
Incoming passenger list for NARINGA arriving Sydney 28 October 1927,9773952,A907,1927/10/135,1927 – 1927,2026-07-23
Incoming passenger list for VENTURA arriving Sydney 27 October 1927,9773951,A907,1927/10/134,1927 – 1927,2026-07-23
Incoming passenger list for PORT DENISON arriving Sydney 28 October 1927,9773950,A907,1927/10/133,1927 – 1927,2026-07-23
Incoming passenger list for MALABAR arriving Darwin 8 October 1927,9773949,A907,1927/10/132,1927 – 1927,2026-07-23
Incoming passenger list for MINDEROO arriving Cossack Roads 3 October 1927,9773948,A907,1927/10/131,1927 – 1927,2026-07-23
Incoming passenger list for GASCOYNE arriving Carnarvon 19 October 1927,9773947,A907,1927/10/130,1927 – 1927,2026-07-23
Incoming passenger list for GORGON arriving Port Hedland 24 October 1927,9773946,A907,1927/10/129,1927 – 1927,2026-07-23
Incoming passenger list for MINDEROO arriving Geraldton 7 October 1927,9773945,A907,1927/10/128,1927 – 1927,2026-07-23
Incoming passenger list for GORGON arriving Broome 24 October 1927,9773944,A907,1927/10/127,1927 – 1927,2026-07-23
Incoming passenger list for MINDEROO arriving Broome 1 October 1927,9773943,A907,1927/10/126,1927 – 1927,2026-07-23
Incoming passenger list for EURIPIDES arriving Albany 25 October 1927,9773942,A907,1927/10/125,1927 – 1927,2026-07-23
Incoming passenger list for ULYSSES arriving Albany 10 October 1927,9773941,A907,1927/10/124,1927 – 1927,2026-07-23
Incoming passenger list for QUEDA arriving Fremantle 28 October 1927,9773940,A907,1927/10/123,1927 – 1927,2026-07-23
Incoming passenger list for MOOLTAN arriving Fremantle 25 October 1927,9773939,A907,1927/10/122,1927 – 1927,2026-07-23
Heard Island 1953 - Personnel and mountain trips [file cover only - refer to associated sub-items],32324169,P1556,HEARD ISLAND 1953,1953 – 1953,2026-07-23
Heard Island 1953 - Fresh food [file cover only - refer to associated sub-items],32324168,P1556,HEARD ISLAND,1953 – 1953,2026-07-23
Heard Island - Food consumption sheets 1953-1954,456055,P1556,HEARD ISLAND 1953,1953 – 1953,2026-07-23
Fresh food report from Gwynn to Antarctica Melbourne,456053,P1556,HEARD ISLAND,1953 – 1953,2026-07-23
Hurd Point auroral observatory by J Donovan OIC Relief Operations,456050,P1556,HEARD ISLAND 1953,1953 – 1953,2026-07-23
Metox Radio Theodolite Heard Island Part II,456046,P1556,HEARD ISLAND 1953,1953 – 1953,2026-07-23
[76/ Pack - 'J' Class Submarines] Submarines 'J5' and 'J6' - Profile starbd [starboard] - As fitted [Ink on linen],32954994,MP551/1,76/16,1916 – 1916,2026-07-23
"[114/ Pack - HMAS AUSTRALIA (II) and HMAS CANBERRA (I) - 'KENT' CLASS HEAVY CRUISERS] [Low-level document, plan, or drawing]",32383813,MP551/1,114/342,1930 – 1930,2026-07-23
"[114/ Pack - HMAS AUSTRALIA (II) and HMAS CANBERRA (I) - 'KENT' CLASS HEAVY CRUISERS] [Low-level document, plan, or drawing]",32383790,MP551/1,114/156,1928 – 1928,2026-07-23
"[134/ Pack - HMS / HMAS WATERHEN (I) - 'V' and 'W' Class Destroyer] [Low-level document, plan, or drawing]",32368778,MP551/1,134/53A,1938 – 1938,2026-07-23
"[134/ Pack - HMS / HMAS WATERHEN (I) - 'V' and 'W' Class Destroyer] [Low-level document, plan, or drawing]",32368771,MP551/1,134/27,1918 – 1918,2026-07-23
"[131/ Pack - HMS / HMAS VAMPIRE (I) - 'V' and 'W' Class Destroyer] [Low-level document, plan, or drawing]",32368637,MP551/1,131/18,1918 – 1918,2026-07-23
[114A/ Pack - HMAS AUSTRALIA (II) - 'KENT' CLASS HEAVY CRUISER - As Fitted] HMAS AUSTRALIA - General arrangement - As fitted - Bridges and superstructure [Blueprint],32320968,MP551/1,114A/195/1,1937 – 1937,2026-07-23
"PERTH - Plan of hoist brake and interlocks for 6.7 ton electric seaplane crane, drawing number 96365, as fitted - Stothert and Pitt Limited Engineers, Bath, 9 Nov 1934 - Scale: various",32140723,MP551/1,137/P110,1934 – 1935,2026-07-23
"HMAS PERTH - Plan of embarking ammunition arrangements, profile (as fitted) - Portsmouth Yard, Constructive Department, 17 Jan 1936 - Sheet 1 of 2 - Scale: 1/16 inch to 1 foot",32140682,MP551/1,137/P62 SHEET 1,1936 – 1939,2026-07-23
"PERTH and for guidance in HOBART - Plan of type 281 and d/f [direction finding] FM 2 outfits, v/s [visual signalling] and w/t [wireless telegraphy] rig arrangements - Portsmouth Yard, Constructive Department, 2 Mar 1942 - Sheet 1 of 7 - Scale: 1/8 inch to 1 foot",32140486,MP551/1,137/53,1941 – 1943,2026-07-23
"Drawings, maps and plans - Arrangement of Elevator Mill and Cyclone [2 blueprints]",23801282,B490,13,1950 – 1950,2026-07-23
"Drawings, maps and plans - Ships No. 1014-15-16-17 - SATSA, SARKA, SAHRA. [1 plan]",23801286,B490,17,1949 – 1949,2026-07-23
"Drawings, maps and plans - RAAF Aircraft workshop, Geraldton - Layout for Whale treatment [1 plan]",23801277,B490,8,1949 – 1949,2026-07-23
"Drawings, maps and plans - Kvaernar Machine and Oil Separator [1 plan]",23801279,B490,10,1949 – 1949,2026-07-23
"Drawings, maps and plans - Dope Room Additions to Building No. 150 [2 copies of plan]",23801273,B490,4,1947 – 1947,2026-07-23
"Drawings, maps and plans - MV BUTLER WANG [Original plan and copy (of Norwegian Whale catcher)]",23801274,B490,5,1947 – 1947,2026-07-23
"Drawings, maps and plans - Building No. 150, Geraldton W.A. [10 plans of various sections]",23801270,B490,1,1940 – 1940,2026-07-23
MATEFI Hans - Arrived Sydney per Caledonian 28 April 1953,205816553,D4879,CALODONIAN 28 APRIL 1953 MATEFI H,1953 – 1953,2026-07-23
MATEFI Rosemari - Arrived Sydney per Caledonian 28 April 1953,205816554,D4879,CALODONIAN 28 APRIL 1953 MATEFI R,1953 – 1953,2026-07-23
HARSCHE Johanna - Arrived Sydney per Caledonian 28 April 1953,205816552,D4879,CALODONIAN 28 APRIL 1953 HARSCHE J,1953 – 1953,2026-07-23
"Nominee: Funk, Gabriel Patrick; Nominator: Funk, Paddy Henry [father]",5072453,J25,1972/20491,1956 – 1972,2026-07-23
"Kessler [nee Baptist], Marie Celine - born 7 September 1945 - Malaysian; husband James Frederick and child Sandra Winifred",5053947,J25,1973/1070,1971 – 1973,2026-07-23
"WILLIAMS, Owen - Service Number - 2964",32939605,J26,M37613,1919 – 1920,2026-07-23
"CODY, Thomas - Service Number - 2056A",32904630,J26,M23213,1919 – 1919,2026-07-23
"SCANLAN, Ernest Henry - Service Number - 267",32904793,J26,M23776,1918 – 1919,2026-07-23
Incoming passenger list for MALOJA arriving Melbourne 30 November 1927,9774543,A907,1928/3/44,1927 – 1927,2026-07-23
Incoming passenger list for COMMANDANT DESTREMAU arriving Port Kembla 10 March 1928,9774542,A907,1928/3/43,1928 – 1928,2026-07-23
Incoming passenger list for NILE arriving Port Kembla 15 March 1928,9774541,A907,1928/3/42,1928 – 1928,2026-07-23
Incoming passenger list for DAGFRED arriving Newcastle 4 March 1928,9774540,A907,1928/3/41,1928 – 1928,2026-07-23
Incoming passenger list for MESOPOTAMIA arriving Newcastle 1 March 1928,9774539,A907,1928/3/40,1928 – 1928,2026-07-23
Incoming passenger list for OSTERLEY arriving Sydney 29 March 1928,9774538,A907,1928/3/39,1928 – 1928,2026-07-23
Incoming passenger list for MATARAM arriving Sydney 17 March 1928,9774537,A907,1928/3/38,1928 – 1928,2026-07-23
Incoming passenger list for ULYSSES arriving Sydney 31 March 1928,9774536,A907,1928/3/37,1928 – 1928,2026-07-23
Incoming passenger list for AORANGI arriving Sydney 29 March 1928,9774535,A907,1928/3/36,1928 – 1928,2026-07-23
Incoming passenger list for HOBSONS BAY arriving Sydney 29 March 1928,9774534,A907,1928/3/35,1928 – 1928,2026-07-23
Incoming passenger list for ANTEN arriving Sydney 23 March 1928,9774533,A907,1928/3/34,1928 – 1928,2026-07-23
Incoming passenger list for PRINCIPE DI ULDINE arriving Sydney 27 March 1928,9774532,A907,1928/3/33,1928 – 1928,2026-07-23
Incoming passenger list for TANDA arriving Sydney 25 March 1928,9774531,A907,1928/3/32,1928 – 1928,2026-07-23
Incoming passenger list for NAGINA arriving Sydney 25 March 1928,9774530,A907,1928/3/31,1928 – 1928,2026-07-23
Incoming passenger list for SUVA arriving Sydney 24 March 1928,9774529,A907,1928/3/30,1928 – 1928,2026-07-23
Incoming passenger list for MAIN arriving Sydney 24 March 1928,9774528,A907,1928/3/29,1928 – 1928,2026-07-23
Incoming passenger list for MARELLA arriving Sydney 22 March 1928,9774527,A907,1928/3/28,1928 – 1928,2026-07-23
Incoming passenger list for MALOJA arriving Sydney 22 March 1928,9774526,A907,1928/3/27,1928 – 1928,2026-07-23
Incoming passenger list for SIERRA arriving Sydney 22 March 1928,9774525,A907,1928/3/26,1928 – 1928,2026-07-23
Incoming passenger list for MARSINA arriving Sydney 21 March 1928,9774524,A907,1928/3/25,1928 – 1928,2026-07-23
Incoming passenger list for MARAMA arriving Sydney 20 March 1928,9774523,A907,1928/3/24,1928 – 1928,2026-07-23
Incoming passenger list for MAUNGANUI arriving Sydney 20 March 1928,9774522,A907,1928/3/23,1928 – 1928,2026-07-23
Incoming passenger list for MAKURA arriving Sydney 17 March 1928,9774521,A907,1928/3/22,1928 – 1928,2026-07-23
Incoming passenger list for BARADINE arriving Sydney 15 March 1928,9774520,A907,1928/3/21,1928 – 1928,2026-07-23
Incoming passenger list for ORONSAY arriving Sydney 15 March 1928,9774519,A907,1928/3/20,1928 – 1928,2026-07-23
Incoming passenger list for MISHIMA MARU arriving Sydney 13 March 1928,9774518,A907,1928/3/19,1928 – 1928,2026-07-23
Incoming passenger list for QUILOA arriving Sydney 12 March 1928,9774517,A907,1928/3/18,1928 – 1928,2026-07-23
Incoming passenger list for MIRRABOOKA arriving Sydney 11 March 1928,9774516,A907,1928/3/17,1928 – 1928,2026-07-23
Incoming passenger list for MORINDA arriving Sydney 11 March 1928,9774515,A907,1928/3/16,1928 – 1928,2026-07-23
Incoming passenger list for COMORIN arriving Sydney 8 March 1928,9774514,A907,1928/3/15,1928 – 1928,2026-07-23
Incoming passenger list for TASMAN arriving Sydney 8 March 1928,9774513,A907,1928/3/14,1928 – 1928,2026-07-23
Incoming passenger list for MONTORO arriving Sydney 6 March 1928,9774512,A907,1928/3/13,1928 – 1928,2026-07-23
Incoming passenger list for DUPLEIX arriving Sydney 11 March 1928,9774511,A907,1928/3/12,1928 – 1928,2026-07-23
Incoming passenger list for BORDA arriving Sydney 9 March 1928,9774510,A907,1928/3/11,1928 – 1928,2026-07-23
Incoming passenger list for BULLAREN arriving Sydney 7 March 1928,9774509,A907,1928/3/10,1928 – 1928,2026-07-23
Incoming passenger list for MAUNGANUI arriving Sydney 6 March 1928,9774508,A907,1928/3/9,1928 – 1928,2026-07-23
Incoming passenger list for MARAMA arriving Sydney 6 March 1928,9774507,A907,1928/3/8,1928 – 1928,2026-07-23
Incoming passenger list for CERAMIC arriving Sydney 5 March 1928,9774506,A907,1928/3/7,1928 – 1928,2026-07-23
Incoming passenger list for VILLE D'AMIENS arriving Sydney 5 March 1928,9774505,A907,1928/3/6,1928 – 1928,2026-07-23
Incoming passenger list for CHANGTE arriving Sydney 4 March 1928,9774504,A907,1928/3/5,1928 – 1928,2026-07-23
Incoming passenger list for CITY OF PALERMO arriving Sydney 4 March 1928,9774503,A907,1928/3/4,1928 – 1928,2026-07-23
Incoming passenger list for NIAGARA arriving Sydney 3 March 1928,9774502,A907,1928/3/3,1928 – 1928,2026-07-23
Incoming passenger list for VENTURA arriving Sydney 1 March 1928,9774501,A907,1928/3/2,1928 – 1928,2026-07-23
Incoming passenger list for ORMONDE arriving Sydney 1 March 1928,9774500,A907,1928/3/1,1928 – 1928,2026-07-23
Incoming passenger list for ANTONIO arriving Darwin 6 February 1928,9774499,A907,1928/2/136,1928 – 1928,2026-07-23
Incoming passenger list for MALABAR arriving Darwin 6 February 1928,9774498,A907,1928/2/135,1928 – 1928,2026-07-23
Incoming passenger list for GASCOYNE arriving Port Hedland 8 February 1928,9774497,A907,1928/2/134,1928 – 1928,2026-07-23
Incoming passenger list for GASCOYNE arriving Cossack 8 February 1928,9774496,A907,1928/2/133,1928 – 1928,2026-07-23
Incoming passenger list for GASCOYNE arriving Carnarvon 11 February 1928,9774495,A907,1928/2/132,1928 – 1928,2026-07-23
Incoming passenger list for CENTAUR arriving Broome 22 February 1928,9774494,A907,1928/2/131,1928 – 1928,2026-07-23
Incoming passenger list for GASCOYNE arriving Broome 6 February 1928,9774493,A907,1928/2/130,1928 – 1928,2026-07-23
Incoming passenger list for CERAMIC arriving Albany 22 February 1928,9774492,A907,1928/2/129,1928 – 1928,2026-07-23
Incoming passenger list for THEMISTOCLES arriving Albany 19 February 1928,9774491,A907,1928/2/128,1928 – 1928,2026-07-23
Incoming passenger list for NESTOR arriving Albany 12 February 1928,9774490,A907,1928/2/127,1928 – 1928,2026-07-23
Incoming passenger list for BARRABOOL arriving Fremantle 6 February 1928,9774489,A907,1928/2/126,1928 – 1928,2026-07-23
Incoming passenger list for CENTAUR arriving Fremantle 29 February 1928,9774488,A907,1928/2/125,1928 – 1928,2026-07-23
Incoming passenger list for COMORIN arriving Fremantle 28 February 1928,9774487,A907,1928/2/124,1928 – 1928,2026-07-23
Incoming passenger list for BORDA arriving Fremantle 22 February 1928,9774486,A907,1928/2/123,1928 – 1928,2026-07-23
Incoming passenger list for FORDSDALE arriving Fremantle 22 February 1928,9774485,A907,1928/2/122,1928 – 1928,2026-07-23
Incoming passenger list for CITY OF PALERMO arriving Fremantle 20 February 1928,9774483,A907,1928/2/120,1928 – 1928,2026-07-23
Incoming passenger list for VILLE D'AMIENS arriving Fremantle 20 February 1928,9774482,A907,1928/2/119,1928 – 1928,2026-07-23
Incoming passenger list for GASCOYNE arriving Fremantle 14 February 1928,9774481,A907,1928/2/118,1928 – 1928,2026-07-23
Incoming passenger list for MOOLTAN arriving Fremantle 14 February 1928,9774480,A907,1928/2/117,1928 – 1928,2026-07-23
Incoming passenger list for TAORMINA arriving Fremantle 14 February 1928,9774479,A907,1928/2/116,1928 – 1928,2026-07-23
Incoming passenger list for KANGAROO arriving Fremantle 11 February 1928,9774478,A907,1928/2/115,1928 – 1928,2026-07-23
Incoming passenger list for LARGS BAY arriving Fremantle 13 February 1928,9774477,A907,1928/2/114,1928 – 1928,2026-07-23
Incoming passenger list for OTRANTO arriving Fremantle 7 February 1928,9774476,A907,1928/2/113,1928 – 1928,2026-07-23
Incoming passenger list for REGINA D'ITALIA arriving Fremantle 1 February 1928,9774475,A907,1928/2/112,1928 – 1928,2026-07-23
Incoming passenger list for BORDA arriving Adelaide 29 February 1928,9774474,A907,1928/2/111,1928 – 1928,2026-07-23
Incoming passenger list for ORMONDE arriving Adelaide 27 February 1928,9774473,A907,1928/2/110,1928 – 1928,2026-07-23
Incoming passenger list for VILLE D'AMIENS arriving Adelaide 27 February 1928,9774472,A907,1928/2/109,1928 – 1928,2026-07-23
Incoming passenger list for CERAMIC arriving Adelaide 25 February 1928,9774471,A907,1928/2/108,1928 – 1928,2026-07-23
Incoming passenger list for TAORMINA arriving Adelaide 19 February 1928,9774470,A907,1928/2/107,1928 – 1928,2026-07-23
Incoming passenger list for MOOLTAN arriving Adelaide 18 February 1928,9774469,A907,1928/2/106,1928 – 1928,2026-07-23
Incoming passenger list for CREFELD arriving Adelaide 18 February 1928,9774468,A907,1928/2/105,1928 – 1928,2026-07-23
Incoming passenger list for NESTOR arriving Adelaide 16 February 1928,9774467,A907,1928/2/104,1928 – 1928,2026-07-23
Incoming passenger list for LARGS BAY arriving Adelaide 13 February 1928,9774466,A907,1928/2/103,1928 – 1928,2026-07-23
Incoming passenger list for OTRANTO arriving Adelaide 11 February 1928,9774465,A907,1928/2/102,1928 – 1928,2026-07-23
Incoming passenger list for BARRABOOL arriving Adelaide 6 February 1928,9774464,A907,1928/2/101,1928 – 1928,2026-07-23
Incoming passenger list for REGINA D'ITALIA arriving Adelaide 6 February 1928,9774463,A907,1928/2/100,1928 – 1928,2026-07-23
Incoming passenger list for CATHAY arriving Adelaide 4 February 1928,9774462,A907,1928/2/99,1928 – 1928,2026-07-23
Incoming passenger list for ORVIETO arriving Townsville 23 January 1928,9774461,A907,1928/2/98,1928 – 1928,2026-07-23
Incoming passenger list for RIO AZUE arriving Townsville 4 February 1928,9774460,A907,1928/2/97,1928 – 1928,2026-07-23
Incoming passenger list for MALABAR arriving Townsville 11 February 1928,9774459,A907,1928/2/96,1928 – 1928,2026-07-23
Incoming passenger list for AKI MARU arriving Brisbane 1 February 1928,9774457,A907,1928/2/94,1928 – 1928,2026-07-23
Incoming passenger list for CHANGTE arriving Cairns 26 February 1928,9774456,A907,1928/2/93,1928 – 1928,2026-07-23
Incoming passenger list for MORINDA arriving Cairns 2 February 1928,9774455,A907,1928/2/92,1928 – 1928,2026-07-23
Incoming passenger list for CHANGTE arriving Thursday Island 23 February 1928,9774454,A907,1928/2/91,1928 – 1928,2026-07-23
Incoming passenger list for ARAMIA arriving Thursday Island 20 February 1928,9774453,A907,1928/2/90,1928 – 1928,2026-07-23
Incoming passenger list for ADA arriving Thursday Island 24 February 1928,9774452,A907,1928/2/89,1928 – 1928,2026-07-23
Incoming passenger list for LARGS BAY arriving Brisbane 22 February 1928,9774451,A907,1928/2/88,1928 – 1928,2026-07-23
Incoming passenger list for OTRANTO arriving Brisbane 22 February 1928,9774450,A907,1928/2/87,1928 – 1928,2026-07-23
Incoming passenger list for ARAFURA arriving Brisbane 16 February 1928,9774449,A907,1928/2/86,1928 – 1928,2026-07-23
Incoming passenger list for DEMOSTHENES arriving Brisbane 15 February 1928,9774448,A907,1928/2/85,1928 – 1928,2026-07-23
Incoming passenger list for REGINA D'ITALIA arriving Brisbane 14 February 1928,9774447,A907,1928/2/84,1928 – 1928,2026-07-23
Incoming passenger list for MALABAR arriving Brisbane 14 February 1928,9774446,A907,1928/2/83,1928 – 1928,2026-07-23
Incoming passenger list for ORVIETO arriving Brisbane 6 February 1928,9774445,A907,1928/2/82,1928 – 1928,2026-07-23
Incoming passenger list for MORINDA arriving Brisbane 5 February 1928,9774444,A907,1928/2/81,1928 – 1928,2026-07-23
Incoming passenger list for AKI MARU arriving Brisbane 4 February 1928,9774443,A907,1928/2/80,1928 – 1928,2026-07-23
Incoming passenger list for HOUTMAN  arriving Brisbane 3 February 1928,9774442,A907,1928/2/79,1928 – 1928,2026-07-23
Incoming passenger list for MATARAM arriving Brisbane 2 February 1928,9774441,A907,1928/2/78,1928 – 1928,2026-07-23
Incoming passenger list for NALDERA arriving Melbourne 29 February 1928,9774440,A907,1928/2/77,1928 – 1928,2026-07-23
Incoming passenger list for SUVA arriving Melbourne 29 February 1928,9774439,A907,1928/2/76,1928 – 1928,2026-07-23
Incoming passenger list for VILLE D'AMIENS arriving Melbourne 29 February 1928,9774438,A907,1928/2/75,1928 – 1928,2026-07-23
Incoming passenger list for CERAMIC arriving Melbourne 29 February 1928,9774437,A907,1928/2/74,1928 – 1928,2026-07-23
Incoming passenger list for ORMONDE arriving Melbourne 27 February 1928,9774436,A907,1928/2/73,1928 – 1928,2026-07-23
Incoming passenger list for ARAFURA arriving Melbourne 27 February 1928,9774435,A907,1928/2/72,1928 – 1928,2026-07-23
Incoming passenger list for CALULU arriving Melbourne 25 February 1928,9774434,A907,1928/2/71,1928 – 1928,2026-07-23
Incoming passenger list for MANUKA arriving Melbourne 24 February 1928,9774433,A907,1928/2/70,1928 – 1928,2026-07-23
Incoming passenger list for INGA arriving Melbourne 24 February 1928,9774432,A907,1928/2/69,1928 – 1928,2026-07-23
Incoming passenger list for THEMISTOCLES arriving Melbourne 23 February 1928,9774431,A907,1928/2/68,1928 – 1928,2026-07-23
Incoming passenger list for TAORIMA arriving Melbourne 22 February 1928,9774430,A907,1928/2/67,1928 – 1928,2026-07-23
Incoming passenger list for CREFELD arriving Melbourne 22 February 1928,9774429,A907,1928/2/66,1928 – 1928,2026-07-23
Incoming passenger list for JANUS arriving Melbourne 21 February 1928,9774428,A907,1928/2/65,1928 – 1928,2026-07-23
Incoming passenger list for MOOLTAN arriving Melbourne 20 February 1928,9774427,A907,1928/2/64,1928 – 1928,2026-07-23
Incoming passenger list for MALABAR arriving Melbourne 20 February 1928,9774426,A907,1928/2/63,1928 – 1928,2026-07-23
Incoming passenger list for NESTOR arriving Melbourne 20 February 1928,9774425,A907,1928/2/62,1928 – 1928,2026-07-23
Incoming passenger list for LARGS BAY arriving Melbourne 15 February 1928,9774424,A907,1928/2/61,1928 – 1928,2026-07-23
Incoming passenger list for TOURAINE arriving Melbourne 14 February 1928,9774423,A907,1928/2/60,1928 – 1928,2026-07-23
Incoming passenger list for OTRANTO arriving Melbourne 13 February 1928,9774422,A907,1928/2/59,1928 – 1928,2026-07-23
Incoming passenger list for AKI MARU arriving Melbourne 13 February 1928,9774421,A907,1928/2/58,1928 – 1928,2026-07-23
Incoming passenger list for BARRABOOL arriving Melbourne 9 February 1928,9774420,A907,1928/2/57,1928 – 1928,2026-07-23
Incoming passenger list for HOUTMAN arriving Melbourne 9 February 1928,9774419,A907,1928/2/56,1928 – 1928,2026-07-23
Incoming passenger list for REGINA D'ITALIA arriving Melbourne 8 February 1928,9774418,A907,1928/2/55,1928 – 1928,2026-07-23
Incoming passenger list for CATHAY arriving Melbourne 6 February 1928,9774417,A907,1928/2/54,1928 – 1928,2026-07-23
Incoming passenger list for CITY OF SPARTA arriving Melbourne 6 February 1928,9774416,A907,1928/2/53,1928 – 1928,2026-07-23
Incoming passenger list for PORT HOBART arriving Melbourne 6 February 1928,9774415,A907,1928/2/52,1928 – 1928,2026-07-23
Incoming passenger list for MENES arriving Melbourne 4 February 1928,9774414,A907,1928/2/51,1928 – 1928,2026-07-23
Incoming passenger list for MANUKA arriving Melbourne 3 February 1928,9774413,A907,1928/2/50,1928 – 1928,2026-07-23
Incoming passenger list for MEDIC arriving Melbourne 5 February 1928,9774412,A907,1928/2/49,1928 – 1928,2026-07-23
Incoming passenger list for TAIPING arriving Melbourne 5 February 1928,9774411,A907,1928/2/48,1928 – 1928,2026-07-23
Incoming passenger list for SUVA arriving Melbourne 1 February 1928,9774410,A907,1928/2/47,1928 – 1928,2026-07-23
Incoming passenger list for SAIDAH MARU arriving Sydney 2 March 1928,9774409,A907,1928/2/46,1928 – 1928,2026-07-23
Incoming passenger list for TEMERAIRE arriving Sydney 28 February 1928,9774408,A907,1928/2/45,1928 – 1928,2026-07-23
Incoming passenger list for ULIMAROA arriving Sydney 28 February 1928,9774407,A907,1928/2/44,1928 – 1928,2026-07-23
Incoming passenger list for OAKPARK arriving Sydney 27 February 1928,9774406,A907,1928/2/43,1928 – 1928,2026-07-23
Incoming passenger list for MAKAMBO arriving Sydney 27 February 1928,9774405,A907,1928/2/42,1928 – 1928,2026-07-23
Incoming passenger list for THEMISTOCLES arriving Sydney 27 February 1928,9774404,A907,1928/2/41,1928 – 1928,2026-07-23
Incoming passenger list for SUVA arriving Sydney 26 February 1928,9774403,A907,1928/2/40,1928 – 1928,2026-07-23
Incoming passenger list for CREFELD arriving Sydney 25 February 1928,9774402,A907,1928/2/39,1928 – 1928,2026-07-23
Incoming passenger list for NESTOR arriving Sydney 25 February 1928,9774400,A907,1928/2/37,1928 – 1928,2026-07-23
Incoming passenger list for PORT CAMPBELL arriving Sydney 23 February 1928,9774399,A907,1928/2/36,1928 – 1928,2026-07-23
Incoming passenger list for HIMALAYA MARU arriving Sydney 24 February 1928,9774398,A907,1928/2/35,1928 – 1928,2026-07-23
Incoming passenger list for MOOLTAN arriving Sydney 23 February 1928,9774397,A907,1928/2/34,1928 – 1928,2026-07-23
Incoming passenger list for MARAMA arriving Sydney 21 February 1928,9774396,A907,1928/2/33,1928 – 1928,2026-07-23
Incoming passenger list for MAUNGANUI arriving Sydney 21 February 1928,9774395,A907,1928/2/32,1928 – 1928,2026-07-23
Incoming passenger list for ARAFURA arriving Sydney 20 February 1928,9774394,A907,1928/2/31,1928 – 1928,2026-07-23
Incoming passenger list for LARGS BAY arriving Sydney 20 February 1928,9774393,A907,1928/2/30,1928 – 1928,2026-07-23
Incoming passenger list for CALULU arriving Sydney 19 February 1928,9774392,A907,1928/2/29,1928 – 1928,2026-07-23
Permission to marry Aboriginals - applications,340408,F1,1952/519,1950 – 1952,2026-07-23
KONGAS Valev born 18 June 1925,4707280,A11944,492,1948 – 1948,2026-07-23
JUST Allan born 30 April 1930,4707166,A11944,471,1948 – 1948,2026-07-23
JAKAITIS Bronius born 23 March 1915,4707143,A11944,460,1948 – 1948,2026-07-23
Post Office Advertisement - Danger Bathurst Won't Accept Every 27 Code,6678264,C3960,BATHURST,1963 – 1988,2026-07-23
Reports - Survey of Health of Former Atomic Test Personnel (November 1983) - Causes of Death of Former Atomic Test Personnel (November 1983),12101822,A11354,HS71,1983 – 1983,2026-07-23
Parish of Bundaberg - County of Cook - [Rifle Range Bundaberg],16185104,BP190/1,RR257,1909 – 1960,2026-07-22
Parish of Bundaberg - County of Cook [Old and new rifle range],16185103,J56,QL981 PART 1A,1910 – 1913,2026-07-22
"Sullage treatment plant for kitchen, abultion and urinal wastes from military camps - Townsville",12483033,J153,T454,1942 – 1959,2026-07-22
No 12 AOD - Townsville - Layout of sullage drainage,12251926,J156,ET140,1943 – 1944,2026-07-22
No 12 AOD - Townsville Engineering Services,12251925,J156,ET139,1944 – 1944,2026-07-22
Aboriginal Half Caste Population Records - George Holtze,929408,F984,HOLTZE G,1925 – 1956,2026-07-22
Residency Alice Springs,636275,F1,1954/525,1950 – 1956,2026-07-22
Bruno Balde [Yugoslavian - Arrived Melbourne per WATERMAN 02 April 1959],9399718,SP908/1,YUGOSLAVIAN/BALDE BRUNO,1959 – 1968,2026-07-22
Filippo Pulitano [Italian - Arrived Sydney per AURELIA 19 August 1963],8762441,SP908/1,ITALIAN/PULITANO FILIPPO,1963 – 1968,2026-07-22
"Carmela Pulitano [Also known as: Nobile, Italian - Arrived Sydney per Aircraft 7 February 1964]",8762440,SP908/1,ITALIAN/PULITANO CARMELA,1964 – 1968,2026-07-22
War Crimes Affidavit - GAA Armstrong; NX22888 GA Whipp; NX58618 RF Kearsely; RJ Buckland; VX32843 TA Pratt; NX6637 CW Jackson; NX29876 RS Donkin; NX42702 DH Robertson; NX72830 HR Convery; NX22806 AL Gordon; NX66818 A Snedden; NX25817 WS Edwards; NX54494 JC Anderson; NX54882 JW Jackson; VX39848 JR Walker; NX38158 C McInerney; AT Wilder; NX33617 AC Norton; and NX70004 AC Kemsley [Box 351],3162025,SP459/1,573/1/371,1946 – 1946,2026-07-22
BOSANQUET Stuart H [box 38],203316703,J38,QMSS04064-01,1968 – 2004,2026-07-22
"Doman, Maxwell Arthur - service number 4/425 - date of birth 27-Jul-1924",22090338,AP243/3,4/425,1939 – 1960,2026-07-22
"Rudolf Heinrich Walter,  Ruth Erika and Karl Heinz GUENTHROTH family file [formerly known as Stahlschmidt][German migrants: naturalisation file] date of arrival 24 Jun 1952",12364784,SP1122/1,N1957/34906,1957 – 1961,2026-07-22
Terranora - Coaxial Cable Route - Acquisition of site  [Box 4],1023462,SP755/1,61/194,1961 – 1964,2026-07-22
PYLYPENKO Aleksis born 1 February 1918; Klaudia born 19 November 1927,4707309,A11944,378-379,1948 – 1948,2026-07-22
[44/ Pack - HMAS ADELAIDE (I) - Improved 'TOWN' Class Light Cruiser] HMAS ADELAIDE - Forecastle deck and bridges (As fitted) - Arrangement prior to refit at Williamstown 1943 [Diazotype],32954525,MP551/1,44/12C,1943 – 1943,2026-07-22
[63/ Pack - Motor Launch for Spectacle Island] Design no [number] 47 - Launch for Spectacle Island - General arrangement [Ink on linen],32954675,MP551/1,63/1A,1870 – 1957,2026-07-22
"[136/ Pack - HMAS SYDNEY (II) - 'Modified 'LEANDER' Class Cruiser (Overseers copies)] [Low-level document, plan, or drawing]",32368795,MP551/1,136/16,1933 – 1933,2026-07-22
"[136/ Pack - HMAS SYDNEY (II) - 'Modified 'LEANDER' Class Cruiser (Overseers copies)] [Low-level document, plan, or drawing]",32368792,MP551/1,136/12,1933 – 1933,2026-07-22
[136W/ Pack - HMAS SYDNEY (II) - 'Modified 'LEANDER' Class Cruiser - Working drawings] HMAS SYDNEY - Arrangement of boat stowage & revolving type catapult - Sheet 1 [Blueprint],203017644,MP551/1,136W/43,1934 – 1934,2026-07-22
"[136/ Pack - HMAS SYDNEY (II) - 'Modified 'LEANDER' Class Cruiser (Overseers copies)] 'AMPHION', 'APOLLO' and HMAS SYDNEY - Paravane arrangements - Details of stanchions and derrick [Diazotype on linen]",203017343,MP551/1,136/499B,1934 – 1935,2026-07-22
"[136/ Pack - HMAS SYDNEY (II) - 'Modified 'LEANDER' Class Cruiser (Overseers copies)] [Low-level document, plan, or drawing]",203017380,MP551/1,136/537,1932 – 1935,2026-07-22
"[136/ Pack - HMAS SYDNEY (II) - 'Modified 'LEANDER' Class Cruiser (Overseers copies)] [Low-level document, plan, or drawing]",203017056,MP551/1,136/215A,1934 – 1934,2026-07-22
"[136/ Pack - HMAS SYDNEY (II) - 'Modified 'LEANDER' Class Cruiser (Overseers copies)] [Low-level document, plan, or drawing]",203017140,MP551/1,136/306C,1934 – 1934,2026-07-22
"[136/ Pack - HMAS SYDNEY (II) - 'Modified 'LEANDER' Class Cruiser (Overseers copies)] [Low-level document, plan, or drawing]",203017006,MP551/1,136/174E,1933 – 1934,2026-07-22
"Alojzija Lehpamer [Yugoslavian - arrived Sydney per FLAMINIA, 30 Dec 1960.  Box 1466]",9636024,SP908/1,YUGOSLAVIAN/LEHPAMER ALOJZIJA,1960 – 1960,2026-07-22
Luigi & Iolanda GRANATA - family file [naturalisation file] [Box 3336],962760,SP1122/1,N1958/32185,1958 – 1980,2026-07-22
HMAS Canberra - Ship's Log - 1 March 1941 - 31 March 1941 [Box 135],9415504,SP551/1,BUNDLE 126/14,1941 – 1941,2026-07-22
Vincenzo Pascoli [Italian - Arrived Sydney per AUSTRALIA 19 July 1952],8787700,SP908/1,ITALIAN/PASCOLI VINCENZO,1952 – 1968,2026-07-22
"Ilse Olga Vlachakis [previously known as Koch or Gotzer] [German, arrived Melbourne per CASTEL FELICE, 27 Jul 1959.  Box 395A]",7977088,SP908/1,GERMAN/VLACHAKIS ILSE OLGA,1959 – 1963,2026-07-22
"Arthur Mar Young, Jang Yick, George Archie, Tommy Yow, Quan See, Low Ling Chan, Man Lee, Ah Look, Sue Jock and Charlie Hee [Certificate Exempting from Dictation Test - includes left hand impression and photographs] [box 252]",7961518,ST84/1,1937/542/71-80,1937 – 1937,2026-07-22
"Michele Vartuli [Italian - arrived Adelaide per ORONTES, 1 Nov 1938.  Box 157]",7859161,SP11/2,ITALIAN/VARTULI M,1939 – 1945,2026-07-22
Hermann Heinrich Georg Koch [German - Arrived Melbourne per CASTEL FELICE 27 July 1959],7535005,SP908/1,GERMAN/KOCH HERMANN HEINRICH GEORG,1959 – 1968,2026-07-22
"Shields, Henry John Robert - TX5041 [WWII Army Pay File]",31616082,P804,TX5041,1939 – 1947,2026-07-22
Helensburgh - Coalfield Cottage - Lot 30 No 58 Walker Street - Tenancy to [Portion of title exempt] and Application for rental rebate,22260890,C424,PRO1976/1136,1976 – 1990,2026-07-22
"Gregory, Alex [formerly known as Sandor Gergely - born in Budapest Hungary on 26 January 1919] - Thomas Alex Gregory [also known as Thomas Alexander Gregory - formerly known as Tibor Gergely - born in 1949 - Immigration NSW office naturalization case file - includes alien registration form of Sandor Gergely with a black and white photograph]",16180555,SP1122/1,N1961/36769,1957 – 1975,2026-07-22
"Felton, Anne [formally known as Anika Funk - born in 1940 - Immigration NSW naturalization case file]",16180548,SP1122/1,N1960/16082,1957 – 1961,2026-07-22
GORNY Henryk DOB 11 July 1921,4179272,A11519,480,1948 – 1948,2026-07-22
Incoming passenger list for CHITRAL arriving Adelaide 17 September 1927,9773788,A907,1927/9/86,1927 – 1927,2026-07-22
Incoming passenger list for JANUS arriving Adelaide 10 September 1927,9773787,A907,1927/9/85,1927 – 1927,2026-07-22
Incoming passenger list for BORDA arriving Adelaide 8 September 1927,9773786,A907,1927/9/84,1927 – 1927,2026-07-22
Incoming passenger list for CITTA DI GENOVA arriving Adelaide 1 September 1927,9773785,A907,1927/9/83,1927 – 1927,2026-07-22
Incoming passenger list for TAIPING arriving Townsville 26 September 1927,9773784,A907,1927/9/82,1927 – 1927,2026-07-22
Incoming passenger list for HATIPARA arriving Townsville 29 September 1927,9773783,A907,1927/9/81,1927 – 1927,2026-07-22
Incoming passenger list for TANDA arriving Townsville 19 September 1927,9773782,A907,1927/9/80,1927 – 1927,2026-07-22
Incoming passenger list for MISHIMA MARU arriving Townsville 7 September 1927,9773781,A907,1927/9/79,1927 – 1927,2026-07-22
Incoming passenger list for TAIPING arriving Thursday Island 23 September 1927,9773780,A907,1927/9/78,1927 – 1927,2026-07-22
Incoming passenger list for TANDA arriving Thursday Island 16 September 1927,9773779,A907,1927/9/77,1927 – 1927,2026-07-22
Incoming passenger list for MARELLA arriving Thursday Island 10 September 1927,9773778,A907,1927/9/76,1927 – 1927,2026-07-22
Incoming passenger list for DELTA arriving Thursday Island 8 September 1927,9773777,A907,1927/9/75,1927 – 1927,2026-07-22
Incoming passenger list for MISHIMA MARU arriving Thursday Island 5 September 1927,9773776,A907,1927/9/74,1927 – 1927,2026-07-22
Incoming passenger list for TANDA arriving Cairns 18 September 1927,9773775,A907,1927/9/73,1927 – 1927,2026-07-22
Incoming passenger list for MORINDA arriving Cairns 4 September 1927,9773774,A907,1927/9/72,1927 – 1927,2026-07-22
Incoming passenger list for MATARAM arriving Brisbane 29 September 1927,9773773,A907,1927/9/71,1927 – 1927,2026-07-22
Incoming passenger list for TANDA arriving Brisbane 23 September 1927,9773771,A907,1927/9/69,1927 – 1927,2026-07-22
Incoming passenger list for MARELLA arriving Brisbane 16 September 1927,9773770,A907,1927/9/68,1927 – 1927,2026-07-22
Incoming passenger list for NESTOR arriving Brisbane 14 September 1927,9773769,A907,1927/9/67,1927 – 1927,2026-07-22
Incoming passenger list for MISHIMA MARU arriving Brisbane 10 September 1927,9773768,A907,1927/9/66,1927 – 1927,2026-07-22
Incoming passenger list for MORINDA arriving Brisbane 8 September 1927,9773767,A907,1927/9/65,1927 – 1927,2026-07-22
Incoming passenger list for ORAMA arriving Brisbane 5 September 1927,9773766,A907,1927/9/64,1927 – 1927,2026-07-22
Incoming passenger list for TASMAN arriving Brisbane 4 September 1927,9773765,A907,1927/9/63,1927 – 1927,2026-07-22
Incoming passenger list for CHANGTE arriving Brisbane 1 September 1927,9773764,A907,1927/9/62,1927 – 1927,2026-07-22
Incoming passenger list for WONGANELLA arriving Geelong 9 September 1927,9773763,A907,1927/9/61,1927 – 1927,2026-07-22
Incoming passenger list for MARELLA arriving Melbourne 22 September 1927,9773762,A907,1927/9/60,1927 – 1927,2026-07-22
Incoming passenger list for PORT ADELAIDE arriving Melbourne 28 September 1927,9773761,A907,1927/9/59,1927 – 1927,2026-07-22
Incoming passenger list for COMMISSAIRE-RAMEL arriving Melbourne 28 September 1927,9773760,A907,1927/9/58,1927 – 1927,2026-07-22
Incoming passenger list for CERAMIC arriving Melbourne 28 September 1927,9773759,A907,1927/9/57,1927 – 1927,2026-07-22
Incoming passenger list for CITY OF SPARTA arriving Melbourne 28 September 1927,9773758,A907,1927/9/56,1927 – 1927,2026-07-22
Incoming passenger list for ORSOVA arriving Melbourne 26 September 1927,9773757,A907,1927/9/55,1927 – 1927,2026-07-22
Incoming passenger list for REGINA D'ITALIA arriving Melbourne 23 September 1927,9773756,A907,1927/9/54,1927 – 1927,2026-07-22
Incoming passenger list for CHITRAL arriving Melbourne 19 September 1927,9773755,A907,1927/9/53,1927 – 1927,2026-07-22
Incoming passenger list for MISHIMA MARU arriving Melbourne 19 September 1927,9773754,A907,1927/9/52,1927 – 1927,2026-07-22
Incoming passenger list for JANUS arriving Melbourne 17 September 1927,9773753,A907,1927/9/51,1927 – 1927,2026-07-22
Incoming passenger list for SUVA arriving Melbourne 15 September 1927,9773752,A907,1927/9/50,1927 – 1927,2026-07-22
Incoming passenger list for THEMISTOCLES arriving Melbourne 11 September 1927,9773750,A907,1927/9/48,1927 – 1927,2026-07-22
Incoming passenger list for TASMAN arriving Melbourne 11 September 1927,9773749,A907,1927/9/47,1927 – 1927,2026-07-22
Incoming passenger list for MANUKA arriving Melbourne 9 September 1927,9773748,A907,1927/9/46,1927 – 1927,2026-07-22
Incoming passenger list for CHANGTE arriving Melbourne 8 September 1927,9773747,A907,1927/9/45,1927 – 1927,2026-07-22
Incoming passenger list for FORDSDALE arriving Melbourne 8 September 1927,9773746,A907,1927/9/44,1927 – 1927,2026-07-22
Incoming passenger list for NALDERA arriving Melbourne 5 September 1927,9773745,A907,1927/9/43,1927 – 1927,2026-07-22
Incoming passenger list for CITTA DI GENOVA arriving Melbourne 4 September 1927,9773744,A907,1927/9/42,1927 – 1927,2026-07-22
Incoming passenger list for TENERIFFA arriving Melbourne 1 September 1927,9773743,A907,1927/9/41,1927 – 1927,2026-07-22
Incoming passenger list for YOSERIC arriving Newcastle 22 September 1927,9773742,A907,1927/9/40,1927 – 1927,2026-07-22
Incoming passenger list for WONGANELLA arriving Newcastle 4 September 1927,9773741,A907,1927/9/39,1927 – 1927,2026-07-22
Incoming passenger list for ROXEN arriving Sydney 14 September 1927,9773740,A907,1927/9/38,1927 – 1927,2026-07-22
Incoming passenger list for ORSOVA arriving Sydney 28 September 1927,9773739,A907,1927/9/37,1927 – 1927,2026-07-22
Incoming passenger list for ULIMAROA arriving Sydney 27 September 1927,9773738,A907,1927/9/36,1927 – 1927,2026-07-22
Incoming passenger list for MADRAS MARU arriving Sydney 27 September 1927,9773737,A907,1927/9/35,1927 – 1927,2026-07-22
Incoming passenger list for SAINT VINCENT DE PAUL arriving Sydney 26 September 1927,9773736,A907,1927/9/34,1927 – 1927,2026-07-22
Incoming passenger list for TANDA arriving Sydney 26 September 1927,9773735,A907,1927/9/33,1927 – 1927,2026-07-22
Incoming passenger list for JANUS arriving Sydney 24 September 1927,9773734,A907,1927/9/32,1927 – 1927,2026-07-22
Incoming passenger list for CHITRAL arriving Sydney 22 September 1927,9773733,A907,1927/9/31,1927 – 1927,2026-07-22
Incoming passenger list for COMMANDANT DESTREMAU arriving Sydney 20 September 1927,9773732,A907,1927/9/30,1927 – 1927,2026-07-22
Incoming passenger list for MAHENE arriving Sydney 20 September 1927,9773731,A907,1927/9/29,1927 – 1927,2026-07-22
Incoming passenger list for MARAMA arriving Sydney 20 September 1927,9773730,A907,1927/9/28,1927 – 1927,2026-07-22
Incoming passenger list for BORDA arriving Sydney 19 September 1927,9773729,A907,1927/9/27,1927 – 1927,2026-07-22
Incoming passenger list for THEMISTOCLES arriving Sydney 17 September 1927,9773728,A907,1927/9/26,1927 – 1927,2026-07-22
Incoming passenger list for MAKAMBO arriving Sydney 18 September 1927,9773727,A907,1927/9/25,1927 – 1927,2026-07-22
Incoming passenger list for MARELLA arriving Sydney 18 September 1927,9773726,A907,1927/9/24,1927 – 1927,2026-07-22
Incoming passenger list for NIAGARA arriving Sydney 17 September 1927,9773725,A907,1927/9/23,1927 – 1927,2026-07-22
Incoming passenger list for MONTORO arriving Sydney 15 September 1927,9773724,A907,1927/9/22,1927 – 1927,2026-07-22
Incoming passenger list for SIERRA arriving Sydney 15 September 1927,9773723,A907,1927/9/21,1927 – 1927,2026-07-22
Incoming passenger list for TOURAINE arriving Sydney 13 September 1927,9773722,A907,1927/9/20,1927 – 1927,2026-07-22
Incoming passenger list for ULIMAROA arriving Sydney 13 September 1927,9773721,A907,1927/9/19,1927 – 1927,2026-07-22
Incoming passenger list for MISHIMA MARU arriving Sydney 12 September 1927,9773720,A907,1927/9/18,1927 – 1927,2026-07-22
Incoming passenger list for MORINDA arriving Sydney 10 September 1927,9773719,A907,1927/9/17,1927 – 1927,2026-07-22
Incoming passenger list for DUPLEIX arriving Sydney 12 September 1927,9773718,A907,1927/9/16,1927 – 1927,2026-07-22
Incoming passenger list for SUVA arriving Sydney 10 September 1927,9773717,A907,1927/9/15,1927 – 1927,2026-07-22
Incoming passenger list for MAHENE arriving Sydney 9 September 1927,9773716,A907,1927/9/14,1927 – 1927,2026-07-22
Incoming passenger list for PORT ALBANY arriving Sydney 9 September 1927,9773715,A907,1927/9/13,1927 – 1927,2026-07-22
Incoming passenger list for CITTA DI GENOVA arriving Sydney 9 September 1927,9773714,A907,1927/9/12,1927 – 1927,2026-07-22
Incoming passenger list for NALDERA arriving Sydney 8 September 1927,9773713,A907,1927/9/11,1927 – 1927,2026-07-22
Incoming passenger list for TASMAN arriving Sydney 6 September 1927,9773712,A907,1927/9/10,1927 – 1927,2026-07-22
Incoming passenger list for NESTOR arriving Sydney 5 September 1927,9773711,A907,1927/9/9,1927 – 1927,2026-07-22
Incoming passenger list for MARAMA arriving Sydney 6 September 1927,9773710,A907,1927/9/8,1927 – 1927,2026-07-22
Incoming passenger list for CITY OF PALERMO arriving Sydney 3 September 1927,9773709,A907,1927/9/7,1927 – 1927,2026-07-22
Incoming passenger list for TAHITI arriving Sydney 3 September 1927,9773708,A907,1927/9/6,1927 – 1927,2026-07-22
Incoming passenger list for SAINT JOSEPH arriving Sydney 4 September 1927,9773707,A907,1927/9/5,1927 – 1927,2026-07-22
Incoming passenger list for PORT HOBART arriving Sydney 2 September 1927,9773706,A907,1927/9/4,1927 – 1927,2026-07-22
Incoming passenger list for CHANGTE arriving Sydney 4 September 1927,9773705,A907,1927/9/3,1927 – 1927,2026-07-22
Incoming passenger list for ORAMA arriving Sydney 1 September 1927,9773704,A907,1927/9/2,1927 – 1927,2026-07-22
Incoming passenger list for BERRIMA arriving Sydney 1 September 1927,9773703,A907,1927/9/1,1927 – 1927,2026-07-22
Incoming passenger list for MALABAR arriving Darwin 5 August 1927,9773702,A907,1927/8/125,1927 – 1927,2026-07-22
Incoming passenger list for PORT HUON arriving Hobart 15 August 1927,9773701,A907,1927/8/124,1927 – 1927,2026-07-22
Incoming passenger list for MINDEROO arriving Carnarvon 15 August 1927,9773700,A907,1927/8/123,1927 – 1927,2026-07-22
Incoming passenger list for GORGON arriving Cossack Roads 28 August 1927,9773699,A907,1927/8/122,1927 – 1927,2026-07-22
Incoming passenger list for GORGON arriving Broome 26 August 1927,9773698,A907,1927/8/121,1927 – 1927,2026-07-22
Incoming passenger list for MINDEROO arriving Broome 12 August 1927,9773697,A907,1927/8/120,1927 – 1927,2026-07-22
Incoming passenger list for DEMOSTHENES arriving Albany 28 August 1927,9773696,A907,1927/8/119,1927 – 1927,2026-07-22
Incoming passenger list for NALDERA arriving Fremantle 30 August 1927,9773695,A907,1927/8/118,1927 – 1927,2026-07-22
Incoming passenger list for HATIPARA arriving Fremantle 29 August 1927,9773694,A907,1927/8/117,1927 – 1927,2026-07-22
Incoming passenger list for CITTA DI GENOVA arriving Fremantle 27 D18August 1927,9773693,A907,1927/8/116,1927 – 1927,2026-07-22
Incoming passenger list for CITY OF PALERMO arriving Fremantle 23 August 1927,9773692,A907,1927/8/115,1927 – 1927,2026-07-22
Incoming passenger list for ORAMA arriving Fremantle 22 August 1927,9773691,A907,1927/8/114,1927 – 1927,2026-07-22
Incoming passenger list for NESTOR arriving Fremantle 21 August 1927,9773690,A907,1927/8/113,1927 – 1927,2026-07-22
Incoming passenger list for MINDEROO arriving Fremantle 18 August 1927,9773689,A907,1927/8/112,1927 – 1927,2026-07-22
Incoming passenger list for MOLDAVIA arriving Fremantle 15 August 1927,9773688,A907,1927/8/111,1927 – 1927,2026-07-22
Incoming passenger list for BERRIMA arriving Fremantle 15 August 1927,9773687,A907,1927/8/110,1927 – 1927,2026-07-22
Incoming passenger list for MORETON BAY arriving Fremantle 11 August 1927,9773686,A907,1927/8/109,1927 – 1927,2026-07-22
Incoming passenger list for GASCOYNE arriving Fremantle 4 August 1927,9773685,A907,1927/8/108,1927 – 1927,2026-07-22
Incoming passenger list for MALOJA arriving Fremantle 1 August 1927,9773684,A907,1927/8/107,1927 – 1927,2026-07-22
Incoming passenger list for BELTANA  arriving Fremantle 18 August 1927,9773683,A907,1927/8/106,1927 – 1927,2026-07-22
Incoming passenger list for CITY OF PALERMO arriving Adelaide 29 August 1927,9773681,A907,1927/8/105,1927 – 1927,2026-07-22
Incoming passenger list for NESTOR arriving Adelaide 28 August 1927,9773680,A907,1927/8/104,1927 – 1927,2026-07-22
Incoming passenger list for ORAMA arriving Adelaide 27 August 1927,9773679,A907,1927/8/103,1927 – 1927,2026-07-22
Incoming passenger list for BERRIMA arriving Adelaide 23 August 1927,9773678,A907,1927/8/102,1927 – 1927,2026-07-22
Incoming passenger list for MOLDAVIA arriving Adelaide 19 August 1927,9773677,A907,1927/8/101,1927 – 1927,2026-07-22
Incoming passenger list for MORETON BAY arriving Adelaide 16 August 1927,9773676,A907,1927/8/100,1927 – 1927,2026-07-22
Incoming passenger list for BARRABOOL arriving Adelaide 5 August 1927,9773675,A907,1927/8/99,1927 – 1927,2026-07-22
Incoming passenger list for MALOJA arriving Adelaide 5 August 1927,9773674,A907,1927/8/98,1927 – 1927,2026-07-22
Incoming passenger list for PORT DUNEDIN arriving Adelaide 5 August 1927,9773673,A907,1927/8/97,1927 – 1927,2026-07-22
Incoming passenger list for CHANGTE arriving Townsville 29 August 1927,9773672,A907,1927/8/96,1927 – 1927,2026-07-22
Incoming passenger list for ARAFURA arriving Townsville 15 August 1927,9773671,A907,1927/8/95,1927 – 1927,2026-07-22
Incoming passenger list for MORINDA arriving Townsville 7 August 1927,9773670,A907,1927/8/94,1927 – 1927,2026-07-22
Incoming passenger list for AKI MARU arriving Townsville 5 August 1927,9773669,A907,1927/8/93,1927 – 1927,2026-07-22
Incoming passenger list for CHANGTE arriving Thursday Island 26 August 1927,9773668,A907,1927/8/92,1927 – 1927,2026-07-22
Incoming passenger list for ARAMIA arriving Thursday Island  21 August 1927,9773667,A907,1927/8/91,1927 – 1927,2026-07-22
Incoming passenger list for AKI MARU arriving Thursday Island 2 August 1927,9773666,A907,1927/8/90,1927 – 1927,2026-07-22
Incoming passenger list for CHANGTE arriving Cairns  28 August 1927,9773665,A907,1927/8/89,1927 – 1927,2026-07-22
Incoming passenger list for ARAFURA arriving Cairns 14 August 1927,9773664,A907,1927/8/88,1927 – 1927,2026-07-22
Incoming passenger list for MORINDA arriving Cairns 6 August 1927,9773663,A907,1927/8/87,1927 – 1927,2026-07-22
Incoming passenger list for MATARAM arriving Brisbane 19 August 1927,9773661,A907,1927/8/85,1927 – 1927,2026-07-22
Incoming passenger list for ARAFURA arriving Brisbane 18 August 1927,9773660,A907,1927/8/84,1927 – 1927,2026-07-22
Incoming passenger list for PORT BRISBANE arriving Brisbane 18 August 1927,9773659,A907,1927/8/83,1927 – 1927,2026-07-22
Incoming passenger list for DEMOSTHENES arriving Brisbane 15 August 1927,9773658,A907,1927/8/82,1927 – 1927,2026-07-22
Incoming passenger list for MALABAR arriving Brisbane 14 August 1927,9773657,A907,1927/8/81,1927 – 1927,2026-07-22
Incoming passenger list for MORINDA arriving Brisbane 11 August 1927,9773656,A907,1927/8/80,1927 – 1927,2026-07-22
Incoming passenger list for OSTERLEY arriving Brisbane 8 August 1927,9773655,A907,1927/8/79,1927 – 1927,2026-07-22
Incoming passenger list for AKI MARU arriving Brisbane 7 August 1927,9773654,A907,1927/8/78,1927 – 1927,2026-07-22
Incoming passenger list for ESPERANCE BAY arriving Brisbane 3 August 1927,9773653,A907,1927/8/77,1927 – 1927,2026-07-22
Incoming passenger list for HOUTMAN arriving Brisbane 3 August 1927,9773652,A907,1927/8/76,1927 – 1927,2026-07-22
Incoming passenger list for TAIPING arriving Brisbane 31 July 1927,9773651,A907,1927/8/75,1927 – 1927,2026-07-22
Incoming passenger list for PORT VICTOR arriving Melbourne 30 August 1927,9773650,A907,1927/8/74,1927 – 1927,2026-07-22
Incoming passenger list for NESTOR arriving Melbourne 31 August 1927,9773649,A907,1927/8/73,1927 – 1927,2026-07-22
Incoming passenger list for CITY OF PALERMO arriving Melbourne 31 August 1927,9773648,A907,1927/8/72,1927 – 1927,2026-07-22
Incoming passenger list for ORAMA arriving Melbourne 29 August 1927,9773647,A907,1927/8/71,1927 – 1927,2026-07-22
Incoming passenger list for BERRIMA arriving Melbourne 29 August 1927,9773646,A907,1927/8/70,1927 – 1927,2026-07-22
Incoming passenger list for ARAFURA arriving Melbourne 28 August 1927,9773645,A907,1927/8/69,1927 – 1927,2026-07-22
Incoming passenger list for PORT HOBART arriving Melbourne 28 August 1927,9773644,A907,1927/8/68,1927 – 1927,2026-07-22
Incoming passenger list for ANTONIO arriving Melbourne 25 August 1927,9773643,A907,1927/8/67,1927 – 1927,2026-07-22
Incoming passenger list for MOLDAVIA arriving Melbourne 21 August 1927,9773642,A907,1927/8/66,1927 – 1927,2026-07-22
Incoming passenger list for MANUKA arriving Melbourne 21 August 1927,9773641,A907,1927/8/65,1927 – 1927,2026-07-22
Incoming passenger list for TOURCOING arriving Melbourne 21 August 1927,9773640,A907,1927/8/64,1927 – 1927,2026-07-22
Incoming passenger list for MALABAR arriving Melbourne 20 August 1927,9773639,A907,1927/8/63,1927 – 1927,2026-07-22
Incoming passenger list for MORETON BAY arriving Melbourne 18 August 1927,9773638,A907,1927/8/62,1927 – 1927,2026-07-22
Incoming passenger list for SUVA arriving Melbourne 18 August 1927,9773637,A907,1927/8/61,1927 – 1927,2026-07-22
Incoming passenger list for ALLER arriving Sydney 19 January 1928,9774240,A907,1928/1/25,1928 – 1928,2026-07-22
Incoming passenger list for PORT BOWEN arriving Sydney 16 January 1928,9774238,A907,1928/1/23,1928 – 1928,2026-07-22
Incoming passenger list for CEPHEE arriving Sydney 16 January 1928,9774237,A907,1928/1/22,1928 – 1928,2026-07-22
Incoming passenger list for SUEVIC arriving Sydney 17 January 1928,9774236,A907,1928/1/21,1928 – 1928,2026-07-22
Incoming passenger list for SIRDHANA arriving Sydney 17 January 1928,9774235,A907,1928/1/20,1928 – 1928,2026-07-22
Incoming passenger list for ULIMAROA arriving Sydney 17 January 1928,9774234,A907,1928/1/19,1928 – 1928,2026-07-22
Incoming passenger list for TARONGA arriving Sydney 15 January 1928,9774233,A907,1928/1/18,1928 – 1928,2026-07-22
Incoming passenger list for PORT HUON arriving Sydney 15 January 1928,9774232,A907,1928/1/17,1928 – 1928,2026-07-22
Incoming passenger list for CHITRAL arriving Sydney 12 January 1928,9774231,A907,1928/1/16,1928 – 1928,2026-07-22
Incoming passenger list for MAUNSANUI arriving Sydney 10 January 1928,9774230,A907,1928/1/15,1928 – 1928,2026-07-22
Incoming passenger list for MARAMA arriving Sydney 10 January 1928,9774229,A907,1928/1/14,1928 – 1928,2026-07-22
Incoming passenger list for MORINDA arriving Sydney 9 January 1928,9774228,A907,1928/1/13,1928 – 1928,2026-07-22
Incoming passenger list for TANGO MARU arriving Sydney 9 January 1928,9774227,A907,1928/1/12,1928 – 1928,2026-07-22
Incoming passenger list for JERVIS BAY arriving Sydney 9 January 1928,9774226,A907,1928/1/11,1928 – 1928,2026-07-22
Incoming passenger list for MAMILIUS arriving Sydney 9 January 1928,9774225,A907,1928/1/10,1928 – 1928,2026-07-22
Incoming passenger list for ESSEN arriving Sydney 7 January 1928,9774224,A907,1928/1/9,1928 – 1928,2026-07-22
Incoming passenger list for NIAGARA arriving Sydney 7 January 1928,9774223,A907,1928/1/8,1928 – 1928,2026-07-22
Incoming passenger list for SUVA arriving Sydney 6 January 1928,9774222,A907,1928/1/7,1928 – 1928,2026-07-22
Incoming passenger list for TASMAN arriving Sydney 5 January 1928,9774221,A907,1928/1/6,1928 – 1928,2026-07-22
Incoming passenger list for CHANGTE arriving Sydney 4 January 1928,9774220,A907,1928/1/5,1928 – 1928,2026-07-22
Incoming passenger list for PORT MELBOURNE arriving Sydney 2 January 1928,9774219,A907,1928/1/4,1928 – 1928,2026-07-22
Incoming passenger list for MARSINA arriving Sydney 31 January 1928,9774218,A907,1928/1/3,1928 – 1928,2026-07-22
Incoming passenger list for ULIMAROA arriving Sydney 3 January 1928,9774217,A907,1928/1/2,1928 – 1928,2026-07-22
Incoming passenger list for DUPLEIX arriving Sydney 6 January 1928,9774216,A907,1928/1/1,1928 – 1928,2026-07-22
Incoming passenger list for NALDERA arriving Sydney 29 December 1927,9774215,A907,1927/12/120,1927 – 1927,2026-07-22
Incoming passenger list for CITY OF PALERMO arriving Sydney 31 December 1927,9774214,A907,1927/12/119,1927 – 1927,2026-07-22
Incoming passenger list for CANADIAN CONSTRUCTOR arriving Sydney 31 December 1927,9774213,A907,1927/12/118,1927 – 1927,2026-07-22
Incoming passenger list for TANDA arriving Sydney 25 December 1927,9774212,A907,1927/12/117,1927 – 1927,2026-07-22
Incoming passenger list for MATARAM arriving Sydney 24 December 1927,9774211,A907,1927/12/116,1927 – 1927,2026-07-22
Incoming passenger list for BALRANALD arriving Sydney 24 December 1927,9774210,A907,1927/12/115,1927 – 1927,2026-07-22
Incoming passenger list for GORGON arriving Fremantle 23 December 1927,9774209,A907,1927/12/114,1927 – 1927,2026-07-22
Incoming passenger list for MINDEROO arriving Broome 21 November 1927,9774208,A907,1927/12/113,1927 – 1927,2026-07-22
Incoming passenger list for GASCOYNE arriving Port Hedland 8 December 1927,9774207,A907,1927/12/112,1927 – 1927,2026-07-22
Incoming passenger list for GASCOYNE arriving Geraldton 12 December 1927,9774206,A907,1927/12/111,1927 – 1927,2026-07-22
Incoming passenger list for MAMILIUS arriving Albany 27 December 1927,9774205,A907,1927/12/110,1927 – 1927,2026-07-22
Incoming passenger list for CAPRERA arriving Fremantle 29 December 1927,9774204,A907,1927/12/109,1927 – 1927,2026-07-22
Incoming passenger list for NIRPUNA arriving Fremantle 27 December 1927,9774203,A907,1927/12/108,1927 – 1927,2026-07-22
Incoming passenger list for BENDIGO arriving Fremantle 31 December 1927,9774202,A907,1927/12/107,1927 – 1927,2026-07-22
Incoming passenger list for SIRDHANA arriving Fremantle  30 December 1927,9774201,A907,1927/12/106,1927 – 1927,2026-07-22
Incoming passenger list for GORGON arriving Fremantle 30 December 1927,9774200,A907,1927/12/105,1927 – 1927,2026-07-22
Incoming passenger list for TALLYRAND arriving Fremantle  30 December 1927,9774199,A907,1927/12/104,1927 – 1927,2026-07-22
Incoming passenger list for JERVIS BAY arriving Fremantle 29 December 1927,9774198,A907,1927/12/103,1927 – 1927,2026-07-22
Incoming passenger list for CITY OF PALERMO arriving Fremantle  20 December 1927,9774197,A907,1927/12/102,1927 – 1927,2026-07-22
Incoming passenger list for NALDERA arriving Fremantle 20 December 1927,9774196,A907,1927/12/101,1927 – 1927,2026-07-22
Incoming passenger list for ORAMA arriving Fremantle 13 December 1927,9774194,A907,1927/12/99,1927 – 1927,2026-07-22
Incoming passenger list for GASCOYNE arriving Fremantle 13 December 1927,9774193,A907,1927/12/98,1927 – 1927,2026-07-22
Incoming passenger list for BALRANALD arriving Fremantle 7 December 1927,9774192,A907,1927/12/97,1927 – 1927,2026-07-22
Incoming passenger list for ASCANIUS arriving Fremantle 6 December 1927,9774191,A907,1927/12/96,1927 – 1927,2026-07-22
Incoming passenger list for MOLDAVIA arriving Fremantle 5 December 1927,9774190,A907,1927/12/95,1927 – 1927,2026-07-22
Incoming passenger list for BALRANALD arriving Fremantle 7 December 1927,9774189,A907,1927/12/94,1927 – 1927,2026-07-22
Incoming passenger list for NIRPURA arriving Adelaide  27 December 1927,9774188,A907,1927/12/93,1927 – 1927,2026-07-22
Incoming passenger list for CITY OF PALERMO arriving Adelaide 26 December 1927,9774187,A907,1927/12/92,1927 – 1927,2026-07-22
Incoming passenger list for ESSEN arriving Adelaide 27 December 1927,9774186,A907,1927/12/91,1927 – 1927,2026-07-22
Incoming passenger list for NALDERA arriving Adelaide 26 December 1927,9774185,A907,1927/12/90,1927 – 1927,2026-07-22
Incoming passenger list for ADRASTUS arriving Adelaide 22 December 1927,9774184,A907,1927/12/89,1927 – 1927,2026-07-22
Incoming passenger list for MORETON BAY arriving Adelaide 20 December 1927,9774183,A907,1927/12/88,1927 – 1927,2026-07-22
Incoming passenger list for ORAMA arriving Adelaide 17 December 1927,9774182,A907,1927/12/87,1927 – 1927,2026-07-22
Incoming passenger list for FRANKEN arriving Adelaide 15 December 1927,9774181,A907,1927/12/86,1927 – 1927,2026-07-22
Incoming passenger list for ASCANIUS arriving Adelaide 14 December 1927,9774180,A907,1927/12/85,1927 – 1927,2026-07-22
Incoming passenger list for BALRANALD arriving Adelaide 12 December 1927,9774179,A907,1927/12/84,1927 – 1927,2026-07-22
Incoming passenger list for MOLDAVIA arriving Adelaide  10 December 1927,9774178,A907,1927/12/83,1927 – 1927,2026-07-22
Incoming passenger list for BALLARAT arriving Adelaide 9 December 1927,9774177,A907,1927/12/82,1927 – 1927,2026-07-22
Incoming passenger list for SUEVIC arriving Adelaide 4 December 1927,9774176,A907,1927/12/81,1927 – 1927,2026-07-22
Incoming passenger list for OSTERLEY arriving Adelaide 3 December 1927,9774175,A907,1927/12/80,1927 – 1927,2026-07-22
Incoming passenger list for ARAFURA arriving Townsville  16 December 1927,9774174,A907,1927/12/79,1927 – 1927,2026-07-22
Incoming passenger list for ROSERIA arriving Townsville 10 December 1927,9774173,A907,1927/12/78,1927 – 1927,2026-07-22
Incoming passenger list for CHANGTE arriving Townsville 30 December 1927,9774172,A907,1927/12/77,1927 – 1927,2026-07-22
Incoming passenger list for TANDA arriving Townsville 20 December 1927,9774171,A907,1927/12/76,1927 – 1927,2026-07-22
Incoming passenger list for TANDA arriving Cairns 19 December 1927,9774170,A907,1927/12/75,1927 – 1927,2026-07-22
Incoming passenger list for MORINDA arriving Cairns 5 December 1927,9774169,A907,1927/12/74,1927 – 1927,2026-07-22
Incoming passenger list for ORAMA arriving Brisbane 26 December 1927,9774168,A907,1927/12/73,1927 – 1927,2026-07-22
Incoming passenger list for SUEVIC arriving Brisbane  23 December 1927,9774167,A907,1927/12/72,1927 – 1927,2026-07-22
Incoming passenger list for TANDA arriving Brisbane 23 December 1927,9774166,A907,1927/12/71,1927 – 1927,2026-07-22
=E73Incoming passenger list for MATARAM arriving Brisbane 22 December 1927,9774165,A907,1927/12/70,1927 – 1927,2026-07-22
Incoming passenger list for BALRANALD arriving Brisbane 20 December 1927,9774164,A907,1927/12/69,1927 – 1927,2026-07-22
Incoming passenger list for OSTERLEY arriving Brisbane 15 December 1927,9774163,A907,1927/12/68,1927 – 1927,2026-07-22
Incoming passenger list for CAPRERA arriving Brisbane 15 December 1927,9774162,A907,1927/12/67,1927 – 1927,2026-07-22
Incoming passenger list for MALABAR arriving Brisbane 15 December 1927,9774161,A907,1927/12/66,1927 – 1927,2026-07-22
Incoming passenger list for ESPERANCE BAY arriving Brisbane 12 December 1927,9774160,A907,1927/12/65,1927 – 1927,2026-07-22
Incoming passenger list for MISHIMA MARU arriving Brisbane 10 December 1927,9774159,A907,1927/12/64,1927 – 1927,2026-07-22
Incoming passenger list for MORINDA arriving Brisbane 8 December 1927,9774158,A907,1927/12/63,1927 – 1927,2026-07-22
Incoming passenger list for ANCHISES arriving Brisbane 2 December 1927,9774157,A907,1927/12/62,1927 – 1927,2026-07-22
Incoming passenger list for TAIPING arriving Brisbane  1 December 1927,9774156,A907,1927/12/61,1927 – 1927,2026-07-22
Incoming passenger list for ORONSAY arriving Brisbane 1 December 1927,9774155,A907,1927/12/60,1927 – 1927,2026-07-22
Incoming passenger list for CITY OF SPARTA arriving Melbourne 3 December 1927,9774154,A907,1927/12/59,1927 – 1927,2026-07-22
Incoming passenger list for CITY OF PALERMO arriving Melbourne 28 December 1927,9774153,A907,1927/12/58,1927 – 1927,2026-07-22
Incoming passenger list for MANUKA arriving Melbourne 27 December 1927,9774152,A907,1927/12/57,1927 – 1927,2026-07-22
Incoming passenger list for MALDERA arriving Melbourne 26 December 1927,9774151,A907,1927/12/56,1927 – 1927,2026-07-22
Incoming passenger list for MORETON B AY arriving Melbourne 22 December 1927,9774150,A907,1927/12/55,1927 – 1927,2026-07-22
Incoming passenger list for MALABAR arriving Melbourne 21 December 1927,9774149,A907,1927/12/54,1927 – 1927,2026-07-22
Incoming passenger list for ORAMA arriving Melbourne 19 December 1927,9774148,A907,1927/12/53,1927 – 1927,2026-07-22
Incoming passenger list for FRANKEN arriving Melbourne 19 December 1927,9774147,A907,1927/12/52,1927 – 1927,2026-07-22
Incoming passenger list for MISHIMA MARU arriving Melbourne 18 December 1927,9774146,A907,1927/12/51,1927 – 1927,2026-07-22
Incoming passenger list for ASCANIUS arriving Melbourne 17 December 1927,9774145,A907,1927/12/50,1927 – 1927,2026-07-22
Incoming passenger list for BALRANALD arriving Melbourne 12 December 1927,9774144,A907,1927/12/49,1927 – 1927,2026-07-22
Incoming passenger list for SUEVIC arriving Melbourne 9 December 1927,9774143,A907,1927/12/48,1927 – 1927,2026-07-22
Incoming passenger list for MOLDAVIA arriving Melbourne 12 December 1927,9774142,A907,1927/12/47,1927 – 1927,2026-07-22
Incoming passenger list for TAIPING arriving Melbourne 11 December 1927,9774141,A907,1927/12/46,1927 – 1927,2026-07-22
Incoming passenger list for OSTERLEY arriving Melbourne 10 December 1927,9774140,A907,1927/12/45,1927 – 1927,2026-07-22
Incoming passenger list for CAPRERA arriving Melbourne 6 December 1927,9774139,A907,1927/12/44,1927 – 1927,2026-07-22
Incoming passenger list for ESPERANCE BAY arriving Melbourne 2 December 1927,9774138,A907,1927/12/43,1927 – 1927,2026-07-22
Incoming passenger list for MANUKA arriving Melbourne 1 December 1927,9774137,A907,1927/12/42,1927 – 1927,2026-07-22
Incoming passenger list for YOSERIC arriving Newcastle 30 December 1927,9774136,A907,1927/12/41,1927 – 1927,2026-07-22
Incoming passenger list for ANTONIO arriving Newcastle 27 December 1927,9774135,A907,1927/12/40,1927 – 1927,2026-07-22
Incoming passenger list for MAUNGANUI arriving Sydney 27 December 1927,9774134,A907,1927/12/39,1927 – 1927,2026-07-22
Incoming passenger list for MARAMA arriving Sydney 27 December 1927,9774133,A907,1927/12/38,1927 – 1927,2026-07-22
Incoming passenger list for TANDA arriving Sydney 25 December 1927,9774132,A907,1927/12/37,1927 – 1927,2026-07-22
Incoming passenger list for TAHITI arriving Sydney 24 December 1927,9774131,A907,1927/12/36,1927 – 1927,2026-07-22
Incoming passenger list for JOHN WILLIAMS arriving Sydney 23 December 1927,9774130,A907,1927/12/35,1927 – 1927,2026-07-22
Incoming passenger list for MORETON BAY arriving Sydney 26 December 1927,9774129,A907,1927/12/34,1927 – 1927,2026-07-22
Incoming passenger list for ASCANIUS arriving Sydney 22 December 1927,9774128,A907,1927/12/33,1927 – 1927,2026-07-22
Incoming passenger list for BALLARAT arriving Sydney 19 December 1927,9774127,A907,1927/12/32,1927 – 1927,2026-07-22
Incoming passenger list for PORT DUNEDIN arriving Sydney 21 December 1927,9774126,A907,1927/12/31,1927 – 1927,2026-07-22
Incoming passenger list for PORT PIRIE arriving Sydney 19 December 1927,9774125,A907,1927/12/30,1927 – 1927,2026-07-22
Incoming passenger list for ULIMAROA arriving Sydney 20 December 1927,9774124,A907,1927/12/29,1927 – 1927,2026-07-22
Incoming passenger list for EKNAREN arriving Sydney 19 December 1927,9774123,A907,1927/12/28,1927 – 1927,2026-07-22
Incoming passenger list for MALABAR arriving Sydney 18 December 1927,9774122,A907,1927/12/27,1927 – 1927,2026-07-22
Incoming passenger list for SUEVIC arriving Sydney 17 December 1927,9774121,A907,1927/12/26,1927 – 1927,2026-07-22
Incoming passenger list for BALRANALD arriving Sydney 17 December 1927,9774120,A907,1927/12/25,1927 – 1927,2026-07-22
Incoming passenger list for MOLDAVIA arriving Sydney 16 December 1927,9774119,A907,1927/12/24,1927 – 1927,2026-07-22
Incoming passenger list for MARAMA arriving Sydney 13 December 1927,9774118,A907,1927/12/23,1927 – 1927,2026-07-22
Incoming passenger list for MAUNGANUI arriving Sydney 13 December 1927,9774117,A907,1927/12/22,1927 – 1927,2026-07-22
Incoming passenger list for TAIPING arriving Sydney 3 December 1927,9774116,A907,1927/12/21,1927 – 1927,2026-07-22
Incoming passenger list for ORAMA arriving Sydney 22 December 1927,9774115,A907,1927/12/20,1927 – 1927,2026-07-22
Incoming passenger list for TARONGA arriving Sydney 19 December 1927,9774114,A907,1927/12/19,1927 – 1927,2026-07-22
Incoming passenger list for SAINT JOSEPH arriving Sydney 15 December 1927,9774113,A907,1927/12/18,1927 – 1927,2026-07-22
Incoming passenger list for MISHIMA MARU arriving Sydney 12 December 1927,9774112,A907,1927/12/17,1927 – 1927,2026-07-22
Incoming passenger list for OSTERLEY arriving Sydney 12 December 1927,9774111,A907,1927/12/16,1927 – 1927,2026-07-22
Incoming passenger list for PORT WELLINGTON arriving Sydney 12 December 1927,9774110,A907,1927/12/15,1927 – 1927,2026-07-22
Incoming passenger list for CAPRERA arriving Sydney 11 December 1927,9774109,A907,1927/12/14,1927 – 1927,2026-07-22
Incoming passenger list for MAKAMBO arriving Sydney 10 December 1927,9774108,A907,1927/12/13,1927 – 1927,2026-07-22
Incoming passenger list for MORINDA arriving Sydney 10 December 1927,9774107,A907,1927/12/12,1927 – 1927,2026-07-22
Incoming passenger list for AORANGI arriving Sydney 9 December 1927,9774106,A907,1927/12/11,1927 – 1927,2026-07-22
Incoming passenger list for SONOMA arriving Sydney 8 December 1927,9774105,A907,1927/12/10,1927 – 1927,2026-07-22
Incoming passenger list for SEMINOLE arriving Sydney 8 December 1927,9774104,A907,1927/12/9,1927 – 1927,2026-07-22
Incoming passenger list for MONTORO arriving Sydney 6 December 1927,9774103,A907,1927/12/8,1927 – 1927,2026-07-22
Incoming passenger list for ULIMAROA arriving Sydney 6 December 1927,9774102,A907,1927/12/7,1927 – 1927,2026-07-22
Incoming passenger list for ESPERANCE BAY arriving Sydney 4 December 1927,9774101,A907,1927/12/6,1927 – 1927,2026-07-22
Incoming passenger list for VEDIC  arriving Sydney 4 December 1927,9774100,A907,1927/12/5,1927 – 1927,2026-07-22
Incoming passenger list for HOUTMAN arriving Sydney 4 December 1927,9774099,A907,1927/12/4,1927 – 1927,2026-07-22
Incoming passenger list for SUVA arriving Sydney 4 December 1927,9774098,A907,1927/12/3,1927 – 1927,2026-07-22
Incoming passenger list for MALOJA arriving Sydney 5 December 1927,9774097,A907,1927/12/2,1927 – 1927,2026-07-22
Incoming passenger list for TAIPING arriving Sydney 3 December 1927,9774096,A907,1927/12/1,1927 – 1927,2026-07-22
Incoming passenger list for MARAMA arriving Sydney 29 December 1927,9774095,A907,1927/11/133,1927 – 1927,2026-07-22
Incoming passenger list for MAUNGANUI arriving Sydney 29 November 1927,9774094,A907,1927/11/132,1927 – 1927,2026-07-22
Incoming passenger list for RE D'ITALIA arriving Sydney 28 November 1927,9774093,A907,1927/11/131,1927 – 1927,2026-07-22
Incoming passenger list for MAKURA arriving Sydney 26 December 1927,9774092,A907,1927/11/130,1927 – 1927,2026-07-22
Incoming passenger list for HAIMON arriving Sydney 20 November 1927,9774091,A907,1927/11/129,1927 – 1927,2026-07-22
Incoming passenger list for MARELLA arriving Darwin 7 November 1927,9774090,A907,1927/11/128,1927 – 1927,2026-07-22
Incoming passenger list for GASCOYNE arriving Fremantle 22 October 1927,9773938,A907,1927/10/121,1927 – 1927,2026-07-22
Incoming passenger list for CITY OF PALERMO arriving Fremantle 19 October 1927,9773937,A907,1927/10/120,1927 – 1927,2026-07-22
Incoming passenger list for OTRANTO arriving Fremantle 18 October 1927,9773936,A907,1927/10/119,1927 – 1927,2026-07-22
Incoming passenger list for LARGS BAY arriving Fremantle 13 October 1927,9773935,A907,1927/10/118,1927 – 1927,2026-07-22
Incoming passenger list for BARADINE arriving Fremantle 10 October 1927,9773934,A907,1927/10/117,1927 – 1927,2026-07-22
Incoming passenger list for CATHAY arriving Fremantle 10 October 1927,9773933,A907,1927/10/116,1927 – 1927,2026-07-22
Incoming passenger list for MINDEROO arriving Fremantle 8 October 1927,9773932,A907,1927/10/115,1927 – 1927,2026-07-22
Incoming passenger list for NARINGA arriving Fremantle 4 October 1927,9773931,A907,1927/10/114,1927 – 1927,2026-07-22
Incoming passenger list for PALERMO arriving Fremantle 5 October 1927,9773930,A907,1927/10/113,1927 – 1927,2026-07-22
Incoming passenger list for ORVIETTO arriving Fremantle 4 October 1927,9773929,A907,1927/10/112,1927 – 1927,2026-07-22
Incoming passenger list for AUTOMEDON arriving Adelaide 28 October 1927,9773928,A907,1927/10/111,1927 – 1927,2026-07-22
Incoming passenger list for OTRANTO arriving Adelaide 22 October 1927,9773927,A907,1927/10/110,1927 – 1927,2026-07-22
Incoming passenger list for MOOLTAN arriving Adelaide 29 October 1927,9773926,A907,1927/10/109,1927 – 1927,2026-07-22
Incoming passenger list for EURIPIDES arriving Adelaide 29 October 1927,9773925,A907,1927/10/108,1927 – 1927,2026-07-22
Incoming passenger list for CITY OF PALERMO arriving Adelaide 26 October 1927,9773924,A907,1927/10/107,1927 – 1927,2026-07-22
Incoming passenger list for BARADINE arriving Adelaide 17 October 1927,9773923,A907,1927/10/106,1927 – 1927,2026-07-22
Incoming passenger list for LARGS BAY arriving Adelaide 17 October 1927,9773922,A907,1927/10/105,1927 – 1927,2026-07-22
Incoming passenger list for KOLN arriving Adelaide 13 October 1927,9773921,A907,1927/10/104,1927 – 1927,2026-07-22
Incoming passenger list for CATHAY arriving Adelaide 15 October 1927,9773920,A907,1927/10/103,1927 – 1927,2026-07-22
Incoming passenger list for ULYSSES arriving Adelaide 14 October 1927,9773919,A907,1927/10/102,1927 – 1927,2026-07-22
Incoming passenger list for PALERMO arriving Adelaide 11 October 1927,9773918,A907,1927/10/101,1927 – 1927,2026-07-22
Incoming passenger list for TANGO MARU arriving Adelaide 21 October 1927,9773917,A907,1927/10/100,1927 – 1927,2026-07-22
Incoming passenger list for ORVIETO arriving Adelaide 8 October 1927,9773916,A907,1927/10/99,1927 – 1927,2026-07-22
Incoming passenger list for SIRDHANA arriving Adelaide 5 October 1927,9773915,A907,1927/10/98,1927 – 1927,2026-07-22
Incoming passenger list for NARKUNDA arriving Adelaide 1 October 1927,9773914,A907,1927/10/97,1927 – 1927,2026-07-22
Incoming passenger list for NALDERA arriving Adelaide 3 September 1927,9773913,A907,1927/10/96,1927 – 1927,2026-07-22
Incoming passenger list for ORAMA arriving Adelaide 27 October 1927,9773912,A907,1927/10/95,1927 – 1927,2026-07-22
Incoming passenger list for SAINT ALBANS arriving Townsville 17 October 1927,9773911,A907,1927/10/94,1927 – 1927,2026-07-22
Incoming passenger list for TANGO MARU arriving Townsville  6 October 1927,9773910,A907,1927/10/93,1927 – 1927,2026-07-22
Incoming passenger list for SAINT ALBANS arriving Cairns 16 October 1927,9773909,A907,1927/10/92,1927 – 1927,2026-07-22
Incoming passenger list for CHANGTE arriving Cairns 31 October 1927,9773908,A907,1927/10/91,1927 – 1927,2026-07-22
Incoming passenger list for MORINDA arriving Cairns 5 October 1927,9773907,A907,1927/10/90,1927 – 1927,2026-07-22
Incoming passenger list for CROWN CITY arriving Brisbane 17 October 1927,9773906,A907,1927/10/89,1927 – 1927,2026-07-22
Incoming passenger list for OTRANTO arriving Brisbane 31 October 1927,9773905,A907,1927/10/88,1927 – 1927,2026-07-22
Incoming passenger list for ULYSSES arriving Brisbane 31 October 1927,9773904,A907,1927/10/87,1927 – 1927,2026-07-22
Incoming passenger list for KOLN arriving Brisbane 28 October 1927,9773903,A907,1927/10/86,1927 – 1927,2026-07-22
Incoming passenger list for LARGS BAY arriving Brisbane 28 October 1927,9773902,A907,1927/10/85,1927 – 1927,2026-07-22
Incoming passenger list for MALABAR arriving Brisbane 17 October 1927,9773901,A907,1927/10/84,1927 – 1927,2026-07-22
Incoming passenger list for ORVIETO arriving Brisbane 17 October 1927,9773900,A907,1927/10/83,1927 – 1927,2026-07-22
Incoming passenger list for MORINDA arriving Brisbane 9 October 1927,9773899,A907,1927/10/82,1927 – 1927,2026-07-22
Incoming passenger list for TANGO MARU arriving Brisbane 9 October 1927,9773898,A907,1927/10/81,1927 – 1927,2026-07-22
Incoming passenger list for HOUTMAN arriving Brisbane 4 October 1927,9773897,A907,1927/10/80,1927 – 1927,2026-07-22
Incoming passenger list for ORSOVA arriving Brisbane 3 October 1927,9773896,A907,1927/10/79,1927 – 1927,2026-07-22
Incoming passenger list for TAIPING arriving Brisbane 1 October 1927,9773895,A907,1927/10/78,1927 – 1927,2026-07-22
Incoming passenger list for PORT NICHOLSON arriving Melbourne 24 October 1927,9773894,A907,1927/10/77,1927 – 1927,2026-07-22
Incoming passenger list for TRIANON arriving Melbourne 28 October 1927,9773893,A907,1927/10/76,1927 – 1927,2026-07-22
Incoming passenger list for ALMKERK arriving Melbourne 29 October 1927,9773892,A907,1927/10/75,1927 – 1927,2026-07-22
Incoming passenger list for CITY OF PALERMO arriving Melbourne 28 October 1927,9773891,A907,1927/10/74,1927 – 1927,2026-07-22
Incoming passenger list for MALABAR arriving Melbourne 23 October 1927,9773889,A907,1927/10/72,1927 – 1927,2026-07-22
Incoming passenger list for MANUKA arriving Melbourne 23 October 1927,9773888,A907,1927/10/71,1927 – 1927,2026-07-22
Incoming passenger list for BARADINE arriving Melbourne 22 October 1927,9773887,A907,1927/10/70,1927 – 1927,2026-07-22
Incoming passenger list for YUGAREN arriving Melbourne 21 October 1927,9773886,A907,1927/10/69,1927 – 1927,2026-07-22
Incoming passenger list for LARGS BAY arriving Melbourne 20 October 1927,9773885,A907,1927/10/68,1927 – 1927,2026-07-22
Incoming passenger list for PORT AUCKLAND arriving Melbourne 19 October 1927,9773884,A907,1927/10/67,1927 – 1927,2026-07-22
Incoming passenger list for ULYSSES arriving Melbourne 17 October 1927,9773883,A907,1927/10/66,1927 – 1927,2026-07-22
Incoming passenger list for PALERMO arriving Melbourne 14 October 1927,9773882,A907,1927/10/65,1927 – 1927,2026-07-22
Incoming passenger list for THEMISTOCLES arriving Melbourne 11 September 1927,9773881,A907,1927/10/64,1927 – 1927,2026-07-22
Incoming passenger list for CATHAY arriving Melbourne 17 October 1927,9773880,A907,1927/10/63,1927 – 1927,2026-07-22
Incoming passenger list for CALULU arriving Melbourne 17 October 1927,9773879,A907,1927/10/62,1927 – 1927,2026-07-22
Incoming passenger list for TANGO MARU arriving Melbourne 17 October 1927,9773878,A907,1927/10/61,1927 – 1927,2026-07-22
Incoming passenger list for KOLN arriving Melbourne 17 October 1927,9773877,A907,1927/10/60,1927 – 1927,2026-07-22
Incoming passenger list for SIRDHANA arriving Melbourne 15 October 1927,9773876,A907,1927/10/59,1927 – 1927,2026-07-22
Incoming passenger list for HOUTMAN arriving Melbourne 9 October 1927,9773875,A907,1927/10/58,1927 – 1927,2026-07-22
Incoming passenger list for ORVIETO arriving Melbourne 10 October 1927,9773874,A907,1927/10/57,1927 – 1927,2026-07-22
Incoming passenger list for TAIPIING arriving Melbourne 7 October 1927,9773873,A907,1927/10/56,1927 – 1927,2026-07-22
Incoming passenger list for SHIRLA arriving Melbourne 5 October 1927,9773872,A907,1927/10/55,1927 – 1927,2026-07-22
Incoming passenger list for BENALLA arriving Melbourne 3 October 1927,9773871,A907,1927/10/54,1927 – 1927,2026-07-22
Incoming passenger list for NARKUNDA arriving Melbourne 3 October 1927,9773870,A907,1927/10/53,1927 – 1927,2026-07-22
Incoming passenger list for MANUKA arriving Melbourne 3 October 1927,9773869,A907,1927/10/52,1927 – 1927,2026-07-22
Incoming passenger list for TANDA arriving Melbourne 2 October 1927,9773868,A907,1927/10/51,1927 – 1927,2026-07-22
Incoming passenger list for ORSOVA arriving Melbourne 3 October 1927,9773867,A907,1927/10/50,1927 – 1927,2026-07-22
Incoming passenger list for CERAMIC arriving Melbourne 28 October 1927,9773866,A907,1927/10/49,1927 – 1927,2026-07-22
Incoming passenger list for CHRONOS arriving Port Kembla 14 October 1927,9773865,A907,1927/10/48,1927 – 1927,2026-07-22
Incoming passenger list for DAGFRED arriving Newcastle 28 October 1927,9773864,A907,1927/10/47,1927 – 1927,2026-07-22
Incoming passenger list for ORSOVA arriving Sydney 3 October 1927,9773863,A907,1927/10/46,1927 – 1927,2026-07-22
Incoming passenger list for OTRANTO arriving Sydney 27 October 1927,9773862,A907,1927/10/45,1927 – 1927,2026-07-22
Incoming passenger list for ULIMAROA arriving Sydney 25 October 1927,9773861,A907,1927/10/44,1927 – 1927,2026-07-22
Incoming passenger list for MONTORO arriving Sydney 25 October 1927,9773860,A907,1927/10/43,1927 – 1927,2026-07-22
Incoming passenger list for LARGS BAY arriving Sydney 24 October 1927,9773859,A907,1927/10/42,1927 – 1927,2026-07-22
Incoming passenger list for TUNGSHA rriving Sydney 24 October 1927,9773858,A907,1927/10/41,1927 – 1927,2026-07-22
Incoming passenger list for ULYSSES arriving Sydney 23 October 1927,9773857,A907,1927/10/40,1927 – 1927,2026-07-22
Incoming passenger list for ST ALBANS arriving Sydney 22 October 1927,9773856,A907,1927/10/39,1927 – 1927,2026-07-22
Incoming passenger list for KOLN arriving Sydney 21 October 1927,9773855,A907,1927/10/38,1927 – 1927,2026-07-22
Incoming passenger list for CATHAY arriving Sydney 20 October 1927,9773854,A907,1927/10/37,1927 – 1927,2026-07-22
Incoming passenger list for PALERMO arriving Sydney 20 October 1927,9773853,A907,1927/10/36,1927 – 1927,2026-07-22
Incoming passenger list for CROWN CITY arriving Sydney 20 October 1927,9773852,A907,1927/10/35,1927 – 1927,2026-07-22
Incoming passenger list for INKULA arriving Sydney 19 October 1927,9773851,A907,1927/10/34,1927 – 1927,2026-07-22
Incoming passenger list for MALABAR arriving Sydney 19 October 1927,9773850,A907,1927/10/33,1927 – 1927,2026-07-22
Incoming passenger list for MARAMA arriving Sydney 18 October 1927,9773849,A907,1927/10/32,1927 – 1927,2026-07-22
Incoming passenger list for MAHENO arriving Sydney 18 October 1927,9773848,A907,1927/10/31,1927 – 1927,2026-07-22
Incoming passenger list for DUPLEIX arriving Sydney 17 October 1927,9773847,A907,1927/10/30,1927 – 1927,2026-07-22
Incoming passenger list for TISNAIER arriving Sydney 16 October 1927,9773846,A907,1927/10/29,1927 – 1927,2026-07-22
Incoming passenger list for TENERIFFA arriving Sydney 15 October 1927,9773845,A907,1927/10/28,1927 – 1927,2026-07-22
Incoming passenger list for ORVIETO arriving Sydney 13 October 1927,9773844,A907,1927/10/27,1927 – 1927,2026-07-22
Incoming passenger list for AORANGI arriving Sydney 13 October 1927,9773843,A907,1927/10/26,1927 – 1927,2026-07-22
Incoming passenger list for CALULU arriving Sydney 11 October 1927,9773842,A907,1927/10/25,1927 – 1927,2026-07-22
Incoming passenger list for MORINDA arriving Sydney 11 October 1927,9773841,A907,1927/10/24,1927 – 1927,2026-07-22
Incoming passenger list for ULIMAROA arriving Sydney 11 October 1927,9773840,A907,1927/10/23,1927 – 1927,2026-07-22
Incoming passenger list for SHIRLA arriving Sydney 11 October 1927,9773839,A907,1927/10/22,1927 – 1927,2026-07-22
Incoming passenger list for TANGO MARU arriving Sydney 11 October 1927,9773838,A907,1927/10/21,1927 – 1927,2026-07-22
Incoming passenger list for JOHN WILLIAMS arriving Sydney 9 October 1927,9773836,A907,1927/10/19,1927 – 1927,2026-07-22
Incoming passenger list for SUVA arriving Sydney 9 October 1927,9773835,A907,1927/10/18,1927 – 1927,2026-07-22
Incoming passenger list for MARSINA arriving Sydney 8 October 1927,9773834,A907,1927/10/17,1927 – 1927,2026-07-22
Incoming passenger list for SAINT JOSEPH arriving Sydney 7 October 1927,9773833,A907,1927/10/16,1927 – 1927,2026-07-22
Incoming passenger list for HOUTMAN arriving Sydney 6 October 1927,9773832,A907,1927/10/15,1927 – 1927,2026-07-22
Incoming passenger list for NARKUNDA arriving Sydney 6 October 1927,9773831,A907,1927/10/14,1927 – 1927,2026-07-22
Incoming passenger list for RONA arriving Sydney 6 October 1927,9773830,A907,1927/10/13,1927 – 1927,2026-07-22
Incoming passenger list for SONOMA arriving Sydney 6 October 1927,9773829,A907,1927/10/12,1927 – 1927,2026-07-22
Incoming passenger list for CERAMIC arriving Sydney 6 October 1927,9773828,A907,1927/10/11,1927 – 1927,2026-07-22
Incoming passenger list for MAHENO arriving Sydney 4 October 1927,9773827,A907,1927/10/10,1927 – 1927,2026-07-22
Incoming passenger list for MARAMA arriving Sydney 4 October 1927,9773826,A907,1927/10/9,1927 – 1927,2026-07-22
Incoming passenger list for TAIPING arriving Sydney 3 October 1927,9773825,A907,1927/10/8,1927 – 1927,2026-07-22
Incoming passenger list for PORT ADELAIDE arriving Sydney 3 October 1927,9773824,A907,1927/10/7,1927 – 1927,2026-07-22
Incoming passenger list for FERNDALE arriving Sydney 3 October 1927,9773823,A907,1927/10/6,1927 – 1927,2026-07-22
Incoming passenger list for COMMISSAIRE-RAMEL arriving Sydney 2 October 1927,9773822,A907,1927/10/5,1927 – 1927,2026-07-22
Incoming passenger list for CITY OF SPARTA arriving Sydney 1 October 1927,9773821,A907,1927/10/4,1927 – 1927,2026-07-22
Incoming passenger list for MATARAM arriving Sydney 1 October 1927,9773820,A907,1927/10/3,1927 – 1927,2026-07-22
Incoming passenger list for NAKURA arriving Sydney 1 October 1927,9773819,A907,1927/10/2,1927 – 1927,2026-07-22
Incoming passenger list for PORT DARWIN arriving Sydney 1 October 1927,9773818,A907,1927/10/1,1927 – 1927,2026-07-22
Incoming passenger list for REGINA D'ITALIA arriving Sydney 29 July 1927,9773817,A907,1927/9/115,1927 – 1927,2026-07-22
Incoming passenger list for TANGO MARU arriving Sydney 11 July 1927,9773816,A907,1927/9/114,1927 – 1927,2026-07-22
Incoming passenger list for ORSOVA arriving Fremantle 20 September 1927,9773815,A907,1927/9/113,1927 – 1927,2026-07-22
Incoming passenger list for NARKUNDA arriving Fremantle 27 September 1927,9773814,A907,1927/9/112,1927 – 1927,2026-07-22
Incoming passenger list for SHIRLA arriving Fremantle 26 September 1927,9773813,A907,1927/9/111,1927 – 1927,2026-07-22
Incoming passenger list for FERNDALE arriving Fremantle 23 September 1927,9773812,A907,1927/9/110,1927 – 1927,2026-07-22
Incoming passenger list for BENALLA arriving Fremantle 19 September 1927,9773811,A907,1927/9/109,1927 – 1927,2026-07-22
Incoming passenger list for COMMISSAIRE-RAMEL arriving Fremantle 19 September 1927,9773810,A907,1927/9/108,1927 – 1927,2026-07-22
Incoming passenger list for CENTAUR arriving Fremantle 18 September 1927,9773809,A907,1927/9/107,1927 – 1927,2026-07-22
Incoming passenger list for CITY OF SPARTA arriving Fremantle 18 September 1927,9773808,A907,1927/9/106,1927 – 1927,2026-07-22
Incoming passenger list for REGINA D'ITALIA arriving Fremantle 15 September 1927,9773807,A907,1927/9/105,1927 – 1927,2026-07-22
Incoming passenger list for CHITRAL arriving Fremantle 12 September 1927,9773806,A907,1927/9/104,1927 – 1927,2026-07-22
Incoming passenger list for GORGON arriving Fremantle [Unknown date] 1927,9773805,A907,1927/9/103,1927 – 1927,2026-07-22
Incoming passenger list for FORDSDALE arriving Fremantle 1 September 1927,9773804,A907,1927/9/102,1927 – 1927,2026-07-22
Incoming passenger list for MARELLA arriving Darwin 7 September 1927,9773803,A907,1927/9/101,1927 – 1927,2026-07-22
Incoming passenger list for CENTAUR arriving Geraldton 17 September 1927,9773802,A907,1927/9/100,1927 – 1927,2026-07-22
Incoming passenger list for CENTAUR arriving Derby 9 September 1927,9773801,A907,1927/9/99,1927 – 1927,2026-07-22
Incoming passenger list for CERAMIC arriving Albany 22 September 1927,9773800,A907,1927/9/98,1927 – 1927,2026-07-22
Incoming passenger list for THEMISTOCLES arriving Albany 5 September 1927,9773799,A907,1927/9/97,1927 – 1927,2026-07-22
Incoming passenger list for HOLSTEIN arriving Port Pirie 22 September 1927,9773798,A907,1927/9/96,1927 – 1927,2026-07-22
Incoming passenger list for BENALLA arriving Adelaide 29 September 1927,9773797,A907,1927/9/95,1927 – 1927,2026-07-22
Incoming passenger list for MAIN arriving Adelaide 29 September 1927,9773796,A907,1927/9/94,1927 – 1927,2026-07-22
Incoming passenger list for TUNGSHA arriving Adelaide 29 September 1927,9773795,A907,1927/9/93,1927 – 1927,2026-07-22
Incoming passenger list for CITY OF SPARTA arriving Adelaide 26 September 1927,9773794,A907,1927/9/92,1927 – 1927,2026-07-22
Incoming passenger list for COMMISSAIRE-RAMEL arriving Adelaide 25 September 1927,9773793,A907,1927/9/91,1927 – 1927,2026-07-22
Incoming passenger list for CERAMIC arriving Adelaide 25 September 1927,9773792,A907,1927/9/90,1927 – 1927,2026-07-22
Incoming passenger list for ORSOVA arriving Adelaide 24 September 1927,9773791,A907,1927/9/89,1927 – 1927,2026-07-22
Incoming passenger list for REGINA D'ITALIA arriving Adelaide 20 September 1927,9773790,A907,1927/9/88,1927 – 1927,2026-07-22
Incoming passenger list for HOLSTEIN arriving Adelaide 18 September 1927,9773789,A907,1927/9/87,1927 – 1927,2026-07-22
Incoming passenger list for BALLARAT arriving Melbourne 4 July 1927,9773486,A907,1927/7/38,1927 – 1927,2026-07-22
Incoming passenger list for TANDA arriving Melbourne 3 July 1927,9773485,A907,1927/7/37,1927 – 1927,2026-07-22
Incoming passenger list for NAURU CHIEF arriving Newcastle 20 July 1927,9773484,A907,1927/7/36,1927 – 1927,2026-07-22
Incoming passenger list for FRIEBURG arriving Sydney 29 July 1927,9773483,A907,1927/7/35,1927 – 1927,2026-07-22
Incoming passenger list for MARSINA arriving Sydney 17 July 1927,9773482,A907,1927/7/34,1927 – 1927,2026-07-22
Incoming passenger list for ESPERANCE BAY arriving Sydney 29 July 1927,9773481,A907,1927/7/33,1927 – 1927,2026-07-22
Incoming passenger list for COMORIN arriving Sydney 28 July 1927,9773480,A907,1927/7/32,1927 – 1927,2026-07-22
Incoming passenger list for MARAMA arriving Sydney 26 July 1927,9773479,A907,1927/7/31,1927 – 1927,2026-07-22
Incoming passenger list for MAHENO arriving Sydney 26 July 1927,9773478,A907,1927/7/30,1927 – 1927,2026-07-22
Incoming passenger list for MAUNGANUI arriving Sydney 23 July 1927,9773477,A907,1927/7/29,1927 – 1927,2026-07-22
Incoming passenger list for WEST CUSSETA arriving Sydney 23 July 1927,9773476,A907,1927/7/28,1927 – 1927,2026-07-22
Incoming passenger list for ST ALBANS arriving Sydney 22 July 1927,9773475,A907,1927/7/27,1927 – 1927,2026-07-22
Incoming passenger list for NORDIC arriving Sydney 22 July 1927,9773474,A907,1927/7/26,1927 – 1927,2026-07-22
Incoming passenger list for ELBERFELD arriving Sydney 21 July 1927,9773473,A907,1927/7/25,1927 – 1927,2026-07-22
Incoming passenger list for MARELLA arriving Sydney 16 July 1927,9773472,A907,1927/7/24,1927 – 1927,2026-07-22
Incoming passenger list for VILLE D'AMIENS arriving Sydney 17 July 1927,9773471,A907,1927/7/23,1927 – 1927,2026-07-22
Incoming passenger list for CAPRERA arriving Sydney 15 July 1927,9773470,A907,1927/7/22,1927 – 1927,2026-07-22
Incoming passenger list for MOOLTAN arriving Sydney 17 July 1927,9773469,A907,1927/7/21,1927 – 1927,2026-07-22
Incoming passenger list for SUVA arriving Sydney 16 July 1927,9773468,A907,1927/7/20,1927 – 1927,2026-07-22
Incoming passenger list for HOBSONS BAY arriving Sydney 14 July 1927,9773467,A907,1927/7/19,1927 – 1927,2026-07-22
Incoming passenger list for SIERRA arriving Sydney 14 July 1927,9773466,A907,1927/7/18,1927 – 1927,2026-07-22
Incoming passenger list for MARAMAR arriving Sydney 12 July 1927,9773465,A907,1927/7/17,1927 – 1927,2026-07-22
Incoming passenger list for MAHENO arriving Sydney 12 July 1927,9773464,A907,1927/7/16,1927 – 1927,2026-07-22
Incoming passenger list for MORINDA arriving Sydney 12 July 1927,9773463,A907,1927/7/15,1927 – 1927,2026-07-22
Incoming passenger list for TANGO MARU arriving Sydney 11 July 1927,9773462,A907,1927/7/14,1927 – 1927,2026-07-22
Incoming passenger list for ASCANIUS arriving Sydney 12 July 1927,9773461,A907,1927/7/13,1927 – 1927,2026-07-22
Incoming passenger list for MATARAM arriving Sydney 11 July 1927,9773460,A907,1927/7/12,1927 – 1927,2026-07-22
Incoming passenger list for SAINT VINCENT DE PAUL arriving Sydney 11 July 1927,9773459,A907,1927/7/11,1927 – 1927,2026-07-22
Incoming passenger list for TAHITI arriving Sydney 9 July 1927,9773458,A907,1927/7/10,1927 – 1927,2026-07-22
Incoming passenger list for BALLARAT arriving Sydney 9 July 1927,9773457,A907,1927/7/9,1927 – 1927,2026-07-22
Incoming passenger list for TRICOLOR arriving Sydney 8 July 1927,9773456,A907,1927/7/8,1927 – 1927,2026-07-22
Incoming passenger list for ORMONDE arriving Sydney 11 July 1927,9773455,A907,1927/7/7,1927 – 1927,2026-07-22
Incoming passenger list for TASMAN arriving Sydney 6 July 1927,9773454,A907,1927/7/6,1927 – 1927,2026-07-22
Incoming passenger list for DUPLEIX arriving Sydney 4 July 1927,9773453,A907,1927/7/5,1927 – 1927,2026-07-22
Incoming passenger list for MAKAMBO arriving Sydney 4 July 1927,9773452,A907,1927/7/4,1927 – 1927,2026-07-22
Incoming passenger list for CHANGTE arriving Sydney 7 July 1927,9773451,A907,1927/7/3,1927 – 1927,2026-07-22
Incoming passenger list for CITY OF PALERMO arriving Sydney 1 July 1927,9773450,A907,1927/7/2,1927 – 1927,2026-07-22
Incoming passenger list for PORT MELBOURNE arriving Sydney 1 July 1927,9773449,A907,1927/7/1,1927 – 1927,2026-07-22
Incoming passenger list for CATHAY arriving Sydney 1 July 1927,9773448,A907,1927/6/117,1927 – 1927,2026-07-22
Incoming passenger list for MALABAR arriving Darwin 6 June 1927,9773447,A907,1927/6/116,1927 – 1927,2026-07-22
Incoming passenger list for ANTONIO arriving Wyndham 30 June 1927,9773446,A907,1927/6/115,1927 – 1927,2026-07-22
Incoming passenger list for MINDEROO arriving Port Hedland 2 June 1927,9773445,A907,1927/6/114,1927 – 1927,2026-07-22
Incoming passenger list for MINDEROO arriving Geraldton 6 June 1927,9773444,A907,1927/6/113,1927 – 1927,2026-07-22
Incoming passenger list for GORGON arriving Geraldton 20 June 1927,9773443,A907,1927/6/112,1927 – 1927,2026-07-22
Incoming passenger list for CENTAUR arriving Broome 28 June 1927,9773442,A907,1927/6/111,1927 – 1927,2026-07-22
Incoming passenger list for GORGON arriving Broome 13 June 1927,9773441,A907,1927/6/110,1927 – 1927,2026-07-22
Incoming passenger list for MINDEROO arriving Broome 1 June 1927,9773440,A907,1927/6/109,1927 – 1927,2026-07-22
Incoming passenger list for ASCANIUS arriving Albany 28 June 1927,9773439,A907,1927/6/108,1927 – 1927,2026-07-22
Incoming passenger list for ATHENIC arriving Albany 6 June 1927,9773438,A907,1927/6/107,1927 – 1927,2026-07-22
Incoming passenger list for HOBSONS BAY arriving Fremantle 30 June 1927,9773437,A907,1927/6/106,1927 – 1927,2026-07-22
Incoming passenger list for ORMONDE arriving Fremantle 28 June 1927,9773436,A907,1927/6/105,1927 – 1927,2026-07-22
Incoming passenger list for BALLARAT arriving Fremantle 22 June 1927,9773435,A907,1927/6/104,1927 – 1927,2026-07-22
Incoming passenger list for CATHAY arriving Fremantle 20 June 1927,9773434,A907,1927/6/103,1927 – 1927,2026-07-22
Incoming passenger list for GORGON arriving Fremantle 21 June 1927,9773433,A907,1927/6/102,1927 – 1927,2026-07-22
Incoming passenger list for CITY OF PALERMO arriving Fremantle 18 June 1927,9773432,A907,1927/6/101,1927 – 1927,2026-07-22
Incoming passenger list for TRICOLOR arriving Fremantle 13 June 1927,9773431,A907,1927/6/100,1927 – 1927,2026-07-22
Incoming passenger list for LARGS BAY arriving Fremantle 9 June 1927,9773430,A907,1927/6/99,1927 – 1927,2026-07-22
Incoming passenger list for MONGOLIA arriving Fremantle 7 June 1927,9773429,A907,1927/6/98,1927 – 1927,2026-07-22
Incoming passenger list for BENDIGO arriving Fremantle 6 June 1927,9773428,A907,1927/6/97,1927 – 1927,2026-07-22
Incoming passenger list for CEPHEE arriving Fremantle 12 June 1927,9773427,A907,1927/6/96,1927 – 1927,2026-07-22
Incoming passenger list for MINDEROO arriving Fremantle 1 June 1927,9773426,A907,1927/6/95,1927 – 1927,2026-07-22
Incoming passenger list for BALLARAT arriving Adelaide 29 June 1927,9773425,A907,1927/6/94,1927 – 1927,2026-07-22
Incoming passenger list for CATHAY arriving Adelaide 25 June 1927,9773424,A907,1927/6/93,1927 – 1927,2026-07-22
Incoming passenger list for CITY OF PALERMO arriving Adelaide 25 June 1927,9773423,A907,1927/6/92,1927 – 1927,2026-07-22
Incoming passenger list for BENDIGO arriving Adelaide 14 June 1927,9773422,A907,1927/6/91,1927 – 1927,2026-07-22
Incoming passenger list for MONCALIERI arriving Adelaide 14 June 1927,9773421,A907,1927/6/90,1927 – 1927,2026-07-22
Incoming passenger list for LARGS BAY arriving Adelaide 13 June 1927,9773420,A907,1927/6/89,1927 – 1927,2026-07-22
Incoming passenger list for CEPHEE arriving Adelaide 13 June 1927,9773419,A907,1927/6/88,1927 – 1927,2026-07-22
Incoming passenger list for MONGOLIA arriving Adelaide 12 June 1927,9773418,A907,1927/6/87,1927 – 1927,2026-07-22
Incoming passenger list for CALULU arriving Adelaide 11 June 1927,9773417,A907,1927/6/86,1927 – 1927,2026-07-22
Incoming passenger list for ATHENIC arriving Adelaide 11 June 1927,9773416,A907,1927/6/85,1927 – 1927,2026-07-22
Incoming passenger list for NARINGA arriving Adelaide 5 June 1927,9773415,A907,1927/6/84,1927 – 1927,2026-07-22
Incoming passenger list for ORVIETO arriving Adelaide 4 June 1927,9773414,A907,1927/6/83,1927 – 1927,2026-07-22
Incoming passenger list for BELTANA arriving Adelaide 3 June 1927,9773413,A907,1927/6/82,1927 – 1927,2026-07-22
Incoming passenger list for FERNDALE arriving Adelaide 19 June 1927,9773412,A907,1927/6/81,1927 – 1927,2026-07-22
Incoming passenger list for TANDA arriving Townsville 19 June 1927,9773411,A907,1927/6/80,1927 – 1927,2026-07-22
Incoming passenger list for MALABAR arriving Townsville 13 June 1927,9773410,A907,1927/6/79,1927 – 1927,2026-07-22
Incoming passenger list for MISHIMA MARU arriving Townsville 8 June 1927,9773409,A907,1927/6/78,1927 – 1927,2026-07-22
Incoming passenger list for CHANGTE arriving Thursday Island 28 June 1927,9773408,A907,1927/6/77,1927 – 1927,2026-07-22
Incoming passenger list for TANDA arriving Thursday Island 16 June 1927,9773407,A907,1927/6/76,1927 – 1927,2026-07-22
Incoming passenger list for MISHIMA MARU arriving Thursday Island 6 June 1927,9773406,A907,1927/6/75,1927 – 1927,2026-07-22
Incoming passenger list for ARAMIA arriving Thursday Island 5 June 1927,9773405,A907,1927/6/74,1927 – 1927,2026-07-22
Incoming passenger list for TANDA arriving Cairns 18 June 1927,9773404,A907,1927/6/73,1927 – 1927,2026-07-22
Incoming passenger list for MORINDA arriving Cairns 5 June 1927,9773403,A907,1927/6/72,1927 – 1927,2026-07-22
Incoming passenger list for CEPHEE arriving Brisbane 29 June 1927,9773402,A907,1927/6/71,1927 – 1927,2026-07-22
Incoming passenger list for LARGS BAY arriving Brisbane 28 June 1927,9773401,A907,1927/6/70,1927 – 1927,2026-07-22
Incoming passenger list for TANDA arriving Brisbane 22 June 1927,9773400,A907,1927/6/69,1927 – 1927,2026-07-22
Incoming passenger list for MALABAR arriving Brisbane 16 June 1927,9773399,A907,1927/6/68,1927 – 1927,2026-07-22
Incoming passenger list for MAMILIUS arriving Brisbane 13 June 1927,9773398,A907,1927/6/67,1927 – 1927,2026-07-22
Incoming passenger list for ORVIETTO arriving Brisbane 13 June 1927,9773397,A907,1927/6/66,1927 – 1927,2026-07-22
Incoming passenger list for MISHIMA MARU arriving Brisbane 11 June 1927,9773396,A907,1927/6/65,1927 – 1927,2026-07-22
Incoming passenger list for MORINDA arriving Brisbane 9 June 1927,9773395,A907,1927/6/64,1927 – 1927,2026-07-22
Incoming passenger list for HOUTMAN arriving Brisbane 6 June 1927,9773394,A907,1927/6/63,1927 – 1927,2026-07-22
Incoming passenger list for TAIPING arriving Brisbane 2 June 1927,9773393,A907,1927/6/62,1927 – 1927,2026-07-22
Incoming passenger list for BELTANA arriving Melbourne 3 June 1927,9773392,A907,1927/6/61,1927 – 1927,2026-07-22
Incoming passenger list for MEMILIUS arriving Melbourne 31 May 1927,9773391,A907,1927/6/60,1927 – 1927,2026-07-22
Incoming passenger list for CITY OF PALERMO arriving Melbourne 28 June 1927,9773390,A907,1927/6/59,1927 – 1927,2026-07-22
Incoming passenger list for CATHAY arriving Melbourne 27 June 1927,9773389,A907,1927/6/58,1927 – 1927,2026-07-22
Incoming passenger list for TRICOLOR arriving Melbourne 23 June 1927,9773388,A907,1927/6/57,1927 – 1927,2026-07-22
Incoming passenger list for SUVA arriving Melbourne 22 June 1927,9773387,A907,1927/6/56,1927 – 1927,2026-07-22
Incoming passenger list for MOERAKI arriving Melbourne 21 June 1927,9773386,A907,1927/6/55,1927 – 1927,2026-07-22
Incoming passenger list for MALABAR arriving Melbourne 20 June 1927,9773385,A907,1927/6/54,1927 – 1927,2026-07-22
Incoming passenger list for MISHIMA MARU arriving Melbourne 20 June 1927,9773384,A907,1927/6/53,1927 – 1927,2026-07-22
Incoming passenger list for BENDIGO arriving Melbourne 19 June 1927,9773383,A907,1927/6/52,1927 – 1927,2026-07-22
Incoming passenger list for ATHENIC arriving Melbourne 17 June 1927,9773382,A907,1927/6/51,1927 – 1927,2026-07-22
Incoming passenger list for NARINGA arriving Melbourne 11 June 1927,9773381,A907,1927/6/50,1927 – 1927,2026-07-22
Incoming passenger list for LARGS BAY arriving Melbourne 11 June 1927,9773380,A907,1927/6/49,1927 – 1927,2026-07-22
Incoming passenger list for MONCALIERI arriving Melbourne 16 June 1927,9773379,A907,1927/6/48,1927 – 1927,2026-07-22
Incoming passenger list for CEPHEE arriving Melbourne 15 June 1927,9773378,A907,1927/6/47,1927 – 1927,2026-07-22
Incoming passenger list for DAGFRED arriving Melbourne 11 June 1927,9773377,A907,1927/6/46,1927 – 1927,2026-07-22
Incoming passenger list for MONGOLIA arriving Melbourne 15 June 1927,9773376,A907,1927/6/45,1927 – 1927,2026-07-22
Incoming passenger list for HOUTMAN arriving Melbourne 12 June 1927,9773375,A907,1927/6/44,1927 – 1927,2026-07-22
Incoming passenger list for TAIPIING arriving Melbourne 9 June 1927,9773374,A907,1927/6/43,1927 – 1927,2026-07-22
Incoming passenger list for ORVIETO arriving Melbourne 9 June 1927,9773373,A907,1927/6/42,1927 – 1927,2026-07-22
Incoming passenger list for NAURU CHIEF arriving Melbourne 5 June 1927,9773372,A907,1927/6/41,1927 – 1927,2026-07-22
Incoming passenger list for EKNAREN arriving Melbourne 5 June 1927,9773371,A907,1927/6/40,1927 – 1927,2026-07-22
Incoming passenger list for PORT FREMANTLE arriving Melbourne 4 June 1927,9773370,A907,1927/6/39,1927 – 1927,2026-07-22
Incoming passenger list for BARON RUTHIREN arriving Port Kembla 13 June 1927,9773369,A907,1927/6/38,1927 – 1927,2026-07-22
Incoming passenger list for ULIMAROA arriving Sydney 6 June 1927,9773368,A907,1927/6/37,1927 – 1927,2026-07-22
Incoming passenger list for DEMODOCUS arriving Sydney 30 June 1927,9773367,A907,1927/6/36,1927 – 1927,2026-07-22
Incoming passenger list for MARAMA arriving Sydney 26 June 1927,9773366,A907,1927/6/35,1927 – 1927,2026-07-22
Incoming passenger list for MAHENO arriving Sydney 28 June 1927,9773365,A907,1927/6/34,1927 – 1927,2026-07-22
Incoming passenger list for MONTORO arriving Sydney 26 June 1927,9773364,A907,1927/6/33,1927 – 1927,2026-07-22
Incoming passenger list for AORANGI arriving Sydney 24 June 1927,9773363,A907,1927/6/32,1927 – 1927,2026-07-22
Incoming passenger list for ATHENIC arriving Sydney 25 June 1927,9773362,A907,1927/6/31,1927 – 1927,2026-07-22
Incoming passenger list for TANDA arriving Sydney 24 June 1927,9773361,A907,1927/6/30,1927 – 1927,2026-07-22
Incoming passenger list for BENDIGO arriving Sydney 24 June 1927,9773360,A907,1927/6/29,1927 – 1927,2026-07-22
Incoming passenger list for VENTURA arriving Sydney 23 June 1927,9773359,A907,1927/6/28,1927 – 1927,2026-07-22
Incoming passenger list for TANCRED arriving Sydney 24 June 1927,9773358,A907,1927/6/27,1927 – 1927,2026-07-22
Incoming passenger list for MONCALIERI arriving Sydney 20 June 1927,9773357,A907,1927/6/26,1927 – 1927,2026-07-22
Incoming passenger list for CEPHIE arriving Sydney 20 June 1927,9773356,A907,1927/6/25,1927 – 1927,2026-07-22
Incoming passenger list for NARINGA arriving Sydney 20 June 1927,9773355,A907,1927/6/24,1927 – 1927,2026-07-22
Incoming passenger list for SUVA arriving Sydney 19 June 1927,9773354,A907,1927/6/23,1927 – 1927,2026-07-22
Incoming passenger list for LARGS BAY arriving Sydney 20 June 1927,9773353,A907,1927/6/22,1927 – 1927,2026-07-22
Incoming passenger list for MONGOLIA arriving Sydney 19 June 1927,9773352,A907,1927/6/21,1927 – 1927,2026-07-22
Incoming passenger list for MALABAR arriving Sydney 17 June 1927,9773351,A907,1927/6/20,1927 – 1927,2026-07-22
Incoming passenger list for MARAMA arriving Sydney 14 June 1927,9773350,A907,1927/6/19,1927 – 1927,2026-07-22
Incoming passenger list for MAHENO arriving Sydney 14 June 1927,9773349,A907,1927/6/18,1927 – 1927,2026-07-22
Incoming passenger list for MISHIMA MARU arriving Sydney 13 June 1927,9773348,A907,1927/6/17,1927 – 1927,2026-07-22
Incoming passenger list for PORT FREMANTLE arriving Sydney 12 June 1927,9773347,A907,1927/6/16,1927 – 1927,2026-07-22
Incoming passenger list for MAKURA arriving Sydney 11 June 1927,9773346,A907,1927/6/15,1927 – 1927,2026-07-22
Incoming passenger list for MORINDA arriving Sydney 11 June 1927,9773345,A907,1927/6/14,1927 – 1927,2026-07-22
Incoming passenger list for SAINT VINCENT DE PAUL arriving Sydney 11 June 1927,9773344,A907,1927/6/13,1927 – 1927,2026-07-22
Incoming passenger list for ORVIETO arriving Sydney 9 June 1927,9773343,A907,1927/6/12,1927 – 1927,2026-07-22
Incoming passenger list for HOUTMAN arriving Sydney 8 June 1927,9773342,A907,1927/6/11,1927 – 1927,2026-07-22
Incoming passenger list for MAMILIUS arriving Sydney 7 June 1927,9773341,A907,1927/6/10,1927 – 1927,2026-07-22
Incoming passenger list for NIRVANA arriving Sydney 7 June 1927,9773340,A907,1927/6/9,1927 – 1927,2026-07-22
Incoming passenger list for TAIPING arriving Sydney 6 June 1927,9773339,A907,1927/6/8,1927 – 1927,2026-07-22
Incoming passenger list for CALULU arriving Sydney 3 June 1927,9773338,A907,1927/6/7,1927 – 1927,2026-07-22
Incoming passenger list for BELTANA arriving Sydney 3 June 1927,9773337,A907,1927/6/6,1927 – 1927,2026-07-22
Incoming passenger list for AKI MARU arriving Melbourne 3 August 1927,9773636,A907,1927/8/60,1927 – 1927,2026-07-22
Incoming passenger list for BARRABOOL arriving Melbourne 12 August 1927,9773635,A907,1927/8/59,1927 – 1927,2026-07-22
Incoming passenger list for ALLER arriving Melbourne 12 August 1927,9773634,A907,1927/8/58,1927 – 1927,2026-07-22
Incoming passenger list for HOUTMAN arriving Melbourne 8 August 1927,9773633,A907,1927/8/57,1927 – 1927,2026-07-22
Incoming passenger list for MALOJA arriving Melbourne 8 August 1927,9773632,A907,1927/8/56,1927 – 1927,2026-07-22
Incoming passenger list for TAIPING arriving Melbourne 7 August 1927,9773631,A907,1927/8/55,1927 – 1927,2026-07-22
Incoming passenger list for MENES arriving Melbourne 4 August 1927,9773630,A907,1927/8/54,1927 – 1927,2026-07-22
Incoming passenger list for CARIGNANO arriving Melbourne 4 August 1927,9773629,A907,1927/8/53,1927 – 1927,2026-07-22
Incoming passenger list for MENES arriving Melbourne 4 August 1927,9773628,A907,1927/8/52,1927 – 1927,2026-07-22
Incoming passenger list for MANUKA arriving Melbourne 2 August 1927,9773627,A907,1927/8/51,1927 – 1927,2026-07-22
Incoming passenger list for DEMOSTHENES arriving Melbourne 2 August 1927,9773626,A907,1927/8/50,1927 – 1927,2026-07-22
Incoming passenger list for OSTERLEY arriving Melbourne 1 August 1927,9773625,A907,1927/8/49,1927 – 1927,2026-07-22
Incoming passenger list for COMMANDANT DESTREMAN arriving Port Kembla 27 August 1927,9773624,A907,1927/8/48,1927 – 1927,2026-07-22
Incoming passenger list for REGIR arriving Port Kembla 16 August 1927,9773623,A907,1927/8/47,1927 – 1927,2026-07-22
Incoming passenger list for DAGFRED arriving Newcastle 12 August 1927,9773622,A907,1927/8/46,1927 – 1927,2026-07-22
Incoming passenger list for SONOMA arriving Sydney 4 August 1927,9773621,A907,1927/8/45,1927 – 1927,2026-07-22
Incoming passenger list for MARSINA arriving Sydney 30 August 1927,9773620,A907,1927/8/44,1927 – 1927,2026-07-22
Incoming passenger list for ULIMAROA arriving Sydney 30 August 1927,9773619,A907,1927/8/43,1927 – 1927,2026-07-22
Incoming passenger list for TOURCOING arriving Sydney 26 August 1927,9773618,A907,1927/8/42,1927 – 1927,2026-07-22
Incoming passenger list for MOLDAVIA arriving Sydney 25 August 1927,9773617,A907,1927/8/41,1927 – 1927,2026-07-22
Incoming passenger list for VENTURA arriving Sydney 25 August 1927,9773616,A907,1927/8/40,1927 – 1927,2026-07-22
Incoming passenger list for VILLE D'AMIENS arriving Sydney 22 August 1927,9773615,A907,1927/8/39,1927 – 1927,2026-07-22
Incoming passenger list for SAINT VINCENT DE PAUL arriving Sydney 22 August 1927,9773614,A907,1927/8/38,1927 – 1927,2026-07-22
Incoming passenger list for MAHENE arriving Sydney 23 August 1927,9773613,A907,1927/8/37,1927 – 1927,2026-07-22
Incoming passenger list for MARAMA arriving Sydney 23 August 1927,9773612,A907,1927/8/36,1927 – 1927,2026-07-22
Incoming passenger list for ARAFURA arriving Sydney 22 August 1927,9773611,A907,1927/8/35,1927 – 1927,2026-07-22
Incoming passenger list for MORETON BAY arriving Sydney 22 August 1927,9773610,A907,1927/8/34,1927 – 1927,2026-07-22
Incoming passenger list for MATARAM arriving Sydney 21 August 1927,9773609,A907,1927/8/33,1927 – 1927,2026-07-22
Incoming passenger list for AORANGI arriving Sydney 19 August 1927,9773608,A907,1927/8/32,1927 – 1927,2026-07-22
Incoming passenger list for MALABAR arriving Sydney 17 August 1927,9773607,A907,1927/8/31,1927 – 1927,2026-07-22
Incoming passenger list for AKI MARU arriving Sydney 9 August 1927,9773606,A907,1927/8/30,1927 – 1927,2026-07-22
Incoming passenger list for THALATTA arriving Sydney 16 August 1927,9773605,A907,1927/8/29,1927 – 1927,2026-07-22
Incoming passenger list for BARRABOOL arriving Sydney 16 August 1927,9773604,A907,1927/8/28,1927 – 1927,2026-07-22
Incoming passenger list for ULIMAROA arriving Sydney 16 August 1927,9773603,A907,1927/8/27,1927 – 1927,2026-07-22
Incoming passenger list for MAKAMBO arriving Sydney 16 August 1927,9773602,A907,1927/8/26,1927 – 1927,2026-07-22
Incoming passenger list for ALLER arriving Sydney 15 August 1927,9773601,A907,1927/8/25,1927 – 1927,2026-07-22
Incoming passenger list for SUVA arriving Sydney 14 August 1927,9773600,A907,1927/8/24,1927 – 1927,2026-07-22
Incoming passenger list for MORINDA arriving Sydney 13 August 1927,9773599,A907,1927/8/23,1927 – 1927,2026-07-22
Incoming passenger list for MALOJA arriving Sydney 12 August 1927,9773598,A907,1927/8/22,1927 – 1927,2026-07-22
Incoming passenger list for MENES arriving Sydney 11 August 1927,9773597,A907,1927/8/21,1927 – 1927,2026-07-22
Incoming passenger list for MARAMA arriving Sydney 9 August 1927,9773596,A907,1927/8/20,1927 – 1927,2026-07-22
Incoming passenger list for MAHENO arriving Sydney 9 August 1927,9773595,A907,1927/8/19,1927 – 1927,2026-07-22
Incoming passenger list for CARIGNANO arriving Sydney 8 August 1927,9773594,A907,1927/8/18,1927 – 1927,2026-07-22
Incoming passenger list for PORT HUON arriving Sydney 8 August 1927,9773593,A907,1927/8/17,1927 – 1927,2026-07-22
Incoming passenger list for PORT BRISBANE arriving Sydney 8 August 1927,9773592,A907,1927/8/16,1927 – 1927,2026-07-22
Incoming passenger list for MONTORO arriving Sydney 6 August 1927,9773591,A907,1927/8/15,1927 – 1927,2026-07-22
Incoming passenger list for DUPLEIX arriving Sydney 8 August 1927,9773590,A907,1927/8/14,1927 – 1927,2026-07-22
Incoming passenger list for MAKURA arriving Sydney 7 August 1927,9773589,A907,1927/8/13,1927 – 1927,2026-07-22
Incoming passenger list for DEMOSTHENES arriving Sydney 7 August 1927,9773588,A907,1927/8/12,1927 – 1927,2026-07-22
Incoming passenger list for ARCTURUS arriving Sydney 6 August 1927,9773587,A907,1927/8/11,1927 – 1927,2026-07-22
Incoming passenger list for HOUTMAN arriving Sydney 5 August 1927,9773586,A907,1927/8/10,1927 – 1927,2026-07-22
Incoming passenger list for OSTERLEY arriving Sydney 4 August 1927,9773585,A907,1927/8/9,1927 – 1927,2026-07-22
Incoming passenger list for BALRANALD arriving Sydney 4 August 1927,9773584,A907,1927/8/8,1927 – 1927,2026-07-22
Incoming passenger list for TAIPING arriving Sydney 3 August 1927,9773583,A907,1927/8/7,1927 – 1927,2026-07-22
Incoming passenger list for JOHN WILLIAMS arriving Sydney 3 August 1927,9773582,A907,1927/8/6,1927 – 1927,2026-07-22
Incoming passenger list for ULIMAROA arriving Sydney 2 August 1927,9773581,A907,1927/8/5,1927 – 1927,2026-07-22
Incoming passenger list for HOWRA arriving Sydney 1 August 1927,9773580,A907,1927/8/4,1927 – 1927,2026-07-22
Incoming passenger list for CITY OF SPARTA arriving Sydney 1 August 1927,9773579,A907,1927/8/3,1927 – 1927,2026-07-22
Incoming passenger list for ORVIETO arriving Sydney 9 June 1927,9773578,A907,1927/8/2,1927 – 1927,2026-07-22
Incoming passenger list for MISHIMA MARU arriving Sydney 14 April 1927,9773577,A907,1927/8/1,1927 – 1927,2026-07-22
Incoming passenger list for MARELLA arriving Darwin 7 July 1927,9773576,A907,1927/7/128,1927 – 1927,2026-07-22
Incoming passenger list for GASCOYNE arriving Broome 28 July 1927,9773575,A907,1927/7/127,1927 – 1927,2026-07-22
Incoming passenger list for ALOI [ALLER] arriving Broome 11 July 1927,9773574,A907,1927/7/126,1927 – 1927,2026-07-22
Incoming passenger list for DEMOSTHENES arriving Albany 28 July 1927,9773573,A907,1927/7/125,1927 – 1927,2026-07-22
Incoming passenger list for SOUTHLAND arriving Fremantle 29 July 1927,9773572,A907,1927/7/124,1927 – 1927,2026-07-22
Incoming passenger list for HOBSONS BAY arriving Fremantle 30 July 1927,9773571,A907,1927/7/123,1927 – 1927,2026-07-22
Incoming passenger list for OSTERLEY arriving Fremantle 26 July 1927,9773570,A907,1927/7/122,1927 – 1927,2026-07-22
Incoming passenger list for MERIONES arriving Fremantle 31 July 1927,9773569,A907,1927/7/121,1927 – 1927,2026-07-22
Incoming passenger list for CARIGNANO arriving Fremantle 25 July 1927,9773568,A907,1927/7/120,1927 – 1927,2026-07-22
Incoming passenger list for CITY OF SPARTA arriving Fremantle 20 July 1927,9773567,A907,1927/7/119,1927 – 1927,2026-07-22
Incoming passenger list for COMORIN arriving Fremantle 18 July 1927,9773566,A907,1927/7/118,1927 – 1927,2026-07-22
Incoming passenger list for ESPERANCE BAY arriving Fremantle 17 July 1927,9773565,A907,1927/7/117,1927 – 1927,2026-07-22
Incoming passenger list for BALRANALD arriving Fremantle 16 July 1927,9773564,A907,1927/7/116,1927 – 1927,2026-07-22
Incoming passenger list for HOWRA arriving Fremantle 15 July 1927,9773563,A907,1927/7/115,1927 – 1927,2026-07-22
Incoming passenger list for MOOLTAN arriving Fremantle 5 July 1927,9773562,A907,1927/7/114,1927 – 1927,2026-07-22
Incoming passenger list for CENTAUR arriving Fremantle 5 July 1927,9773561,A907,1927/7/113,1927 – 1927,2026-07-22
Incoming passenger list for VILLE D'AMIENS arriving Fremantle 4 July 1927,9773560,A907,1927/7/112,1927 – 1927,2026-07-22
Incoming passenger list for CAPRERA arriving Fremantle 1 July 1927,9773559,A907,1927/7/111,1927 – 1927,2026-07-22
Incoming passenger list for BALLARAT arriving Fremantle 22 June 1927,9773558,A907,1927/7/110,1927 – 1927,2026-07-22
Incoming passenger list for MONCALIERI arriving Fremantle 8 June 1927,9773557,A907,1927/7/109,1927 – 1927,2026-07-22
Incoming passenger list for MENES arriving Port Pirie 28 July 1927,9773556,A907,1927/7/108,1927 – 1927,2026-07-22
Incoming passenger list for CARIGNANO arriving Adelaide 31 July 1927,9773555,A907,1927/7/107,1927 – 1927,2026-07-22
Incoming passenger list for OSTERLEY arriving Adelaide 30 July 1927,9773554,A907,1927/7/106,1927 – 1927,2026-07-22
Incoming passenger list for NIRPURA arriving Adelaide 26 July 1927,9773553,A907,1927/7/105,1927 – 1927,2026-07-22
Incoming passenger list for CITY OF SPARTA arriving Adelaide 26 July 1927,9773552,A907,1927/7/104,1927 – 1927,2026-07-22
Incoming passenger list for CANADIAN CONSTRUCTOR arriving Adelaide 25 July 1927,9773551,A907,1927/7/103,1927 – 1927,2026-07-22
Incoming passenger list for MENES arriving Adelaide 27 July 1927,9773550,A907,1927/7/102,1927 – 1927,2026-07-22
Incoming passenger list for ESPERANCE BAY arriving Adelaide 23 July 1927,9773549,A907,1927/7/101,1927 – 1927,2026-07-22
Incoming passenger list for COMORIN arriving Adelaide 23 July 1927,9773548,A907,1927/7/100,1927 – 1927,2026-07-22
Incoming passenger list for HOWRA arriving Adelaide 22 July 1927,9773546,A907,1927/7/98,1927 – 1927,2026-07-22
Incoming passenger list for VILLE D'AMIENS arriving Adelaide 11 July 1927,9773545,A907,1927/7/97,1927 – 1927,2026-07-22
Incoming passenger list for MOOLTAN arriving Adelaide 9 July 1927,9773544,A907,1927/7/96,1927 – 1927,2026-07-22
Incoming passenger list for CAPRERA arriving Adelaide 7 July 1927,9773543,A907,1927/7/95,1927 – 1927,2026-07-22
Incoming passenger list for HOBSONS BAY arriving Adelaide 5 July 1927,9773542,A907,1927/7/94,1927 – 1927,2026-07-22
Incoming passenger list for ORMONDE arriving Adelaide 2 July 1927,9773541,A907,1927/7/93,1927 – 1927,2026-07-22
Incoming passenger list for ASCANIUS arriving Adelaide 2 July 1927,9773540,A907,1927/7/92,1927 – 1927,2026-07-22
Incoming passenger list for CHANGTE arriving Townsville 2 July 1927,9773539,A907,1927/7/91,1927 – 1927,2026-07-22
Incoming passenger list for MARELLA arriving Townsville 14 July 1927,9773538,A907,1927/7/90,1927 – 1927,2026-07-22
Incoming passenger list for MORINDA arriving Townsville 7 July 1927,9773537,A907,1927/7/89,1927 – 1927,2026-07-22
Incoming passenger list for TANGO MARUI arriving Townsville 7 July 1927,9773536,A907,1927/7/88,1927 – 1927,2026-07-22
Incoming passenger list for ST ALBANS arriving Townsville 18 July 1927,9773535,A907,1927/7/87,1927 – 1927,2026-07-22
Incoming passenger list for TAIPING arriving Townsville 29 July 1927,9773534,A907,1927/7/86,1927 – 1927,2026-07-22
Incoming passenger list for PESHAWEE arriving Townsville 20 July 1927,9773533,A907,1927/7/85,1927 – 1927,2026-07-22
Incoming passenger list for ARAMIA arriving Thursday Island 21 July 1927,9773532,A907,1927/7/84,1927 – 1927,2026-07-22
Incoming passenger list for ST ALBANS arriving Thursday Island 15 July 1927,9773531,A907,1927/7/83,1927 – 1927,2026-07-22
Incoming passenger list for DELTA arriving Thursday Island 6 July 1927,9773530,A907,1927/7/82,1927 – 1927,2026-07-22
Incoming passenger list for TANGO MARU arriving Thursday Island 4 July 1927,9773529,A907,1927/7/81,1927 – 1927,2026-07-22
Incoming passenger list for TAIPING arriving Cairns 28 July 1927,9773528,A907,1927/7/80,1927 – 1927,2026-07-22
Incoming passenger list for MORINDA arriving Cairns 6 July 1927,9773527,A907,1927/7/79,1927 – 1927,2026-07-22
Incoming passenger list for CHANGTE arriving Cairns 1 July 1927,9773526,A907,1927/7/78,1927 – 1927,2026-07-22
Incoming passenger list for ORMONDE arriving Brisbane 11 July 1927,9773525,A907,1927/7/77,1927 – 1927,2026-07-22
Incoming passenger list for ST ALBANS arriving Brisbane 20 July 1927,9773524,A907,1927/7/76,1927 – 1927,2026-07-22
Incoming passenger list for HOBSONS BAY arriving Brisbane 18 July 1927,9773523,A907,1927/7/75,1927 – 1927,2026-07-22
Incoming passenger list for MARELLA arriving Brisbane [Unknown date] 1927,9773522,A907,1927/7/74,1927 – 1927,2026-07-22
Incoming passenger list for CANADIAN CONSTRUCTOR arriving Brisbane 9 July 1927,9773521,A907,1927/7/73,1927 – 1927,2026-07-22
Incoming passenger list for [WEST CISSETA] arriving Brisbane 20 July 1927,9773520,A907,1927/7/72,1927 – 1927,2026-07-22
Incoming passenger list for MORINDA arriving Brisbane 10 July 1927,9773519,A907,1927/7/71,1927 – 1927,2026-07-22
Incoming passenger list for MATARAM arriving Brisbane 9 July 1927,9773518,A907,1927/7/70,1927 – 1927,2026-07-22
Incoming passenger list for TANGO MARU arriving Brisbane 9 July 1927,9773517,A907,1927/7/69,1927 – 1927,2026-07-22
Incoming passenger list for TASMAN arriving Brisbane 4 July 1927,9773516,A907,1927/7/68,1927 – 1927,2026-07-22
Incoming passenger list for CHANGTE arriving Brisbane 4 July 1927,9773515,A907,1927/7/67,1927 – 1927,2026-07-22
Incoming passenger list for MAMILIUS arriving Melbourne 31 May 1927,9773514,A907,1927/7/66,1927 – 1927,2026-07-22
Incoming passenger list for PORT WELLINGTON arriving Melbourne 6 May 1927,9773513,A907,1927/7/65,1927 – 1927,2026-07-22
Incoming passenger list for MARELLA arriving Melbourne 26 March 1927,9773512,A907,1927/7/64,1927 – 1927,2026-07-22
Incoming passenger list for SUEVIC arriving Melbourne 6 May 1927,9773511,A907,1927/7/63,1927 – 1927,2026-07-22
Incoming passenger list for THEMISTOCLES arriving Melbourne 31 March 1927,9773510,A907,1927/7/62,1927 – 1927,2026-07-22
Incoming passenger list for SAINT ALBANS arriving Melbourne 31 July 1927,9773509,A907,1927/7/61,1927 – 1927,2026-07-22
Incoming passenger list for BALRANALD arriving Melbourne 30 July 1927,9773508,A907,1927/7/60,1927 – 1927,2026-07-22
Incoming passenger list for PORT BRISBANE arriving Melbourne 29 July 1927,9773507,A907,1927/7/59,1927 – 1927,2026-07-22
Incoming passenger list for ESPERANCE BAY arriving Melbourne 25 July 1927,9773506,A907,1927/7/58,1927 – 1927,2026-07-22
Incoming passenger list for COMORIN arriving Melbourne 25 July 1927,9773505,A907,1927/7/57,1927 – 1927,2026-07-22
Incoming passenger list for FREIBURG arriving Melbourne 25 July 1927,9773504,A907,1927/7/56,1927 – 1927,2026-07-22
Incoming passenger list for MARELLA arriving Melbourne 24 July 1927,9773503,A907,1927/7/55,1927 – 1927,2026-07-22
Incoming passenger list for SUVA arriving Melbourne 21 July 1927,9773502,A907,1927/7/54,1927 – 1927,2026-07-22
Incoming passenger list for TANGO MARU arriving Melbourne 11 July 1927,9773501,A907,1927/7/53,1927 – 1927,2026-07-22
Incoming passenger list for NORDIC arriving Melbourne 16 July 1927,9773500,A907,1927/7/52,1927 – 1927,2026-07-22
Incoming passenger list for WONGANELLA arriving Melbourne 14 July 1927,9773499,A907,1927/7/51,1927 – 1927,2026-07-22
Incoming passenger list for ELBERFELD arriving Melbourne 14 July 1927,9773498,A907,1927/7/50,1927 – 1927,2026-07-22
Incoming passenger list for MOOLTAN arriving Melbourne 13 July 1927,9773496,A907,1927/7/48,1927 – 1927,2026-07-22
Incoming passenger list for MOERAKI arriving Melbourne 11 July 1927,9773495,A907,1927/7/47,1927 – 1927,2026-07-22
Incoming passenger list for CHANGTE arriving Melbourne 10 July 1927,9773494,A907,1927/7/46,1927 – 1927,2026-07-22
Incoming passenger list for CAPRERA arriving Melbourne 10 July 1927,9773493,A907,1927/7/45,1927 – 1927,2026-07-22
Incoming passenger list for TASMAN arriving Melbourne 9 July 1927,9773492,A907,1927/7/44,1927 – 1927,2026-07-22
Incoming passenger list for PORT MELBOURNE arriving Melbourne 8 July 1927,9773491,A907,1927/7/43,1927 – 1927,2026-07-22
Incoming passenger list for HOBSONS BAY arriving Melbourne 7 July 1927,9773490,A907,1927/7/42,1927 – 1927,2026-07-22
Incoming passenger list for PORT CAMPBELL arriving Melbourne 6 July 1927,9773489,A907,1927/7/41,1927 – 1927,2026-07-22
Incoming passenger list for ASCANIUS arriving Melbourne 6 July 1927,9773488,A907,1927/7/40,1927 – 1927,2026-07-22
Incoming passenger list for ORMONDE arriving Melbourne 4 July 1927,9773487,A907,1927/7/39,1927 – 1927,2026-07-22
Incoming passenger list for THALATTA arriving Sydney 3 June 1927,9773336,A907,1927/6/5,1927 – 1927,2026-07-22
Incoming passenger list for MARSINA arriving Sydney 2 June 1927,9773335,A907,1927/6/4,1927 – 1927,2026-07-22
Incoming passenger list for SONOMA arriving Sydney 2 June 1927,9773334,A907,1927/6/3,1927 – 1927,2026-07-22
Incoming passenger list for CHITRAL arriving Sydney 2 June 1927,9773333,A907,1927/6/2,1927 – 1927,2026-07-22
Incoming passenger list for FERNDALE arriving Sydney 19 May 1927,9773332,A907,1927/6/1,1927 – 1927,2026-07-22
Incoming passenger list for MARELLA arriving Darwin 7 May 1927,9773331,A907,1927/5/125,1927 – 1927,2026-07-22
Incoming passenger list for ANCHISES arriving Albany 3 May 1927,9773329,A907,1927/5/123,1927 – 1927,2026-07-22
Incoming passenger list for GASCOYNE arriving Broome 16 May 1927,9773328,A907,1927/5/122,1927 – 1927,2026-07-22
Incoming passenger list for GASCOYNE arriving Derby 15 May 1927,9773327,A907,1927/5/121,1927 – 1927,2026-07-22
Incoming passenger list for BARADINE arriving Fremantle 24 April 1927,9773326,A907,1927/5/120,1927 – 1927,2026-07-22
Incoming passenger list for VILLE DE STRASBOURG arriving Fremantle 24 April 1927,9773325,A907,1927/5/119,1927 – 1927,2026-07-22
Incoming passenger list for ORVIETO arriving Fremantle 31 May 1927,9773324,A907,1927/5/118,1927 – 1927,2026-07-22
Incoming passenger list for NARINGA arriving Fremantle 30 May 1927,9773323,A907,1927/5/117,1927 – 1927,2026-07-22
Incoming passenger list for GASCOYNE arriving Fremantle 24 May 1927,9773321,A907,1927/5/116,1927 – 1927,2026-07-22
Incoming passenger list for CHITRAL arriving Fremantle 24 May 1927,9773320,A907,1927/5/115,1927 – 1927,2026-07-22
Incoming passenger list for BLACK SWAN arriving Fremantle 21 May 1927,9773319,A907,1927/5/114,1927 – 1927,2026-07-22
Incoming passenger list for NIRVANA arriving Fremantle 20 May 1927,9773318,A907,1927/5/113,1927 – 1927,2026-07-22
Incoming passenger list for CITY OF SPARTA arriving Fremantle 19 May 1927,9773317,A907,1927/5/112,1927 – 1927,2026-07-22
Incoming passenger list for PALERMO arriving Fremantle 13 May 1927,9773316,A907,1927/5/111,1927 – 1927,2026-07-22
Incoming passenger list for BELTANA arriving Fremantle 10 May 1927,9773315,A907,1927/5/110,1927 – 1927,2026-07-22
Incoming passenger list for NALDERA arriving Fremantle 10 May 1927,9773314,A907,1927/5/109,1927 – 1927,2026-07-22
Incoming passenger list for ORSOVA arriving Fremantle 3 May 1927,9773313,A907,1927/5/108,1927 – 1927,2026-07-22
Incoming passenger list for CHITRAL arriving Adelaide 28 May 1927,9773312,A907,1927/5/107,1927 – 1927,2026-07-22
Incoming passenger list for BELTANA arriving Adelaide 22 May 1927,9773311,A907,1927/5/106,1927 – 1927,2026-07-22
Incoming passenger list for NALDERA arriving Adelaide 14 May 1927,9773310,A907,1927/5/105,1927 – 1927,2026-07-22
Incoming passenger list for EURYPYLLUS arriving Adelaide 14 May 1927,9773309,A907,1927/5/104,1927 – 1927,2026-07-22
Incoming passenger list for ORSOVA arriving Adelaide 7 May 1927,9773308,A907,1927/5/103,1927 – 1927,2026-07-22
Incoming passenger list for ANCHISES arriving Adelaide 6 May 1927,9773307,A907,1927/5/102,1927 – 1927,2026-07-22
Incoming passenger list for BARADINE arriving Adelaide 3 May 1927,9773306,A907,1927/5/101,1927 – 1927,2026-07-22
Incoming passenger list for JERVIS BAY arriving Adelaide 3 May 1927,9773305,A907,1927/5/100,1927 – 1927,2026-07-22
Incoming passenger list for SUEVIC arriving Adelaide 2 May 1927,9773304,A907,1927/5/99,1927 – 1927,2026-07-22
Incoming passenger list for VILLE DE STRASBOURG arriving Adelaide 17 April 1927,9773303,A907,1927/5/98,1927 – 1927,2026-07-22
Incoming passenger list for AKI MARU arriving Townsville 7 May 1927,9773302,A907,1927/5/97,1927 – 1927,2026-07-22
Incoming passenger list for MARELLA arriving Townsville 13 May 1927,9773301,A907,1927/5/96,1927 – 1927,2026-07-22
Incoming passenger list for ARAFURA arriving Townsville 17 May 1927,9773300,A907,1927/5/95,1927 – 1927,2026-07-22
Incoming passenger list for TAIPING arriving Townsville 31 May 1927,9773299,A907,1927/5/94,1927 – 1927,2026-07-22
Incoming passenger list for TAIPING arriving Thursday 28 Island May 1927,9773298,A907,1927/5/93,1927 – 1927,2026-07-22
Incoming passenger list for ARAFURA arriving Thursday Island 14 May 1927,9773297,A907,1927/5/92,1927 – 1927,2026-07-22
Incoming passenger list for ARAMIA arriving Thursday Island 10 May 1927,9773296,A907,1927/5/91,1927 – 1927,2026-07-22
Incoming passenger list for MARELLA arriving Thursday Island 10 May 1927,9773295,A907,1927/5/90,1927 – 1927,2026-07-22
Incoming passenger list for AKI MARU arriving Thursday Island 5 May 1927,9773294,A907,1927/5/89,1927 – 1927,2026-07-22
Incoming passenger list for TAIPING arriving Cairns 30 May 1927,9773293,A907,1927/5/88,1927 – 1927,2026-07-22
Incoming passenger list for MORINDA arriving Cairns 24 May 1927,9773292,A907,1927/5/87,1927 – 1927,2026-07-22
Incoming passenger list for ARAFURA arriving Cairns 16 May 1927,9773291,A907,1927/5/86,1927 – 1927,2026-07-22
Incoming passenger list for MORINDA arriving Cairns 4 May 1927,9773290,A907,1927/5/85,1927 – 1927,2026-07-22
Incoming passenger list for PORT WELLINGTON arriving Brisbane 21 May 1927,9773289,A907,1927/5/84,1927 – 1927,2026-07-22
Incoming passenger list for MATARAM arriving Brisbane 26 May 1927,9773288,A907,1927/5/83,1927 – 1927,2026-07-22
Incoming passenger list for PALERMO arriving Brisbane 5 May 1927,9773287,A907,1927/5/82,1927 – 1927,2026-07-22
Incoming passenger list for TRIANON arriving Brisbane 24 May 1927,9773286,A907,1927/5/81,1927 – 1927,2026-07-22
Incoming passenger list for ARAFURA arriving Brisbane 19 May 1927,9773285,A907,1927/5/80,1927 – 1927,2026-07-22
Incoming passenger list for JERVIS MAY arriving Brisbane 16 May 1927,9773284,A907,1927/5/79,1927 – 1927,2026-07-22
Incoming passenger list for ORSOVA arriving Brisbane 16 May 1927,9773283,A907,1927/5/78,1927 – 1927,2026-07-22
Incoming passenger list for MARELLA arriving Brisbane 16 May 1927,9773282,A907,1927/5/77,1927 – 1927,2026-07-22
Incoming passenger list for AKI MARU arriving Brisbane 10 May 1927,9773281,A907,1927/5/76,1927 – 1927,2026-07-22
Incoming passenger list for MORINDA arriving Brisbane 8 May 1927,9773280,A907,1927/5/75,1927 – 1927,2026-07-22
Incoming passenger list for SAINT MICHEL arriving Brisbane 2 May 1927,9773279,A907,1927/5/74,1927 – 1927,2026-07-22
Incoming passenger list for ULYSSES arriving Brisbane 2 May 1927,9773278,A907,1927/5/73,1927 – 1927,2026-07-22
Incoming passenger list for CHANGTE arriving Brisbane 1 May 1927,9773277,A907,1927/5/72,1927 – 1927,2026-07-22
Incoming passenger list for MAMILIUS arriving Melbourne 30 May 1927,9773276,A907,1927/5/71,1927 – 1927,2026-07-22
Incoming passenger list for CHITRAL arriving Melbourne 30 May 1927,9773275,A907,1927/5/70,1927 – 1927,2026-07-22
Incoming passenger list for ARAFURA arriving Melbourne 30 May 1927,9773274,A907,1927/5/69,1927 – 1927,2026-07-22
Incoming passenger list for MOERAKI arriving Melbourne 29 May 1927,9773273,A907,1927/5/68,1927 – 1927,2026-07-22
Incoming passenger list for BELTANA arriving Melbourne 28 May 1927,9773272,A907,1927/5/67,1927 – 1927,2026-07-22
Incoming passenger list for SUVA arriving Melbourne 26 May 1927,9773271,A907,1927/5/66,1927 – 1927,2026-07-22
Incoming passenger list for CITY OF SPARTA arriving Melbourne 27 May 1927,9773270,A907,1927/5/65,1927 – 1927,2026-07-22
Incoming passenger list for FERNDALE arriving Melbourne 27 May 1927,9773269,A907,1927/5/64,1927 – 1927,2026-07-22
Incoming passenger list for WONGANELLA arriving Melbourne 23 May 1927,9773268,A907,1927/5/63,1927 – 1927,2026-07-22
Incoming passenger list for MARELLA arriving Melbourne 22 May 1927,9773267,A907,1927/5/62,1927 – 1927,2026-07-22
Incoming passenger list for PALERMO arriving Melbourne 20 May 1927,9773266,A907,1927/5/61,1927 – 1927,2026-07-22
Incoming passenger list for HAIMON  arriving Melbourne 19 May 1927,9773265,A907,1927/5/60,1927 – 1927,2026-07-22
Incoming passenger list for AKI MARU arriving Melbourne 18 May 1927,9773263,A907,1927/5/58,1927 – 1927,2026-07-22
Incoming passenger list for NALDERA arriving Melbourne 16 May 1927,9773262,A907,1927/5/57,1927 – 1927,2026-07-22
Incoming passenger list for PORT SYDNEY arriving Melbourne 12 May 1927,9773261,A907,1927/5/56,1927 – 1927,2026-07-22
Incoming passenger list for MOERAKI arriving Melbourne 10 May 1927,9773260,A907,1927/5/55,1927 – 1927,2026-07-22
Incoming passenger list for ORSOVA arriving Melbourne 9 May 1927,9773259,A907,1927/5/54,1927 – 1927,2026-07-22
Incoming passenger list for ANCHISES arriving Melbourne 9 May 1927,9773258,A907,1927/5/53,1927 – 1927,2026-07-22
Incoming passenger list for BARADIINE arriving Melbourne 8 May 1927,9773257,A907,1927/5/52,1927 – 1927,2026-07-22
Incoming passenger list for CHANGTE arriving Melbourne 8 May 1927,9773256,A907,1927/5/51,1927 – 1927,2026-07-22
Incoming passenger list for SUEVIC arriving Melbourne 6 May 1927,9773255,A907,1927/5/50,1927 – 1927,2026-07-22
Incoming passenger list for JERVIS BAY arriving Melbourne 7 May 1927,9773254,A907,1927/5/49,1927 – 1927,2026-07-22
Incoming passenger list for SHIRALA arriving Melbourne 2 May 1927,9773253,A907,1927/5/48,1927 – 1927,2026-07-22
Incoming passenger list for ST ALBANS arriving Melbourne 1 May 1927,9773252,A907,1927/5/47,1927 – 1927,2026-07-22
Incoming passenger list for MOLDAVIA arriving Melbourne 1 May 1927,9773251,A907,1927/5/46,1927 – 1927,2026-07-22
Incoming passenger list for PORT CURTIS arriving Newcastle 22 May 1927,9773250,A907,1927/5/45,1927 – 1927,2026-07-22
Incoming passenger list for MARAMA arriving Sydney 31 May 1927,9773249,A907,1927/5/44,1927 – 1927,2026-07-22
Incoming passenger list for CITY OF SPARTA arriving Sydney 31 May 1927,9773248,A907,1927/5/43,1927 – 1927,2026-07-22
Incoming passenger list for MAUNGANUI arriving Sydney 30 May 1927,9773247,A907,1927/5/42,1927 – 1927,2026-07-22
Incoming passenger list for PORT PIRIE arriving Sydney 29 May 1927,9773246,A907,1927/5/41,1927 – 1927,2026-07-22
Incoming passenger list for EURYPYLUS arriving Sydney 28 May 1927,9773245,A907,1927/5/40,1927 – 1927,2026-07-22
Incoming passenger list for MATARAM arriving Sydney 28 May 1927,9773244,A907,1927/5/39,1927 – 1927,2026-07-22
Incoming passenger list for NIAGARA arriving Sydney 27 May 1927,9773243,A907,1927/5/38,1927 – 1927,2026-07-22
Incoming passenger list for AUSTRALIA arriving Sydney 27 May 1927,9773242,A907,1927/5/37,1927 – 1927,2026-07-22
Incoming passenger list for HAIMON arriving Sydney 26 May 1927,9773241,A907,1927/5/36,1927 – 1927,2026-07-22
Incoming passenger list for ULIMAROA arriving Sydney 24 May 1927,9773240,A907,1927/5/35,1927 – 1927,2026-07-22
Incoming passenger list for PALERMO arriving Sydney 24 May 1927,9773239,A907,1927/5/34,1927 – 1927,2026-07-22
Incoming passenger list for MAKAMBO arriving Sydney 20 May 1927,9773238,A907,1927/5/33,1927 – 1927,2026-07-22
Incoming passenger list for DUPLEIX arriving Sydney 22 May 1927,9773237,A907,1927/5/32,1927 – 1927,2026-07-22
Incoming passenger list for SHIRALA arriving Sydney 9 May 1927,9773236,A907,1927/5/31,1927 – 1927,2026-07-22
Incoming passenger list for SUVA arriving Sydney 21 May 1927,9773235,A907,1927/5/30,1927 – 1927,2026-07-22
Incoming passenger list for SAINT VINCENT DE PAUL arriving Sydney 20 May 1927,9773234,A907,1927/5/29,1927 – 1927,2026-07-22
Incoming passenger list for UNICOI arriving Sydney 20 May 1927,9773233,A907,1927/5/28,1927 – 1927,2026-07-22
Incoming passenger list for TASMAN arriving Sydney 21 May 1927,9773232,A907,1927/5/27,1927 – 1927,2026-07-22
Incoming passenger list for PORT SYDNEY arriving Sydney 19 May 1927,9773231,A907,1927/5/26,1927 – 1927,2026-07-22
Incoming passenger list for MARELLA arriving Sydney 19 May 1927,9773230,A907,1927/5/25,1927 – 1927,2026-07-22
Incoming passenger list for NALDERA arriving Sydney 19 May 1927,9773229,A907,1927/5/24,1927 – 1927,2026-07-22
Incoming passenger list for MARION SLEIGH arriving Sydney 16 May 1927,9773228,A907,1927/5/23,1927 – 1927,2026-07-22
Incoming passenger list for MAUNGANUI arriving Sydney 17 May 1927,9773227,A907,1927/5/22,1927 – 1927,2026-07-22
Incoming passenger list for MARAMA arriving Sydney 17 May 1927,9773226,A907,1927/5/21,1927 – 1927,2026-07-22
Incoming passenger list for ANCHISES arriving Sydney 16 May 1927,9773225,A907,1927/5/20,1927 – 1927,2026-07-22
Incoming passenger list for SUEVIC arriving Sydney 13 May 1927,9773224,A907,1927/5/19,1927 – 1927,2026-07-22
Incoming passenger list for TAHITI arriving Sydney 14 May 1927,9773223,A907,1927/5/18,1927 – 1927,2026-07-22
Incoming passenger list for ULIMAROA arriving Sydney 10 May 1927,9773222,A907,1927/5/17,1927 – 1927,2026-07-22
Incoming passenger list for ORSOVA arriving Sydney 12 May 1927,9773221,A907,1927/5/16,1927 – 1927,2026-07-22
Incoming passenger list for AKI MARU arriving Sydney 13 May 1927,9773220,A907,1927/5/15,1927 – 1927,2026-07-22
Incoming passenger list for BARADINE arriving Sydney 13 May 1927,9773219,A907,1927/5/14,1927 – 1927,2026-07-22
Incoming passenger list for SIERRA arriving Sydney 12 May 1927,9773218,A907,1927/5/13,1927 – 1927,2026-07-22
Incoming passenger list for MONTORO arriving Sydney 11 May 1927,9773217,A907,1927/5/12,1927 – 1927,2026-07-22
Incoming passenger list for CANADIAN CRUISER arriving Sydney 9 May 1927,9773216,A907,1927/5/11,1927 – 1927,2026-07-22
Incoming passenger list for MORINDA arriving Sydney 10 May 1927,9773215,A907,1927/5/10,1927 – 1927,2026-07-22
Incoming passenger list for CHANGTE arriving Sydney 4 May 1927,9773213,A907,1927/5/8,1927 – 1927,2026-07-22
Incoming passenger list for TANCRED arriving Sydney 9 May 1927,9773212,A907,1927/5/7,1927 – 1927,2026-07-22
Incoming passenger list for MOLDAVIA arriving Sydney 5 May 1927,9773211,A907,1927/5/6,1927 – 1927,2026-07-22
Incoming passenger list for MAUNGANUI ariving Sydney 3 May 1927,9773210,A907,1927/5/5,1927 – 1927,2026-07-22
Incoming passenger list for MARAMA arriving Sydney 3 May 1927,9773209,A907,1927/5/4,1927 – 1927,2026-07-22
Incoming passenger list for AORANGI arriving Sydney 30 April 1927,9773208,A907,1927/5/3,1927 – 1927,2026-07-22
Incoming passenger list for REGINA D'ITALIA arriving Sydney 1 May 1927,9773207,A907,1927/5/2,1927 – 1927,2026-07-22
Incoming passenger list for CITY OF PALERMO arriving Sydney 1 May 1927,9773206,A907,1927/5/1,1927 – 1927,2026-07-22
Incoming passenger list for MALABAR arriving Darwin 6 April 1927,9773205,A907,1927/4/118,1927 – 1927,2026-07-22
Incoming passenger list for GORGON arriving Port Hedland 3 April 1927,9773204,A907,1927/4/117,1927 – 1927,2026-07-22
Incoming passenger list for CENTAUR arriving Geraldton 23 April 1927,9773203,A907,1927/4/116,1927 – 1927,2026-07-22
Incoming passenger list for CENTAUR arriving Broome 17 April 1927,9773202,A907,1927/4/115,1927 – 1927,2026-07-22
Incoming passenger list for CENTAUR arriving Fremantle 25 April 1927,9773201,A907,1927/4/114,1927 – 1927,2026-07-22
Incoming passenger list for MOLDAVIA arriving Fremantle 25 April 1927,9773200,A907,1927/4/113,1927 – 1927,2026-07-22
Incoming passenger list for SUEVIC arriving Fremantle 24 April 1927,9773199,A907,1927/4/112,1927 – 1927,2026-07-22
Incoming passenger list for BARADINE arriving Fremantle 24 April 1927,9773198,A907,1927/4/111,1927 – 1927,2026-07-22
Incoming passenger list for SHIRLA arriving Fremantle 23 April 1927,9773197,A907,1927/4/110,1927 – 1927,2026-07-22
Incoming passenger list for CITY OF PALERMO arriving Fremantle 20 April 1927,9773196,A907,1927/4/109,1927 – 1927,2026-07-22
Incoming passenger list for REGINA D'ITALIA arriving Fremantle 18 April 1927,9773195,A907,1927/4/108,1927 – 1927,2026-07-22
Incoming passenger list for MALOJA arriving Fremantle 12 April 1927,9773194,A907,1927/4/107,1927 – 1927,2026-07-22
Incoming passenger list for VILLE DE STRASBOURG arriving Fremantle 11 April 1927,9773193,A907,1927/4/106,1927 – 1927,2026-07-22
Incoming passenger list for ULYSSES arriving Fremantle 8 April 1927,9773192,A907,1927/4/105,1927 – 1927,2026-07-22
Incoming passenger list for GORGON arriving Fremantle April 1927,9773191,A907,1927/4/104,1927 – 1927,2026-07-22
Incoming passenger list for ORAMA arriving Fremantle 4 April 1927,9773190,A907,1927/4/103,1927 – 1927,2026-07-22
Incoming passenger list for KANGAROO arriving Fremantle 4 April 1927,9773189,A907,1927/4/102,1927 – 1927,2026-07-22
Incoming passenger list for MOLDAVIA arriving Adelaide 29 April 1927,9773188,A907,1927/4/101,1927 – 1927,2026-07-22
Incoming passenger list for SHIRALA arriving Adelaide  28 April 1927,9773187,A907,1927/4/100,1927 – 1927,2026-07-22
Incoming passenger list for CITY OF PALERMO arriving Adelaide  26 April 1927,9773186,A907,1927/4/99,1927 – 1927,2026-07-22
Incoming passenger list for TANCRED arriving Adelaide 25 April 1927,9773185,A907,1927/4/98,1941 – 1941,2026-07-22
Incoming passenger list for REGINA D'ITALIA arriving Adelaide 23 April 1927,9773184,A907,1927/4/97,1927 – 1927,2026-07-22
Incoming passenger list for VILLE DE STRASBOURG arriving Adelaide 17 April 1927,9773183,A907,1927/4/96,1927 – 1927,2026-07-22
Incoming passenger list for MALOJA arriving Adelaide 17  April 1927,9773182,A907,1927/4/95,1927 – 1927,2026-07-22
Incoming passenger list for ULYSSES arriving Adelaide 16 April 1927,9773181,A907,1927/4/94,1927 – 1927,2026-07-22
Incoming passenger list for CREFELD arriving Adelaide 10 April 1927,9773180,A907,1927/4/93,1927 – 1927,2026-07-22
Incoming passenger list for ORAMA arriving Adelaide 8 April 1927,9773179,A907,1927/4/92,1927 – 1927,2026-07-22
Incoming passenger list for COMORIN arriving Adelaide  2 April 1927,9773178,A907,1927/4/91,1927 – 1927,2026-07-22
Incoming passenger list for OSTERLEY arriving Adelaide 27 March 1927,9773177,A907,1927/4/90,1927 – 1927,2026-07-22
Incoming passenger list for TAIPING arriving Townsville  1 April 1927,9773176,A907,1927/4/89,1927 – 1927,2026-07-22
Incoming passenger list for CHANGTE arriving Townsville  29 April 1927,9773175,A907,1927/4/88,1927 – 1927,2026-07-22
Incoming passenger list for TANGO MARU arriving Brisbane 6 April 1927,9773174,A907,1927/4/87,1927 – 1927,2026-07-22
Incoming passenger list for QUEST arriving Thursday Island 9 April 1927,9773173,A907,1927/4/86,1927 – 1927,2026-07-22
Incoming passenger list for TANGO MARU arriving Thursday Island 4 April 1927,9773172,A907,1927/4/85,1927 – 1927,2026-07-22
Incoming passenger list for CHANGTE arriving Cairns 28 April 1927,9773171,A907,1927/4/84,1927 – 1927,2026-07-22
Incoming passenger list for SAINT ALBANS arriving Brisbane 17 April 1927,9773170,A907,1927/4/83,1927 – 1927,2026-07-22
Incoming passenger list for MORINDA arriving Cairns 2 April 1927,9773169,A907,1927/4/82,1927 – 1927,2026-07-22
Incoming passenger list for SAINT ALBANS arriving Brisbane 20 April 1927,9773168,A907,1927/4/81,1927 – 1927,2026-07-22
Incoming passenger list for ROXEN arriving Brisbane 24 April 1927,9773167,A907,1927/4/80,1927 – 1927,2026-07-22
Incoming passenger list for ORAMA arriving Brisbane 18 April 1927,9773166,A907,1927/4/79,1927 – 1927,2026-07-22
Incoming passenger list for CROWN CITY arriving Brisbane 19 April 1927,9773165,A907,1927/4/78,1927 – 1927,2026-07-22
Incoming passenger list for MARSINA arriving Brisbane 18 April 1927,9773164,A907,1927/4/77,1927 – 1927,2026-07-22
Incoming passenger list for MALABAR arriving Brisbane 17 April 1927,9773163,A907,1927/4/76,1927 – 1927,2026-07-22
Incoming passenger list for JOHN WILLIAMS arriving Brisbane 14 April 1927,9773162,A907,1927/4/75,1927 – 1927,2026-07-22
Incoming passenger list for MATARAM arriving Brisbane 14 April 1927,9773161,A907,1927/4/74,1927 – 1927,2026-07-22
Incoming passenger list for THEMISTOCLES arriving Brisbane 15 April 1927,9773160,A907,1927/4/73,1927 – 1927,2026-07-22
Incoming passenger list for TANGO MARU arriving Brisbane 9 April 1927,9773159,A907,1927/4/72,1927 – 1927,2026-07-22
Incoming passenger list for MORETON BAY arriving Brisbane 7 April 1927,9773158,A907,1927/4/71,1927 – 1927,2026-07-22
Incoming passenger list for OSTERLEY arriving Brisbane 6 April 1927,9773157,A907,1927/4/70,1927 – 1927,2026-07-22
Incoming passenger list for CITTA DI GENOVA arriving Brisbane 5 April 1927,9773156,A907,1927/4/69,1927 – 1927,2026-07-22
Incoming passenger list for MORINDA arriving Brisbane 5 April 1927,9773155,A907,1927/4/68,1927 – 1927,2026-07-22
Incoming passenger list for HOUTMAN arriving Brisbane 4 April 1927,9773154,A907,1927/4/67,1927 – 1927,2026-07-22
Incoming passenger list for TAIPIING arriving Brisbane 1 April 1927,9773153,A907,1927/4/66,1927 – 1927,2026-07-22
Incoming passenger list for VILLE DE STRASBOURG arriving Melbourne 20 April 1927,9773152,A907,1927/4/65,1927 – 1927,2026-07-22
Incoming passenger list for HOUTMAN arriving Melbourne 10 April 1927,9773151,A907,1927/4/64,1927 – 1927,2026-07-22
Incoming passenger list for TANGO MARU arriving Melbourne 18 April 1927,9773150,A907,1927/4/63,1927 – 1927,2026-07-22
Incoming passenger list for MANGOLA arriving Melbourne 28 April 1927,9773149,A907,1927/4/62,1927 – 1927,2026-07-22
Incoming passenger list for SUVA arriving Melbourne 28 April 1927,9773148,A907,1927/4/61,1927 – 1927,2026-07-22
Incoming passenger list for CITY OF PALERMO arriving Melbourne 28 April 1927,9773147,A907,1927/4/60,1927 – 1927,2026-07-22
Incoming passenger list for REGINA D'ITALIA arriving Melbourne 26 April 1927,9773146,A907,1927/4/59,1927 – 1927,2026-07-22
Incoming passenger list for MALABAR arriving Melbourne 24 April 1927,9773145,A907,1927/4/58,1927 – 1927,2026-07-22
Incoming passenger list for VILLE DE STRASBOURG arriving Melbourne 20 April 1927,9773144,A907,1927/4/57,1927 – 1927,2026-07-22
Incoming passenger list for MALOJA arriving Melbourne 19 April 1927,9773143,A907,1927/4/56,1927 – 1927,2026-07-22
Incoming passenger list for ULYSSES arriving Melbourne 18 April 1927,9773142,A907,1927/4/55,1927 – 1927,2026-07-22
Incoming passenger list for MOERAKI arriving Melbourne 17 April 1927,9773141,A907,1927/4/54,1927 – 1927,2026-07-22
Incoming passenger list for CREFELD arriving Melbourne 16 April 1927,9773140,A907,1927/4/53,1927 – 1927,2026-07-22
Incoming passenger list for FORDSDALE arriving Melbourne 16 April 1927,9773139,A907,1927/4/52,1927 – 1927,2026-07-22
Incoming passenger list for NAURU CHIEF arriving Melbourne 15 April 1927,9773138,A907,1927/4/51,1927 – 1927,2026-07-22
Incoming passenger list for PORT AUCKLAND arriving Melbourne 12 April 1927,9773137,A907,1927/4/50,1927 – 1927,2026-07-22
Incoming passenger list for ORAMA arriving Melbourne 10 April 1927,9773136,A907,1927/4/49,1927 – 1927,2026-07-22
Incoming passenger list for TAIPING arriving Melbourne 10 April 1927,9773135,A907,1927/4/48,1927 – 1927,2026-07-22
Incoming passenger list for COMORIN arriving Melbourne 4 April 1927,9773134,A907,1927/4/47,1927 – 1927,2026-07-22
Incoming passenger list for BORDA arriving Melbourne 4 April 1927,9773133,A907,1927/4/46,1927 – 1927,2026-07-22
Incoming passenger list for TANDA arriving Melbourne 4 April 1927,9773132,A907,1927/4/45,1927 – 1927,2026-07-22
Incoming passenger list for YNGAREN arriving Melbourne 3 April 1927,9773131,A907,1927/4/44,1927 – 1927,2026-07-22
Incoming passenger list for CITY OF SPARTA arriving Melbourne 2 April 1927,9773130,A907,1927/4/43,1927 – 1927,2026-07-22
Incoming passenger list for WONGANELLA arriving Melbourne 1 April 1927,9773129,A907,1927/4/42,1927 – 1927,2026-07-22
Incoming passenger list for ANTONIO arriving Port Kembla 12 April 1927,9773128,A907,1927/4/41,1927 – 1927,2026-07-22
Incoming passenger list for DAGFRED arriving Newcastle 5 April 1927,9773127,A907,1927/4/40,1927 – 1927,2026-07-22
Incoming passenger list for NAURU CHIEF arriving Newcastle 10 April 1927,9773126,A907,1927/4/39,1927 – 1927,2026-07-22
Incoming passenger list for VILLE DE STRASBURG arriving Sydney 24 April 1927,9773125,A907,1927/4/38,1927 – 1927,2026-07-22
Incoming passenger list for ULIMAROA arriving Sydney 26 April 1927,9773124,A907,1927/4/37,1927 – 1927,2026-07-22
Incoming passenger list for ULYSSES arriving Sydney 24 April 1927,9773123,A907,1927/4/36,1927 – 1927,2026-07-22
Incoming passenger list for SUVA arriving Sydney 24 April 1927,9773122,A907,1927/4/35,1927 – 1927,2026-07-22
Incoming passenger list for MALOJA arriving Sydney 23 April 1927,9773121,A907,1927/4/34,1927 – 1927,2026-07-22
Incoming passenger list for SAINT ALBANS arriving Sydney 22 April 1927,9773120,A907,1927/4/33,1927 – 1927,2026-07-22
Incoming passenger list for SYDIC arriving Sydney 29 April 1927,9773119,A907,1927/4/32,1927 – 1927,2026-07-22
Incoming passenger list for COMMANDANT DESTREMAU arriving Sydney 26 April 1927,9773118,A907,1927/4/31,1927 – 1927,2026-07-22
Incoming passenger list for CREFELD arriving Sydney 25 April 1927,9773117,A907,1927/4/30,1927 – 1927,2026-07-22
Incoming passenger list for VENTURA arriving Sydney 21 April 1927,9773116,A907,1927/4/29,1927 – 1927,2026-07-22
Incoming passenger list for JOHN WILLIAMS arriving Sydney 19 April 1927,9773115,A907,1927/4/28,1927 – 1927,2026-07-22
Incoming passenger list for MARSINA arriving Sydney 20 April 1927,9773114,A907,1927/4/27,1927 – 1927,2026-07-22
Incoming passenger list for MALABAR arriving Sydney 19 April 1927,9773113,A907,1927/4/26,1927 – 1927,2026-07-22
Incoming passenger list for MATARAM arriving Sydney 17 April 1927,9773112,A907,1927/4/25,1927 – 1927,2026-07-22
Incoming passenger list for MAKURA arriving Sydney 16 April 1927,9773111,A907,1927/4/24,1927 – 1927,2026-07-22
Incoming passenger list for MARAMA arriving Sydney 18 April 1927,9773110,A907,1927/4/23,1927 – 1927,2026-07-22
Incoming passenger list for MAUNGANUI arriving Sydney 18 April 1927,9773109,A907,1927/4/22,1927 – 1927,2026-07-22
Incoming passenger list for ORAMA arriving Sydney 13 April 1927,9773108,A907,1927/4/21,1927 – 1927,2026-07-22
Incoming passenger list for DUPLEIX arriving Sydney 12 April 1927,9773107,A907,1927/4/20,1927 – 1927,2026-07-22
Incoming passenger list for MAKAMBO arriving Sydney 12 April 1927,9773106,A907,1927/4/19,1927 – 1927,2026-07-22
Incoming passenger list for ST VINCENT DE PAUL arriving Sydney 12 April 1927,9773105,A907,1927/4/18,1927 – 1927,2026-07-22
Incoming passenger list for ULIMAROA arriving Sydney 11 April 1927,9773104,A907,1927/4/17,1927 – 1927,2026-07-22
Incoming passenger list for TANGO MARU arriving Sydney 11 April 1927,9773103,A907,1927/4/16,1927 – 1927,2026-07-22
Incoming passenger list for BORDA arriving Sydney 9 April 1927,9773102,A907,1927/4/15,1927 – 1927,2026-07-22
Incoming passenger list for COMORIN arriving Sydney 8 April 1927,9773101,A907,1927/4/14,1927 – 1927,2026-07-22
Incoming passenger list for SONOMA arriving Sydney 7 April 1927,9773100,A907,1927/4/13,1927 – 1927,2026-07-22
Incoming passenger list for MORINDA arriving Sydney 7 April 1927,9773099,A907,1927/4/12,1927 – 1927,2026-07-22
Incoming passenger list for HOUTMAN arriving Sydney 6 April 1927,9773098,A907,1927/4/11,1927 – 1927,2026-07-22
Incoming passenger list for TAIPING arriving Sydney 6 April 1927,9773097,A907,1927/4/10,1927 – 1927,2026-07-22
Incoming passenger list for CITY OF SPARTA arriving Sydney 5 April 1927,9773096,A907,1927/4/9,1927 – 1927,2026-07-22
Incoming passenger list for MAUNGANUI arriving Sydney 5 April 1927,9773095,A907,1927/4/8,1927 – 1927,2026-07-22
Incoming passenger list for MARAMA arriving Sydney 5 April 1927,9773094,A907,1927/4/7,1927 – 1927,2026-07-22
Incoming passenger list for THEMISTOCLES arriving Sydney 4 April 1927,9773093,A907,1927/4/6,1927 – 1927,2026-07-22
Incoming passenger list for CITTA DI GENOVA arriving Sydney 1 April 1927,9773092,A907,1927/4/5,1927 – 1927,2026-07-22
Incoming passenger list for BENALLA arriving Sydney 2 April 1927,9773091,A907,1927/4/4,1927 – 1927,2026-07-22
Incoming passenger list for OSTERLEY arriving Sydney 1 April 1927,9773090,A907,1927/4/3,1927 – 1927,2026-07-22
Incoming passenger list for MORETON BAY arriving Sydney 7 April 1927,9773089,A907,1927/4/2,1927 – 1927,2026-07-22
Incoming passenger list for NIAGARA arriving Sydney 1 April 1927,9773088,A907,1927/4/1,1927 – 1927,2026-07-22
Incoming passenger list for MARELLA arriving Darwin 12 March 1927,9773087,A907,1927/3/126,1927 – 1927,2026-07-22
Incoming passenger list for MINDEROO arriving Port Hedland 17 March 1927,9773086,A907,1927/3/125,1927 – 1927,2026-07-22
Incoming passenger list for GASCOYNE arriving Broome 5 March 1927,9773085,A907,1927/3/124,1927 – 1927,2026-07-22
Incoming passenger list for GORGON arriving Fremantle 31 March 1927,9773084,A907,1927/3/123,1927 – 1927,2026-07-22
Incoming passenger list for THEMISTOCLES arriving Albany 23 March 1927,9773083,A907,1927/3/122,1927 – 1927,2026-07-22
Incoming passenger list for CERAMIC arriving Albany 4 March 1927,9773082,A907,1927/3/121,1927 – 1927,2026-07-22
Incoming passenger list for CORMORIN arriving Fremantle 28 March 1927,9773081,A907,1927/3/120,1927 – 1927,2026-07-22
Incoming passenger list for CITY OF SPARTA arriving Fremantle 26 March 1927,9773080,A907,1927/3/119,1927 – 1927,2026-07-22
Incoming passenger list for MINDEROO arriving Fremantle 24 March 1927,9773079,A907,1927/3/118,1927 – 1927,2026-07-22
Incoming passenger list for OSTERLEY arriving Fremantle 26 March 1927,9773078,A907,1927/3/117,1927 – 1927,2026-07-22
Incoming passenger list for MORETON BAY arriving Fremantle 21 March 1927,9773077,A907,1927/3/116,1927 – 1927,2026-07-22
Incoming passenger list for GENOVA arriving Fremantle 29 March 1927,9773076,A907,1927/3/115,1927 – 1927,2026-07-22
Incoming passenger list for MOOLTAN arriving Fremantle 14 March 1927,9773075,A907,1927/3/114,1927 – 1927,2026-07-22
Incoming passenger list for GASCOYNE arriving Fremantle 11 March 1927,9773074,A907,1927/3/113,1927 – 1927,2026-07-22
Incoming passenger list for PERU arriving Fremantle 10 March 1927,9773073,A907,1927/3/112,1927 – 1927,2026-07-22
Incoming passenger list for ORONSAY arriving Fremantle 7 March 1927,9773072,A907,1927/3/111,1927 – 1927,2026-07-22
Incoming passenger list for ESPERANCE BAY arriving Fremantle 3 March 1927,9773071,A907,1927/3/110,1927 – 1927,2026-07-22
Incoming passenger list for CATHAY arriving Fremantle 1 March 1927,9773070,A907,1927/3/109,1927 – 1927,2026-07-22
Incoming passenger list for BORDA arriving Adelaide 31 March 1927,9773069,A907,1927/3/108,1927 – 1927,2026-07-22
Incoming passenger list for THEMISTOCLES arriving Adelaide 27 March 1927,9773068,A907,1927/3/107,1927 – 1927,2026-07-22
Incoming passenger list for OSTERLEY arriving Adelaide 27 March 1927,9773067,A907,1927/3/106,1927 – 1927,2026-07-22
Incoming passenger list for CITTA DI GENOVA arriving Adelaide 26 March 1927,9773066,A907,1927/3/105,1927 – 1927,2026-07-22
Incoming passenger list for MORETON BAY arriving Adelaide 25 March 1927,9773065,A907,1927/3/104,1927 – 1927,2026-07-22
Incoming passenger list for BENALLA arriving Adelaide 3 March 1927,9773064,A907,1927/3/103,1927 – 1927,2026-07-22
Incoming passenger list for MOOLTAN arriving Adelaide 22 March 1927,9773063,A907,1927/3/102,1927 – 1927,2026-07-22
Incoming passenger list for PORT VICTOR arriving Adelaide 20 March 1927,9773062,A907,1927/3/101,1927 – 1927,2026-07-22
Incoming passenger list for ORONSAY arriving Adelaide 11 March 1927,9773061,A907,1927/3/100,1927 – 1927,2026-07-22
Incoming passenger list for JUSTIN arriving Adelaide 11 March 1927,9773060,A907,1927/3/99,1927 – 1927,2026-07-22
Incoming passenger list for ESPERANCE BAY arriving Adelaide 8 March 1927,9773059,A907,1927/3/98,1927 – 1927,2026-07-22
Incoming passenger list for CERAMIC arriving Adelaide 8 March 1927,9773058,A907,1927/3/97,1927 – 1927,2026-07-22
Incoming passenger list for CATHAY arriving Adelaide 5 March 1927,9773057,A907,1927/3/96,1927 – 1927,2026-07-22
Incoming passenger list for PORT BRISBANE arriving Adelaide 5 March 1927,9773056,A907,1927/3/95,1927 – 1927,2026-07-22
Incoming passenger list for GARIGNANO arriving Adelaide 3 March 1927,9773055,A907,1927/3/94,1927 – 1927,2026-07-22
Incoming passenger list for BARRABOOL arriving Adelaide 2 March 1927,9773054,A907,1927/3/93,1927 – 1927,2026-07-22
Incoming passenger list for BERRIMA arriving Brisbane 21 March 1927,9773053,A907,1927/3/92,1927 – 1927,2026-07-22
Incoming passenger list for BALRANALD arriving Adelaide 6 March 1927,9773052,A907,1927/3/91,1927 – 1927,2026-07-22
Incoming passenger list for MISHIMA MARU arriving Townsville 10 March 1927,9773051,A907,1927/3/90,1927 – 1927,2026-07-22
Incoming passenger list for HOUTMAN arriving Thursday Island 30 March 1927,9773050,A907,1927/3/89,1927 – 1927,2026-07-22
Incoming passenger list for TAIPING arriving Thursday Island 28 March 1927,9773049,A907,1927/3/88,1927 – 1927,2026-07-22
Incoming passenger list for ARAMIA arriving Thursday Island 10 March 1927,9773048,A907,1927/3/87,1927 – 1927,2026-07-22
Incoming passenger list for MISHIMA MARU arriving Thursday Island 7 March 1927,9773047,A907,1927/3/86,1927 – 1927,2026-07-22
Incoming passenger list for TAIPING arriving Cairns 31 March 1927,9773046,A907,1927/3/85,1927 – 1927,2026-07-22
Incoming passenger list for MARELLA arriving Cairns 18 March 1927,9773045,A907,1927/3/84,1927 – 1927,2026-07-22
Incoming passenger list for MORINDA arriving Cairns 2 March 1927,9773044,A907,1927/3/83,1927 – 1927,2026-07-22
Incoming passenger list for TANDA arriving Brisbane 26 March 1927,9773043,A907,1927/3/82,1927 – 1927,2026-07-22
Incoming passenger list for ESPERANCE BAY arriving Brisbane 21 March 1927,9773042,A907,1927/3/81,1927 – 1927,2026-07-22
Incoming passenger list for ROGGEVUM arriving Brisbane 7 March 1927,9773041,A907,1927/3/80,1927 – 1927,2026-07-22
Incoming passenger list for MARELLA arriving Brisbane 21 March 1927,9773040,A907,1927/3/79,1927 – 1927,2026-07-22
Incoming passenger list for NESTOR arriving Brisbane 14 March 1927,9773039,A907,1927/3/78,1927 – 1927,2026-07-22
Incoming passenger list for MISHIMA MARU arriving Brisbane 13 March 1927,9773038,A907,1927/3/77,1927 – 1927,2026-07-22
Incoming passenger list for ORMONDE arriving Brisbane 7 March 1927,9773037,A907,1927/3/76,1927 – 1927,2026-07-22
Incoming passenger list for HOBSONS BAY arriving Brisbane 7 March 1927,9773036,A907,1927/3/75,1927 – 1927,2026-07-22
Incoming passenger list for MORINDA arriving Brisbane 6 March 1927,9773035,A907,1927/3/74,1927 – 1927,2026-07-22
Incoming passenger list for MATARAM arriving Brisbane 3 March 1927,9773034,A907,1927/3/73,1927 – 1927,2026-07-22
Incoming passenger list for CHANGTE arriving Brisbane 2 March 1927,9773033,A907,1927/3/72,1927 – 1927,2026-07-22
Incoming passenger list for CHRONOS arriving Geelong 23 March 1927,9773032,A907,1927/3/71,1927 – 1927,2026-07-22
Incoming passenger list for THEMISTOCLES arriving Melbourne 31 March 1927,9773031,A907,1927/3/70,1927 – 1927,2026-07-22
Incoming passenger list for CITTA DI GENOVA arriving Melbourne 29 March 1927,9773029,A907,1927/3/68,1927 – 1927,2026-07-22
Incoming passenger list for BENALLA arriving Melbourne 29 March 1927,9773028,A907,1927/3/67,1927 – 1927,2026-07-22
Incoming passenger list for MORETON BAY arriving Melbourne 28 March 1927,9773027,A907,1927/3/66,1927 – 1927,2026-07-22
Incoming passenger list for MOERAKI arriving Melbourne 26 March 1927,9773026,A907,1927/3/65,1927 – 1927,2026-07-22
Incoming passenger list for MOOLTAN arriving Melbourne 24 March 1927,9773025,A907,1927/3/64,1927 – 1927,2026-07-22
Incoming passenger list for MISHIMA MARU arriving Melbourne 21 March 1927,9773024,A907,1927/3/63,1927 – 1927,2026-07-22
Incoming passenger list for JUSTIN arriving Melbourne 15 March 1927,9773023,A907,1927/3/62,1927 – 1927,2026-07-22
Incoming passenger list for MUNDRA arriving Melbourne 14 March 1927,9773022,A907,1927/3/61,1927 – 1927,2026-07-22
Incoming passenger list for ROGGERUN arriving Melbourne 13 March 1927,9773021,A907,1927/3/60,1927 – 1927,2026-07-22
Incoming passenger list for ORONSAY arriving Melbourne 13 March 1927,9773020,A907,1927/3/59,1927 – 1927,2026-07-22
Incoming passenger list for PORT HOBART arriving Melbourne 12 March 1927,9773019,A907,1927/3/58,1927 – 1927,2026-07-22
Incoming passenger list for CERAMIC arriving Melbourne 11 March 1927,9773018,A907,1927/3/57,1927 – 1927,2026-07-22
Incoming passenger list for ESPERANCE BAY arriving Melbourne 10 March 1927,9773017,A907,1927/3/56,1927 – 1927,2026-07-22
Incoming passenger list for CHANGTE Melbourne 10 March 1927,9773016,A907,1927/3/55,1927 – 1927,2026-07-22
Incoming passenger list for CATHAY arriving Melbourne 7 March 1927,9773015,A907,1927/3/54,1927 – 1927,2026-07-22
Incoming passenger list for BARRABOOL arriving Melbourne 7 March 1927,9773014,A907,1927/3/53,1927 – 1927,2026-07-22
Incoming passenger list for CARIGNANO arriving Melbourne 6 March 1927,9773013,A907,1927/3/52,1927 – 1927,2026-07-22
Incoming passenger list for MOERAKI arriving Melbourne 5 March 1927,9773012,A907,1927/3/51,1927 – 1927,2026-07-22
Incoming passenger list for FRANCONIA arriving Melbourne 2 March 1927,9773011,A907,1927/3/50,1927 – 1927,2026-07-22
Incoming passenger list for CITY OF PALERMO arriving Melbourne 3 March 1927,9773010,A907,1927/3/49,1927 – 1927,2026-07-22
Incoming passenger list for SUVA arriving Melbourne 2 March 1927,9773009,A907,1927/3/48,1927 – 1927,2026-07-22
Incoming passenger list for COMMISSAIRE RAMEL arriving Melbourne 2 March 1927,9773008,A907,1927/3/47,1927 – 1927,2026-07-22
Incoming passenger list for WONGANELLA arriving Newcastle 29 March 1927,9773007,A907,1927/3/46,1927 – 1927,2026-07-22
Incoming passenger list for COMMONDANT DESTREMAN arriving Port Kembla 24 March 1927,9773006,A907,1927/3/45,1927 – 1927,2026-07-22
Incoming passenger list for PORT BRISBANE arriving Port Kembla 2 March 1927,9773005,A907,1927/3/44,1927 – 1927,2026-07-22
Incoming passenger list for TANDA arriving Sydney 28 March 1927,9773004,A907,1927/3/43,1927 – 1927,2026-07-22
Incoming passenger list for ULIMAROA arriving Sydney 29 March 1927,9773003,A907,1927/3/42,1927 – 1927,2026-07-22
Incoming passenger list for MOERAKI arriving Sydney 29 September 1930,9759000,A907,1930/9/36,1930 – 1930,2026-07-22
Incoming passenger list for TANDA arriving Sydney 27 September 1930,9758999,A907,1930/9/35,1930 – 1930,2026-07-22
Incoming passenger list for ORMONDE arriving Sydney 25 September 1930,9758997,A907,1930/9/33,1930 – 1930,2026-07-22
Incoming passenger list for PARRAKOOLA arriving Sydney 24 September 1930,9758996,A907,1930/9/32,1930 – 1930,2026-07-22
Incoming passenger list for MALABAR arriving Sydney 24 September 1930,9758995,A907,1930/9/31,1930 – 1930,2026-07-22
Incoming passenger list for ULIMAROA arriving Sydney 23 September 1930,9758994,A907,1930/9/30,1930 – 1930,2026-07-22
Incoming passenger list for SIRDHANA arriving Sydney 23 September 1930,9758993,A907,1930/9/29,1930 – 1930,2026-07-22
Incoming passenger list for MAKAMBO arriving Sydney 22 September 1930,9758992,A907,1930/9/28,1930 – 1930,2026-07-22
Incoming passenger list for JOHN WILLIAMS arriving Sydney 21 September 1930,9758991,A907,1930/9/27,1930 – 1930,2026-07-22
Incoming passenger list for BULLAREN arriving Sydney 19 September 1930,9758990,A907,1930/9/26,1930 – 1930,2026-07-22
Incoming passenger list for MOLDAVIA arriving Sydney 18 September 1930,9758989,A907,1930/9/25,1930 – 1930,2026-07-22
Incoming passenger list for SYDNEY MARU arriving Sydney 18 September 1930,9758988,A907,1930/9/24,1930 – 1930,2026-07-22
Incoming passenger list for TOURAINE arriving Sydney 18 September 1930,9758987,A907,1930/9/23,1930 – 1930,2026-07-22
Incoming passenger list for PORT NAPIER arriving Sydney 17 September 1930,9758986,A907,1930/9/22,1930 – 1930,2026-07-22
Incoming passenger list for MORINDA arriving Sydney 17 September 1930,9758985,A907,1930/9/21,1930 – 1930,2026-07-22
Incoming passenger list for MAUNGANUI arriving Sydney 16 September 1930,9758984,A907,1930/9/20,1930 – 1930,2026-07-22
Incoming passenger list for LARGS BAY arriving Sydney 15 September 1930,9758983,A907,1930/9/19,1930 – 1930,2026-07-22
Incoming passenger list for CHANGTE arriving Sydney 11 September 1930,9758982,A907,1930/9/18,1930 – 1930,2026-07-22
Incoming passenger list for NIEUW ZEELAND arriving Sydney 4 September 1930,9758981,A907,1930/9/17,1930 – 1930,2026-07-22
Incoming passenger list for ULIMAROA arriving Sydney 9 September 1930,9758980,A907,1930/9/16,1930 – 1930,2026-07-22
Incoming passenger list for RAVEL arriving Sydney 10 September 1930,9758979,A907,1930/9/15,1930 – 1930,2026-07-22
Incoming passenger list for LA PEROUSE arriving Sydney 11 September 1930,9758978,A907,1930/9/14,1930 – 1930,2026-07-22
Incoming passenger list for ROMOLO arriving Sydney 11 September 1930,9758977,A907,1930/9/13,1930 – 1930,2026-07-22
Incoming passenger list for SONOMA arriving Sydney 11 September 1930,9758976,A907,1930/9/12,1930 – 1930,2026-07-22
Incoming passenger list for PORT AUCKLAND arriving Sydney 12 September 1930,9758975,A907,1930/9/11,1930 – 1930,2026-07-22
Incoming passenger list for MARSINA arriving Sydney 12 September 1930,9758974,A907,1930/9/10,1930 – 1930,2026-07-22
Incoming passenger list for NIAGARA arriving Sydney 13 September 1930,9758973,A907,1930/9/9,1930 – 1930,2026-07-22
Incoming passenger list for PORT ALMA arriving Sydney 15 September 1930,9758972,A907,1930/9/8,1930 – 1930,2026-07-22
Incoming passenger list for MOERAKI arriving Sydney 8 September 1930,9758971,A907,1930/9/7,1930 – 1930,2026-07-22
Incoming passenger list for KITANO MARU arriving Sydney 8 September 1930,9758970,A907,1930/9/6,1930 – 1930,2026-07-22
Incoming passenger list for COMORIN arriving Sydney 4 September 1930,9758969,A907,1930/9/5,1930 – 1930,2026-07-22
Incoming passenger list for BARADINE arriving Sydney 2 September 1930,9758968,A907,1930/9/4,1930 – 1930,2026-07-22
Incoming passenger list for MAUNGANUI arriving Sydney 2 September 1930,9758967,A907,1930/9/3,1930 – 1930,2026-07-22
Incoming passenger list for JERVIS BAY arriving Sydney 1 September 1930,9758966,A907,1930/9/2,1930 – 1930,2026-07-22
Incoming passenger list for MARELLA arriving Sydney 25 August 1930,9758965,A907,1930/9/1,1930 – 1930,2026-07-22
Incoming passenger list for MALABAR arriving Darwin 12 July 1930,9758964,A907,1930/8/85,1930 – 1930,2026-07-22
Incoming passenger list for PORT HOBART arriving Hobart 29 August 1930,9758963,A907,1930/8/84,1930 – 1930,2026-07-22
Incoming passenger list for ROMOLO arriving Fremantle 31 August 1930,9758962,A907,1930/8/83,1930 – 1930,2026-07-22
Incoming passenger list for NALGORA arriving Fremantle 26 August 1930,9758961,A907,1930/8/82,1930 – 1930,2026-07-22
Incoming passenger list for COMORIN arriving Fremantle 26 August 1930,9758960,A907,1930/8/81,1930 – 1930,2026-07-22
Incoming passenger list for JERVIS BAY arriving Fremantle 21 August 1930,9758959,A907,1930/8/80,1930 – 1930,2026-07-22
Incoming passenger list for OTRANTO arriving Fremantle 19 August 1930,9758958,A907,1930/8/79,1930 – 1930,2026-07-22
Incoming passenger list for BENDIGO arriving Fremantle 11 August 1930,9758957,A907,1930/8/78,1930 – 1930,2026-07-22
Incoming passenger list for NESTOR arriving Fremantle 10 August 1930,9758956,A907,1930/8/77,1930 – 1930,2026-07-22
Incoming passenger list for TRITON arriving Fremantle 7 August 1930,9758955,A907,1930/8/76,1930 – 1930,2026-07-22
Incoming passenger list for BALRANALD arriving Adelaide 6 August 1930,9758954,A907,1930/8/75,1930 – 1930,2026-07-22
Incoming passenger list for COMORIN arriving Adelaide 30 August 1930,9758953,A907,1930/8/74,1930 – 1930,2026-07-22
Incoming passenger list for JERVIS BAY arriving Adelaide 26 August 1930,9758952,A907,1930/8/73,1930 – 1930,2026-07-22
Incoming passenger list for OTRANTO arriving Adelaide 23 August 1930,9758951,A907,1930/8/72,1930 – 1930,2026-07-22
Incoming passenger list for NESTOR arriving Adelaide 18 August 1930,9758950,A907,1930/8/71,1930 – 1930,2026-07-22
Incoming passenger list for FORDSDALE arriving Adelaide 17 August 1930,9758949,A907,1930/8/70,1930 – 1930,2026-07-22
Incoming passenger list for MOOLTAN arriving Adelaide 2 August 1930,9758948,A907,1930/8/69,1930 – 1930,2026-07-22
Incoming passenger list for NELLORE arriving Townsville 18 August 1930,9758947,A907,1930/8/68,1930 – 1930,2026-07-22
Incoming passenger list for TAIPING arriving Townsville 5 August 1930,9758946,A907,1930/8/67,1930 – 1930,2026-07-22
Incoming passenger list for NELLORE arriving Thursday Island 15 August 1930,9758945,A907,1930/8/66,1930 – 1930,2026-07-22
Incoming passenger list for AKI MARU arriving Thursday Island 4 August 1930,9758944,A907,1930/8/65,1930 – 1930,2026-07-22
Incoming passenger list for TAIPING arriving Thursday Island 2 August 1930,9758943,A907,1930/8/64,1930 – 1930,2026-07-22
Incoming passenger list for MORINDA arriving Cairns 11 August 1930,9758942,A907,1930/8/63,1930 – 1930,2026-07-22
Incoming passenger list for TAIPING arriving Cairns 4 August 1930,9758941,A907,1930/8/62,1930 – 1930,2026-07-22
Incoming passenger list for SAINT VINCENT DE PAUL  arriving Bowen 21 July 1930,9758940,A907,1930/8/61,1930 – 1930,2026-07-22
Incoming passenger list for PORT CAROLINE arriving Brisbane 28 August 1930,9758939,A907,1930/8/60,1930 – 1930,2026-07-22
Incoming passenger list for BENDIGO arriving Brisbane 25 August 1930,9758938,A907,1930/8/59,1930 – 1930,2026-07-22
Incoming passenger list for MARELLA arriving Brisbane 22 August 1930,9758937,A907,1930/8/58,1930 – 1930,2026-07-22
Incoming passenger list for TRITON arriving Brisbane 21 August 1930,9758936,A907,1930/8/57,1930 – 1930,2026-07-22
Incoming passenger list for NELLORE arriving Brisbane 21 August 1930,9758935,A907,1930/8/56,1930 – 1930,2026-07-22
Incoming passenger list for MATARAM arriving Brisbane 21 August 1930,9758934,A907,1930/8/55,1930 – 1930,2026-07-22
Incoming passenger list for MORINDA arriving Brisbane 14 August 1930,9758933,A907,1930/8/54,1930 – 1930,2026-07-22
Incoming passenger list for MOOLTAN arriving Brisbane 11 August 1930,9758932,A907,1930/8/53,1930 – 1930,2026-07-22
Incoming passenger list for ESPERANCE BAY arriving Brisbane 11 August 1930,9758931,A907,1930/8/52,1930 – 1930,2026-07-22
Incoming passenger list for AKI MARU arriving Brisbane 9 August 1930,9758930,A907,1930/8/51,1930 – 1930,2026-07-22
Incoming passenger list for TAIPING arriving Brisbane 8 August 1930,9758929,A907,1930/8/50,1930 – 1930,2026-07-22
Incoming passenger list for ORAMA arriving Brisbane 4 August 1930,9758928,A907,1930/8/49,1930 – 1930,2026-07-22
Incoming passenger list for NIEUW HOLLAND arriving Brisbane 1 August 1930,9758927,A907,1930/8/48,1930 – 1930,2026-07-22
Incoming passenger list for JERVIS BAY arriving Melbourne 28 August 1930,9758926,A907,1930/8/47,1930 – 1930,2026-07-22
Incoming passenger list for OTRANTO arriving Melbourne 25 August 1930,9758925,A907,1930/8/46,1930 – 1930,2026-07-22
Incoming passenger list for MAHENO arriving Melbourne 22 August 1930,9758924,A907,1930/8/45,1930 – 1930,2026-07-22
Incoming passenger list for MIRRABOOKA arriving Melbourne 22 August 1930,9758923,A907,1930/8/44,1930 – 1930,2026-07-22
Incoming passenger list for NESTOR arriving Melbourne 20 August 1930,9758922,A907,1930/8/43,1930 – 1930,2026-07-22
Incoming passenger list for BENDIGO arriving Melbourne 18 August 1930,9758921,A907,1930/8/42,1930 – 1930,2026-07-22
Incoming passenger list for AKI MARU arriving Melbourne 15 August 1930,9758920,A907,1930/8/41,1930 – 1930,2026-07-22
Incoming passenger list for TRITON arriving Melbourne 14 August 1930,9758919,A907,1930/8/40,1930 – 1930,2026-07-22
Incoming passenger list for TAIPING arriving Melbourne 14 August 1930,9758918,A907,1930/8/39,1930 – 1930,2026-07-22
Incoming passenger list for CAROLINE arriving Melbourne 10 August 1930,9758917,A907,1930/8/38,1930 – 1930,2026-07-22
Incoming passenger list for NIEUW HOLLAND arriving Melbourne 7 August 1930,9758916,A907,1930/8/37,1930 – 1930,2026-07-22
Incoming passenger list for ST ALBANS arriving Melbourne 5 August 1930,9758915,A907,1930/8/36,1930 – 1930,2026-07-22
Incoming passenger list for MOOLTAN arriving Melbourne 4 August 1930,9758914,A907,1930/8/35,1930 – 1930,2026-07-22
Incoming passenger list for MAHENO arriving Melbourne 2 August 1930,9758913,A907,1930/8/34,1930 – 1930,2026-07-22
Incoming passenger list for QUERIMBA arriving Melbourne August 1930,9758912,A907,1930/8/33,1930 – 1930,2026-07-22
Incoming passenger list for MAKAMBO arriving Sydney 12 August 1930,9758911,A907,1930/8/32,1930 – 1930,2026-07-22
Incoming passenger list for AKI MARU arriving Sydney 11 August 1930,9758910,A907,1930/8/31,1930 – 1930,2026-07-22
Incoming passenger list for TAIPIING arriving Sydney 8 August 1930,9758909,A907,1930/8/30,1930 – 1930,2026-07-22
Incoming passenger list for LA PEROUSE arriving Sydney 9 August 1930,9758908,A907,1930/8/29,1930 – 1930,2026-07-22
Incoming passenger list for MOOLTAN arriving Sydney 7 August 1930,9758907,A907,1930/8/28,1930 – 1930,2026-07-22
Incoming passenger list for MAUNGANUI arriving Sydney 5 August 1930,9758906,A907,1930/8/27,1930 – 1930,2026-07-22
Incoming passenger list for TAHITI arriving Sydney 4 August 1930,9758905,A907,1930/8/26,1930 – 1930,2026-07-22
Incoming passenger list for ESPERANCE BAY arriving Sydney 4 August 1930,9758904,A907,1930/8/25,1930 – 1930,2026-07-22
Incoming passenger list for NIEUW HOLLAND arriving Sydney 3 August 1930,9758903,A907,1930/8/24,1930 – 1930,2026-07-22
Incoming passenger list for MARSINA arriving Sydney 1 August 1930,9758902,A907,1930/8/23,1930 – 1930,2026-07-22
Incoming passenger list for ORAMA arriving Sydney 31 August 1930,9758901,A907,1930/8/22,1930 – 1930,2026-07-22
Incoming passenger list for ULIMAROA arriving Sydney 12 August 1930,9758900,A907,1930/8/21,1930 – 1930,2026-07-22
Incoming passenger list for RONA arriving Sydney 15 August 1930,9758899,A907,1930/8/20,1930 – 1930,2026-07-22
Incoming passenger list for MAKURA arriving Sydney 30 August 1930,9758898,A907,1930/8/19,1930 – 1930,2026-07-22
Incoming passenger list for OTRANTO arriving Sydney 28 August 1930,9758897,A907,1930/8/18,1930 – 1930,2026-07-22
Incoming passenger list for ULIMAROA arriving Sydney 26 August 1930,9758896,A907,1930/8/17,1930 – 1930,2026-07-22
Incoming passenger list for NESTOR arriving Sydney 25 August 1930,9758895,A907,1930/8/16,1930 – 1930,2026-07-22
Incoming passenger list for MAKAMBO arriving Sydney 25 August 1930,9758894,A907,1930/8/15,1930 – 1930,2026-07-22
Incoming passenger list for MARELLA arriving Sydney 25 August 1930,9758893,A907,1930/8/14,1930 – 1930,2026-07-22
Incoming passenger list for PORT HOBART arriving Sydney 26 August 1930,9758892,A907,1930/8/13,1930 – 1930,2026-07-22
Incoming passenger list for NELLORE arriving Sydney 23 August 1930,9758891,A907,1930/8/12,1930 – 1930,2026-07-22
Incoming passenger list for MATARAM arriving Sydney 23 August 1930,9758890,A907,1930/8/11,1930 – 1930,2026-07-22
Incoming passenger list for MONTORO arriving Sydney 22 August 1930,9758889,A907,1930/8/10,1930 – 1930,2026-07-22
Incoming passenger list for SIERRA arriving Sydney 21 August 1930,9758888,A907,1930/8/9,1930 – 1930,2026-07-22
Incoming passenger list for BENDIGO arriving Sydney 21 August 1930,9758887,A907,1930/8/8,1930 – 1930,2026-07-22
Incoming passenger list for MAUNGANUI arriving Sydney 19 August 1930,9758886,A907,1930/8/7,1930 – 1930,2026-07-22
Incoming passenger list for MOERAKI arriving Sydney 18 August 1930,9758885,A907,1930/8/6,1930 – 1930,2026-07-22
Incoming passenger list for PORT CAROLINE arriving Sydney 18 August 1930,9758884,A907,1930/8/5,1930 – 1930,2026-07-22
Incoming passenger list for PORT VICTOR arriving Sydney 17 August 1930,9758883,A907,1930/8/4,1930 – 1930,2026-07-22
PASKEVICIUS Zigmas - Nationality: Lithuanian - Arrived Fremantle per General Heintzelman 28 November 1947,4804628,B78,1956/PASKEVICIUS Z,1948 – 1956,2026-07-22
"Ancilleri, Maria born 1920; Emanuela born 1942; Giuseppa born 1945; Joseph born 1946; Maria Grazia born 1959 - arrived Melbourne per MS FAIRSEA 12 June 1954 [includes 2 b&w passport photographs]",33079440,MP210/3,1954/38/938/ANCILLERI M/E/G/J/M,1954 – 1954,2026-07-22
Australian Whaling Commission - Station construction costs,32206097,MP262/1,AWC/23E,1949 – 1955,2026-07-22
Schiff dit Mathieu de Padilla (aka Peter de Padilla),9623421,P3,T1972/6033,1972 – 1973,2026-07-22
"Santarelli, Claudio",4098224,P3,T1961/2812,1957 – 1966,2026-07-22
"Booth, Peter [Immigration SA office residence case file]",22356487,D399,S1981/1495,1981 – 1983,2026-07-22
CAMERON Ronald John - Service Number: SX2731,22253593,D1358,SX2731,1940 – 1948,2026-07-22
"[BOYD Kerry John : Service Number - 2412010 : Unit - Unallotted List, Australian Military Forces : Date of Court Martial - 6 August 1963]",9626483,A471,90070,1963 – 1963,2026-07-22
An Infantry Battalion - tropical scale,7764355,A10857,II/12C/3,1944 – 1944,2026-07-22
VALTTILA Antti - born 22 September 1890 - Finnish,7026918,A435,1947/4/2571,1941 – 1947,2026-07-22
MICHAEL JOSEPH PALMERO - Naturalization,53857,A63,A1910/4946,1910 – 1910,2026-07-22
A.G. de FARIA. Naturalization Certificate.,53326,A63,A1910/370,1909 – 1910,2026-07-22
VEJVODA Josef born 24 February 1926,4748310,A12035,709,1950 – 1950,2026-07-22
KUDLIK Klara born 26 August 1924,4739696,A12037,1287,1950 – 1950,2026-07-22
GLUSZEK Wiktor born 27 January 1919; Hildegart born 10 January 1924; Hans born 26 September 1944; Elwira born 11 June 1948,4716860,A12022,R36-R39,1950 – 1950,2026-07-22
SZELLEY Barnabas born 13 March 1940,4375673,A12039,549,1949 – 1949,2026-07-22
ELLIOTT Grace - Service Number - Staff Nurse,4299129,D2994,ELLIOTT G,1914 – 1923,2026-07-22
HANA Jan born 24 May 1926; Erika born 13 May 1925,4102818,A12029,317-318,1950 – 1950,2026-07-22
"AUTHOR Ernest John George Halliday : ADDRESS Katoomba, NSW : TITLE OF WORK Australian Topical Poems : TYPE OF WORK Literary : APPLICANT Ernest John George Halliday : DATE OF APPLICATION 12 Jul 1945 : DATE COPYRIGHT REGISTERED 15 Oct 1945 : WORK ENCLOSED? Yes",4008084,A1336,41672,1945 – 1945,2026-07-22
"FROST Ashley : Service Number - O18021 : Date of Birth - 06/11/1917 : Place of Birth - , IPSWICH : Conflict - qld, ww2",30933415,A12372,R/18021/P,1936 – 1973,2026-07-22
Applicant -  ZIKMAN Frederick Andrew : Born 1922 : Place of birth - Sydney : Application for Campaign Stars and War Medals : Date of application - 1997,30074798,A11770,9329,1997 – 1997,2026-07-22
JANSEN Johannes Antonius born 7 September 1919; Marie Madeleine (nee Pot) born 6 January 1925; Jean J F H T born 16 January 1944; Patricius A A H born 10 July 1947; Michel C M A H born 27 April 1950; Brigitte M A M born 2 August 1952 - Dutch - travelled per ship JOHAN VAN OLDENBARNEVELT departing in 1956 under Netherlands Australian Migration Agreement,1452421,A2478,JANSEN J A,1956 – 1956,2026-07-22
VUJANIC Nikola born 20 August 1938 - travelled per ship TOSCANA departing in 1958,1410625,A2478,VUJANIC N,1958 – 1958,2026-07-22
BONG HOCK: Nationality - Chinese: Date of Birth - July 1870,5955954,MT269/1,VIC/CHINA/BONG HOCK,1916 – 1916,2026-07-22
"Department of Army - patching facilities - (A) Boronia Park, Sydney (B) Saint Lucia, Brisbane and (C) Stuart near Townsville",5812498,MP721/1,W235/118,1943 – 1944,2026-07-22
"Galea, John born 1935 - arrived Melbourne per MS FAIRSEA 12 June 1954 [includes 2 b&w passport photographs]",33079519,MP210/3,1954/38/938/GALEA JOHN,1954 – 1954,2026-07-22
"Tebby, Barry James Percival and Susan Wendy",23926052,B44,V1980/49678,1980 – 1982,2026-07-22
"Clark, John Johnstone born 1914; Jane born 1908; Walter born 1935; Colin born 1937; Jean born 1940; Joan born 1945; Ellen born 1951 - arrived Melbourne per RMS ORMONDE 14 February 1952",32822569,MP195/1,1953/38/992/CLARK J/J/W/C/J/J/E,1949 – 1951,2026-07-22
"Deaves, Peerie NX6494 [Prisoners of War Trust Fund application]",1036225,B503,N6146,1952 – 1953,2026-07-22
"AUCIELLO, Arcangelo",12675645,B44,V1976/4346,1976 – 1976,2026-07-22
"Beplate, Frederick Conroyd NX68634 [Prisoners of War Trust Fund application]",1027780,B503,N346,1952 – 1960,2026-07-22
"Donnini, Fernando",16098037,MT929/1,V1957/4006,1957 – 1964,2026-07-22
"Donnini, Elena [Includes 1 x b&w photograph]",14306403,MT1078/1,V1959/2152,1952 – 1959,2026-07-22
WITT Guenther Hans Arthur - Nationality: German Arrived Adelaide per Anna Salen 28 March 1952,9228794,D4881,WITT GUENTHER HANS ARTHUR,1952 – 1960,2026-07-22
REHORST Francina - Nationality: Dutch - Arrived Fremantle per Johan Van Oldenbarnevelt 30 July 1953 Also known as NEE KOP ,9230241,D4881,REHORST FRANCINA,1953 – 1976,2026-07-22
SKUJSKUBRIS Arvids - Nationality: Latvian - Arrived Melbourne per Wooster Victory 17 November 1948,9210490,D4881,SKUJSKUBRIS ARVIDS,1948 – 1976,2026-07-22
SKUJSKUBRIS Erika - Nationality: Latvian - Arrived Melbourne per Wooster Victory 17 November 1948,9210491,D4881,SKUJSKUBRIS ERIKA,1948 – 1976,2026-07-22
MARKOVIC Dragoslav - Nationality: Yugoslavian - Arrived Melbourne per Dundalk Bay 31 January 1950,9207770,D4881,MARKOVIC DRAGOSLAV,1950 – 1976,2026-07-22
MARKOVIC Dragutin - Nationality: Yugoslavian - Arrived Adelaide per Goya 2 May 1949,9207771,D4881,MARKOVIC DRAGUTIN,1949 – 1976,2026-07-22
MAKSYMIUK Grzegorz - Nationality: Ukrainian - Arrived Melbourne per Fairsea 23 May 1950,9205756,D4881,MAKSYMIUK GRZEGORZ,1950 – 1976,2026-07-22
MALISZEWSKI Henryk - Nationality: Polish - Arrived Adelaide per Wooster Victory 5 October 1949,9205898,D4881,MALISZEWSKI HENRYK,1949 – 1976,2026-07-22
KOCZWARA Stanislaw - Nationality: Polish - Arrived Adelaide per Goya 2 May 1949 Also known as DUNECKI ,9203593,D4881,KOCZWARA STANISLAW,1949 – 1976,2026-07-22
MAKRID Djorde - Nationality: Yugoslavian - Arrived Melbourne per Fairsea 22 January 1951,9205722,D4881,MAKRID DJORDE,1951 – 1976,2026-07-22
GULDON Jozef - Nationality: Polish - Arrived Melbourne per General R L Howze 27 March 1950,9190136,D4881,GULDON JOZEF,1950 – 1976,2026-07-22
LJUBANOVIC Vid - Nationality: Yugoslavian - Arrived Melbourne per Castelbianco 14 March 1951,9193985,D4881,LJUBANOVIC VID,1951 – 1976,2026-07-22
JEVTIC Moncilo - Nationality: Yugoslavian - Arrived Melbourne per General W G Haan 21 February 1950,9189494,D4881,JEVTIC MONCILO,1950 – 1976,2026-07-22
JURGENS Paul - Nationality: Estonian - Arrived Fremantle per General M B Stewart 12 February 1948,9189998,D4881,JURGENS PAUL,1948 – 1976,2026-07-22
JEVTIC Milorad - Nationality: Yugoslavian - Arrived Melbourne per Skaubryn 2 April 1951,9189492,D4881,JEVTIC MILORAD,1951 – 1976,2026-07-22
JEVTIC Milovan - Nationality: Yugoslavian - Arrived Sydney per Fairsea 31 December 1949,9189493,D4881,JEVTIC MILOVAN,1949 – 1976,2026-07-22
JAKUBOWSKI Zygmunt - Nationality: Polish - Arrived Sydney per Svalbard 15 January 1949,9187605,D4881,JAKUBOWSKI ZYGMUNT,1949 – 1976,2026-07-22
KHOURY Mansour - Nationality: Lebanese - Arrived Sydney per Rena 28 November 1948,9183179,D4881,KHOURY MANSOUR,1948 – 1976,2026-07-22
LOJA Peter - Nationality: Ukrainian - Arrived Adelaide per Wooster Victory 5 October 1949,9184209,D4881,LOJA PETER,1949 – 1976,2026-07-22
LAZDINS Emma - Nationality: Latvian - Arrived Fremantle per Oxfordshire 9 August 1949,9180561,D4881,LAZDINS EMMA,1949 – 1976,2026-07-22
DIDENKO Juhym - Nationality: Ukrainian - Arrived Melbourne per Skaugum 30 July 1949,7219795,D4881,DIDENKO JUHYM,1949 – 1976,2026-07-22
DUNECKI Stanislaw - Nationality: Polish - Arrived Adelaide per Goya 2 May 1949 Also known as KOCZWARA ,7206685,D4881,DUNECKI STANISLAW,1949 – 1976,2026-07-22
GANTAR Stefan - Nationality: Yugoslavian - Arrived Fremantle per Skaugum 25 September 1950,7207662,D4881,GANTAR STEFAN,1950 – 1976,2026-07-22
GULDON Jan - Nationality: Polish - Arrived Melbourne per General R L Howze 27 March 1950,7199988,D4881,GULDON JAN,1950 – 1976,2026-07-22
GNEZDA Vittorio - Nationality: Yugoslavian - Arrived Melbourne per Castelbianco 17 December 1950,7198494,D4881,GNEZDA VITTORIO,1950 – 1976,2026-07-22
CZUCHWICKI Henryk - Nationality: Polish - Arrived Melbourne per General M B Stewart 30 January 1950,7166174,D4881,CZUCHWICKI HENRYK,1950 – 1976,2026-07-22
BUESING Kuno - Arrived Melbourne per Nelly 10 February 1952,205813910,D4879,NELLY 10 FEBRUARY 1952 BUESING K,1952 – 1952,2026-07-22
HOLTZ Karl Friedrich - Arrived Melbourne per Nelly 10 February 1952,205814004,D4879,NELLY 10 FEBRUARY 1952 HOLTZ K F,1952 – 1952,2026-07-22
ADAMZIK Otto - Arrived Melbourne per Castelbianco 27 December 1951,205813243,D4879,CASTELBIANCO 27 DECEMBER 1951 ADAMZIK O,1951 – 1951,2026-07-22
[120/17 Pack - SS ORARA - Auxiliary Minesweeper / Anti-submarine Warfare (ASW) Training Ship] HMAS ORARA - Outline general arrangement - Profile [Blueprint],32438754,MP551/1,120/17.Z.38,1944 – 1944,2026-07-22
"[114/ Pack - HMAS AUSTRALIA (II) and HMAS CANBERRA (I) - 'KENT' CLASS HEAVY CRUISERS] [Low-level document, plan, or drawing]",32383863,MP551/1,114/376D/2,1938 – 1938,2026-07-22
"[114/ Pack - HMAS AUSTRALIA (II) and HMAS CANBERRA (I) - 'KENT' CLASS HEAVY CRUISERS] [Low-level document, plan, or drawing]",32383824,MP551/1,114/353,1930 – 1930,2026-07-22
"[114/ Pack - HMAS AUSTRALIA (II) and HMAS CANBERRA (I) - 'KENT' CLASS HEAVY CRUISERS] [Low-level document, plan, or drawing]",32383849,MP551/1,114/371G,1934 – 1934,2026-07-22
"[114/ Pack - HMAS AUSTRALIA (II) and HMAS CANBERRA (I) - 'KENT' CLASS HEAVY CRUISERS] [Low-level document, plan, or drawing]",32383812,MP551/1,114/341,1929 – 1929,2026-07-22
[114A/ Pack - HMAS AUSTRALIA (II) - 'KENT' CLASS HEAVY CRUISER - As Fitted] HMAS AUSTRALIA - General arrangement - As fitted - Platform deck [Dyeline on linen],32320973,MP551/1,114A/197A,1937 – 1937,2026-07-22
[114A/ Pack - HMAS AUSTRALIA (II) - 'KENT' CLASS HEAVY CRUISER - As Fitted] HMAS AUSTRALIA - General arrangement - As fitted - Main deck [Blueprint],32320974,MP551/1,114A/197B,1937 – 1937,2026-07-22
[114/ Pack - HMAS AUSTRALIA (II) and HMAS CANBERRA (I) - 'KENT' CLASS HEAVY CRUISERS] HMAS AUSTRALIA - Tchebycheff Body - Drawn for 10 Sections [Ink on linen],32320729,MP551/1,114/728,1944 – 1944,2026-07-22
[114A/ Pack - HMAS AUSTRALIA (II) - 'KENT' CLASS HEAVY CRUISER - As Fitted] HMAS AUSTRALIA - General arrangement - As fitted - Main deck [Blueprint],32320941,MP551/1,114A/169,1931 – 1931,2026-07-22
"PERTH and for guidance in HOBART - Plan of type 281 w/t [wireless telegraphy] and d/f [direction finding] outfit FM 7, details of type 281 Transmitting Office - Portsmouth Yard, Constructive Department, 2 Mar 1942 - Sheet 5 of 7 - Scale: various",32140491,MP551/1,137/57,1941 – 1943,2026-07-22
Incoming passenger list for MAUNGANUI arriving Sydney 13 May 1930,9758582,A907,1930/5/21,1930 – 1930,2026-07-22
Incoming passenger list for LARGS BAY arriving Sydney 12 May 1930,9758581,A907,1930/5/20,1930 – 1930,2026-07-22
Incoming passenger list for AKI MARU arriving Sydney 12 May 1930,9758580,A907,1930/5/19,1930 – 1930,2026-07-22
Incoming passenger list for MARSINA arriving Sydney 10 May 1930,9758578,A907,1930/5/17,1930 – 1930,2026-07-22
Incoming passenger list for TANCRED arriving Sydney 10 May 1930,9758577,A907,1930/5/16,1930 – 1930,2026-07-22
Incoming passenger list for CHINKOA arriving Sydney 9 May 1930,9758576,A907,1930/5/15,1930 – 1930,2026-07-22
Incoming passenger list for LIPPE arriving Sydney 9 May 1930,9758575,A907,1930/5/14,1930 – 1930,2026-07-22
Incoming passenger list for CHANGTE arriving Sydney 8 May 1930,9758574,A907,1930/5/13,1930 – 1930,2026-07-22
Incoming passenger list for SONOMA arriving Sydney 8 May 1930,9758573,A907,1930/5/12,1930 – 1930,2026-07-22
Incoming passenger list for ORSOVA arriving Sydney 8 May 1930,9758572,A907,1930/5/11,1930 – 1930,2026-07-22
Incoming passenger list for PORT CAMPBELL arriving Sydney 7 May 1930,9758571,A907,1930/5/10,1930 – 1930,2026-07-22
Incoming passenger list for ACTIRNUS arriving Sydney 6 May 1930,9758570,A907,1930/5/9,1930 – 1930,2026-07-22
Incoming passenger list for ULIMAROA arriving Sydney 5 May 1930,9758569,A907,1930/5/8,1930 – 1930,2026-07-22
Incoming passenger list for PORT ADELAIDE arriving Sydney 5 May 1930,9758568,A907,1930/5/7,1930 – 1930,2026-07-22
Incoming passenger list for NIEUW ZEELAND arriving Sydney 5 May 1930,9758567,A907,1930/5/6,1930 – 1930,2026-07-22
Incoming passenger list for MOERAKI arriving Sydney 5 May 1930,9758566,A907,1930/5/5,1930 – 1930,2026-07-22
Incoming passenger list for LEVERKUSEN arriving Sydney 5 May 1930,9758565,A907,1930/5/4,1930 – 1930,2026-07-22
Incoming passenger list for CEPHEE arriving Sydney 3 May 1930,9758564,A907,1930/5/3,1930 – 1930,2026-07-22
Incoming passenger list for CHITRAL arriving Sydney 1 May 1930,9758563,A907,1930/5/2,1930 – 1930,2026-07-22
Incoming passenger list for CAPRERA arriving Sydney 1 May 1930,9758562,A907,1930/5/1,1930 – 1930,2026-07-22
Incoming passenger list for TANDA arriving Sydney 6 April 1930,9758561,A907,1930/4/123,1930 – 1930,2026-07-22
Incoming passenger list for JERVIS BAY arriving Fremantle 3 April 1930,9758560,A907,1930/4/122,1930 – 1930,2026-07-22
Incoming passenger list for MINDEROO arriving Broome 26 April 1930,9758559,A907,1930/4/121,1930 – 1930,2026-07-22
Incoming passenger list for CENTAUR arriving Broome 12 April 1930,9758558,A907,1930/4/120,1930 – 1930,2026-07-22
Incoming passenger list for GASCOYNE arriving Broome 13 March 1930,9758557,A907,1930/4/119,1930 – 1930,2026-07-22
Incoming passenger list for MINDEROO arriving Broome 3 March 1930,9758556,A907,1930/4/118,1930 – 1930,2026-07-22
Incoming passenger list for MALABAR arriving Darwin 13 April 1930,9758555,A907,1930/4/117,1930 – 1930,2026-07-22
Incoming passenger list for MINDEROO arriving Cossock 28 April 1930,9758554,A907,1930/4/116,1930 – 1930,2026-07-22
Incoming passenger list for CENTAUR arriving Geraldton 18 April 1930,9758553,A907,1930/4/115,1930 – 1930,2026-07-22
Incoming passenger list for CENTAUR arriving Derby 1 April 1930,9758552,A907,1930/4/114,1930 – 1930,2026-07-22
Incoming passenger list for THEMISTOCLES arriving Fremantle 14 April 1930,9758551,A907,1930/4/113,1930 – 1930,2026-07-22
Incoming passenger list for NARKUNDA arriving Fremantle 11 April 1930,9758550,A907,1930/4/112,1930 – 1930,2026-07-22
Incoming passenger list for TANCRED arriving Fremantle 30 April 1930,9758549,A907,1930/4/111,1930 – 1930,2026-07-22
Incoming passenger list for ORSOVA arriving Fremantle 29 April 1930,9758548,A907,1930/4/110,1930 – 1930,2026-07-22
Incoming passenger list for CHITRAL arriving Fremantle 22 April 1930,9758547,A907,1930/4/109,1930 – 1930,2026-07-22
Incoming passenger list for CEPHEE arriving Fremantle 21 April 1930,9758546,A907,1930/4/108,1930 – 1930,2026-07-22
Incoming passenger list for CENTAUR arriving Fremantle 20 April 1930,9758545,A907,1930/4/107,1930 – 1930,2026-07-22
Incoming passenger list for CAPRERA arriving Fremantle 18 April 1930,9758544,A907,1930/4/106,1930 – 1930,2026-07-22
Incoming passenger list for ORMONDE arriving Fremantle 15 April 1930,9758543,A907,1930/4/105,1930 – 1930,2026-07-22
Incoming passenger list for BENDIGO arriving Fremantle 13 April 1930,9758542,A907,1930/4/104,1930 – 1930,2026-07-22
Incoming passenger list for KANGAROO arriving Fremantle 11 April 1930,9758541,A907,1930/4/103,1930 – 1930,2026-07-22
Incoming passenger list for TALLEYRAND arriving Fremantle 9 April 1930,9758540,A907,1930/4/102,1930 – 1930,2026-07-22
Incoming passenger list for MOOLTAN arriving Fremantle 8 April 1930,9758539,A907,1930/4/101,1930 – 1930,2026-07-22
Incoming passenger list for ORAMA arriving Fremantle 1 April 1930,9758538,A907,1930/4/100,1930 – 1930,2026-07-22
Incoming passenger list for CHINKOA arriving Adelaide 30 April 1930,9758537,A907,1930/4/99,1930 – 1930,2026-07-22
Incoming passenger list for CAPRERA arriving Adelaide 28 April 1930,9758536,A907,1930/4/98,1930 – 1930,2026-07-22
Incoming passenger list for CEPHEE arriving Adelaide 28 April 1930,9758535,A907,1930/4/97,1930 – 1930,2026-07-22
Incoming passenger list for CHITRAL arriving Adelaide 26 April 1930,9758534,A907,1930/4/96,1930 – 1930,2026-07-22
Incoming passenger list for ORMONDE arriving Adelaide 19 April 1930,9758533,A907,1930/4/95,1930 – 1930,2026-07-22
Incoming passenger list for BENDIGO arriving Adelaide 18 April 1930,9758532,A907,1930/4/94,1930 – 1930,2026-07-22
Incoming passenger list for MOOLTAN arriving Adelaide 12 April 1930,9758531,A907,1930/4/93,1930 – 1930,2026-07-22
Incoming passenger list for JERVIS BAY arriving Adelaide 8 April 1930,9758530,A907,1930/4/92,1930 – 1930,2026-07-22
Incoming passenger list for ANCHISES arriving Adelaide 6 April 1930,9758529,A907,1930/4/91,1930 – 1930,2026-07-22
Incoming passenger list for ORAMA arriving Adelaide 5 April 1930,9758528,A907,1930/4/90,1930 – 1930,2026-07-22
Incoming passenger list for NIRPUNA arriving Adelaide 3 April 1930,9758527,A907,1930/4/89,1930 – 1930,2026-07-22
Incoming passenger list for TRIANON arriving Adelaide 2 April 1930,9758526,A907,1930/4/88,1930 – 1930,2026-07-22
Incoming passenger list for CATHAY arriving Adelaide 29 March 1930,9758525,A907,1930/4/87,1930 – 1930,2026-07-22
Incoming passenger list for SAINT ALBANS arriving Townsville 21 April 1930,9758524,A907,1930/4/86,1930 – 1930,2026-07-22
Incoming passenger list for TANDA arriving Townsville 1 April 1930,9758523,A907,1930/4/85,1930 – 1930,2026-07-22
Incoming passenger list for TAIPING arriving Townsville 1 April 1930,9758522,A907,1930/4/84,1930 – 1930,2026-07-22
Incoming passenger list for ELEVALA arriving Thursday Island 19 April 1930,9758521,A907,1930/4/83,1930 – 1930,2026-07-22
Incoming passenger list for SAINT ALBANS arriving Thursday Island 18 April 1930,9758520,A907,1930/4/82,1930 – 1930,2026-07-22
Incoming passenger list for TANGO MARU arriving Thursday Island 7 April 1930,9758519,A907,1930/4/81,1930 – 1930,2026-07-22
Incoming passenger list for MORINDA arriving Cairns 10 April 1930,9758518,A907,1930/4/80,1930 – 1930,2026-07-22
Incoming passenger list for SAINT VINCENT DE PAUL arriving Bowen 29 April 1930,9758517,A907,1930/4/79,1930 – 1930,2026-07-22
Incoming passenger list for ORMONDE arriving Brisbane 28 April 1930,9758516,A907,1930/4/78,1930 – 1930,2026-07-22
Incoming passenger list for SAINT ALBANS arriving Brisbane 24 April 1930,9758515,A907,1930/4/77,1930 – 1930,2026-07-22
Incoming passenger list for ANCHISES arriving Brisbane 21 April 1930,9758514,A907,1930/4/76,1930 – 1930,2026-07-22
Incoming passenger list for MARELLA arriving Brisbane 21 April 1930,9758513,A907,1930/4/75,1930 – 1930,2026-07-22
Incoming passenger list for JERVIS BAY arriving Brisbane 19 April 1930,9758512,A907,1930/4/74,1930 – 1930,2026-07-22
Incoming passenger list for MATARAM arriving Brisbane 17 April 1930,9758511,A907,1930/4/73,1930 – 1930,2026-07-22
Incoming passenger list for ORAMA arriving Brisbane 14 April 1930,9758510,A907,1930/4/72,1930 – 1930,2026-07-22
Incoming passenger list for MORINDA arriving Brisbane 13 April 1930,9758509,A907,1930/4/71,1930 – 1930,2026-07-22
Incoming passenger list for TANGO MARU arriving Brisbane 12 April 1930,9758508,A907,1930/4/70,1930 – 1930,2026-07-22
Incoming passenger list for ULYSSES arriving Brisbane 7 April 1930,9758507,A907,1930/4/69,1930 – 1930,2026-07-22
Incoming passenger list for TANDA arriving Brisbane 4 April 1930,9758506,A907,1930/4/68,1930 – 1930,2026-07-22
Incoming passenger list for ESPERANCE BAY arriving Brisbane 4 April 1930,9758505,A907,1930/4/67,1930 – 1930,2026-07-22
Incoming passenger list for JEFF DAVIS arriving Brisbane 19 April 1930,9758504,A907,1930/4/66,1930 – 1930,2026-07-22
Incoming passenger list for TAIPING arriving Brisbane 3 April 1930,9758503,A907,1930/4/65,1930 – 1930,2026-07-22
Incoming passenger list for BALLARAT arriving Brisbane 3 April 1930,9758502,A907,1930/4/64,1930 – 1930,2026-07-22
Incoming passenger list for NIEUW HOLLAND arriving Brisbane 1 April 1930,9758501,A907,1930/4/63,1930 – 1930,2026-07-22
Incoming passenger list for TAIPING arriving Melbourne 10 April 1930,9758500,A907,1930/4/62,1930 – 1930,2026-07-22
Incoming passenger list for LEVERKUSEN arriving Melbourne 27 April 1930,9758499,A907,1930/4/61,1930 – 1930,2026-07-22
Incoming passenger list for CEPHEE arriving Melbourne 30 April 1930,9758498,A907,1930/4/60,1930 – 1930,2026-07-22
Incoming passenger list for PORT ADELAIDE arriving Melbourne 29 April 1930,9758497,A907,1930/4/59,1930 – 1930,2026-07-22
Incoming passenger list for MARELLA arriving Melbourne 28 April 1930,9758496,A907,1930/4/58,1930 – 1930,2026-07-22
Incoming passenger list for CHITRAL arriving Melbourne 28 April 1930,9758495,A907,1930/4/57,1930 – 1930,2026-07-22
Incoming passenger list for CAPRERA arriving Melbourne 26 April 1930,9758494,A907,1930/4/56,1930 – 1930,2026-07-22
Incoming passenger list for ORMONDE arriving Melbourne 21 April 1930,9758493,A907,1930/4/55,1930 – 1930,2026-07-22
Incoming passenger list for BENDIGO arriving Melbourne 21 April 1930,9758492,A907,1930/4/54,1930 – 1930,2026-07-22
Incoming passenger list for THEMISTOCLES arriving Melbourne 19 April 1930,9758491,A907,1930/4/53,1930 – 1930,2026-07-22
Incoming passenger list for TANGO MARU arriving Melbourne 19 April 1930,9758490,A907,1930/4/52,1930 – 1930,2026-07-22
Incoming passenger list for MAHENO arriving Melbourne 19 April 1930,9758489,A907,1930/4/51,1930 – 1930,2026-07-22
Incoming passenger list for TALLEYRAND arriving Melbourne 18 April 1930,9758488,A907,1930/4/50,1930 – 1930,2026-07-22
Incoming passenger list for TANDA arriving Melbourne 14 April 1930,9758487,A907,1930/4/49,1930 – 1930,2026-07-22
Incoming passenger list for MOOLTAN arriving Melbourne 14 April 1930,9758486,A907,1930/4/48,1930 – 1930,2026-07-22
Incoming passenger list for JERVIS BAY arriving Melbourne 10 April 1930,9758485,A907,1930/4/47,1930 – 1930,2026-07-22
Incoming passenger list for ANCHISES arriving Melbourne 9 April 1930,9758484,A907,1930/4/46,1930 – 1930,2026-07-22
Incoming passenger list for ORAMA arriving Melbourne 7 April 1930,9758483,A907,1930/4/45,1930 – 1930,2026-07-22
Incoming passenger list for NIRPURA arriving Melbourne 7 April 1930,9758482,A907,1930/4/44,1930 – 1930,2026-07-22
Incoming passenger list for PORT NICHOLSON arriving Melbourne 5 April 1930,9758481,A907,1930/4/43,1930 – 1930,2026-07-22
Incoming passenger list for NIEUW HOLLAND arriving Melbourne 6 April 1930,9758480,A907,1930/4/42,1930 – 1930,2026-07-22
Incoming passenger list for ORAMA arriving Sydney 19 April 1930,9758479,A907,1930/4/41,1930 – 1930,2026-07-22
Incoming passenger list for JERVIS BAY arriving Sydney 14 April 1930,9758478,A907,1930/4/40,1930 – 1930,2026-07-22
Incoming passenger list for THEMISTOCLES arriving Sydney 26 April 1930,9758477,A907,1930/4/39,1930 – 1930,2026-07-22
Incoming passenger list for MARELLA arriving Sydney 23 April 1930,9758476,A907,1930/4/38,1930 – 1930,2026-07-22
Incoming passenger list for ULIMAROA arriving Sydney 21 April 1930,9758475,A907,1930/4/37,1930 – 1930,2026-07-22
Incoming passenger list for MATARAM arriving Sydney 19 April 1930,9758474,A907,1930/4/36,1930 – 1930,2026-07-22
Incoming passenger list for MOOLTAN arriving Sydney 17 April 1930,9758473,A907,1930/4/35,1930 – 1930,2026-07-22
Incoming passenger list for SIERRA arriving Sydney 17 April 1930,9758472,A907,1930/4/34,1930 – 1930,2026-07-22
Incoming passenger list for MONTORO arriving Sydney 5 April 1930,9758471,A907,1930/4/33,1930 – 1930,2026-07-22
Incoming passenger list for MAKAMBO arriving Sydney 4 April 1930,9758470,A907,1930/4/32,1930 – 1930,2026-07-22
Incoming passenger list for JOHN WILLIAMS arriving Sydney 29 April 1930,9758469,A907,1930/4/31,1930 – 1930,2026-07-22
Incoming passenger list for MAKAMBO arriving Sydney 29 April 1930,9758468,A907,1930/4/30,1930 – 1930,2026-07-22
Incoming passenger list for LA PEROUSE arriving Sydney 29 April 1930,9758467,A907,1930/4/29,1930 – 1930,2026-07-22
Incoming passenger list for MAUNGANUI arriving Sydney 28 April 1930,9758466,A907,1930/4/28,1930 – 1930,2026-07-22
Incoming passenger list for MAKURA arriving Sydney 28 April 1930,9758465,A907,1930/4/27,1930 – 1930,2026-07-22
Incoming passenger list for SAINT ALBANS arriving Sydney 26 April 1930,9758464,A907,1930/4/26,1930 – 1930,2026-07-22
Incoming passenger list for BENDIGO arriving Sydney 25 April 1930,9758463,A907,1930/4/25,1930 – 1930,2026-07-22
Incoming passenger list for AORANGI arriving Sydney 25 April 1930,9758462,A907,1930/4/24,1930 – 1930,2026-07-22
Incoming passenger list for ORMONDE arriving Sydney 24 April 1930,9758461,A907,1930/4/23,1930 – 1930,2026-07-22
Incoming passenger list for JEFF DAVIS arriving Sydney 24 April 1930,9758460,A907,1930/4/22,1930 – 1930,2026-07-22
Incoming passenger list for PORT AUCKLAND arriving Sydney 22 April 1930,9758459,A907,1930/4/21,1930 – 1930,2026-07-22
Incoming passenger list for MAUNGANUI arriving Sydney 15 April 1930,9758458,A907,1930/4/20,1930 – 1930,2026-07-22
Incoming passenger list for MAKURA arriving Sydney 15 April 1930,9758457,A907,1930/4/19,1930 – 1930,2026-07-22
Incoming passenger list for MORINDA arriving Sydney 15 April 1930,9758456,A907,1930/4/18,1930 – 1930,2026-07-22
Incoming passenger list for MOERAKI arriving Sydney 14 April 1930,9758455,A907,1930/4/17,1930 – 1930,2026-07-22
Incoming passenger list for TANGO MARU arriving Sydney 14 April 1930,9758454,A907,1930/4/16,1930 – 1930,2026-07-22
Incoming passenger list for PORT NICHOLSON arriving Sydney 14 April 1930,9758453,A907,1930/4/15,1930 – 1930,2026-07-22
Incoming passenger list for MONTORO arriving Sydney 13 April 1930,9758452,A907,1930/4/14,1930 – 1930,2026-07-22
Incoming passenger list for ANCHISES arriving Sydney 13 April 1930,9758451,A907,1930/4/13,1930 – 1930,2026-07-22
Incoming passenger list for JERVIS BAY arriving Sydney 14 April 1930,9758450,A907,1930/4/12,1930 – 1930,2026-07-22
Incoming passenger list for TAHITI arriving Sydney 12 April 1930,9758449,A907,1930/4/11,1930 – 1930,2026-07-22
Incoming passenger list for ORAMA arriving Sydney 10 April 1930,9758448,A907,1930/4/10,1930 – 1930,2026-07-22
Incoming passenger list for ULIMAROA arriving Sydney 8 April 1930,9758447,A907,1930/4/9,1930 – 1930,2026-07-22
Incoming passenger list for TRIANON arriving Sydney 8 April 1930,9758446,A907,1930/4/8,1930 – 1930,2026-07-22
Incoming passenger list for TANDA arriving Sydney 6 April 1930,9758445,A907,1930/4/7,1930 – 1930,2026-07-22
Incoming passenger list for TAIPING arriving Sydney 6 April 1930,9758444,A907,1930/4/6,1930 – 1930,2026-07-22
Incoming passenger list for PORT WELLINGTON arriving Sydney 5 April 1930,9758443,A907,1930/4/5,1930 – 1930,2026-07-22
Incoming passenger list for NIEUW HOLLAND arriving Sydney 3 April 1930,9758442,A907,1930/4/4,1930 – 1930,2026-07-22
Incoming passenger list for CATHAY arriving Sydney 3 April 1930,9758441,A907,1930/4/3,1930 – 1930,2026-07-22
Incoming passenger list for MAKURA arriving Sydney 1 April 1930,9758440,A907,1930/4/2,1930 – 1930,2026-07-22
Incoming passenger list for MAUNGANUI arriving Sydney 1 April 1930,9758439,A907,1930/4/1,1930 – 1930,2026-07-22
Incoming passenger list for MARELLA arriving Darwin 11 February 1930,9758438,A907,1930/3/126,1930 – 1930,2026-07-22
Incoming passenger list for CENTAUR arriving Port Hedland 19 March 1930,9758437,A907,1930/3/125,1930 – 1930,2026-07-22
Incoming passenger list for GASCOYNE arriving Port Hedland 30 March 1930,9758436,A907,1930/3/124,1930 – 1930,2026-07-22
Incoming passenger list for MINDEROO arriving Geraldton 7 March 1930,9758435,A907,1930/3/123,1930 – 1930,2026-07-22
Incoming passenger list for CENTAUR arriving Broome 12 March 1930,9758434,A907,1930/3/122,1930 – 1930,2026-07-22
Incoming passenger list for ULYSSES arriving Albany 17 March 1930,9758433,A907,1930/3/121,1930 – 1930,2026-07-22
Incoming passenger list for KAGA MARU arriving Brisbane 7 June 1930,9758732,A907,1930/6/47,1930 – 1930,2026-07-22
Incoming passenger list for NIEUW HOLLAND arriving Brisbane 3 June 1930,9758731,A907,1930/6/46,1930 – 1930,2026-07-22
Incoming passenger list for MOLDAVIA arriving Brisbane 2 June 1930,9758730,A907,1930/6/45,1930 – 1930,2026-07-22
Incoming passenger list for PORT DARWIN arriving Brisbane 15 June 1930,9758729,A907,1930/6/44,1930 – 1930,2026-07-22
Incoming passenger list for ORONSAY rriving Brisbane 30 June 1930,9758728,A907,1930/6/43,1930 – 1930,2026-07-22
Incoming passenger list for MARELLA arriving Brisbane 28 June 1930,9758727,A907,1930/6/42,1930 – 1930,2026-07-22
Incoming passenger list for MONGOLIA arriving Brisbane 23 June 1930,9758726,A907,1930/6/41,1930 – 1930,2026-07-22
Incoming passenger list for MAHENO arriving Brisbane 21 June 1930,9758725,A907,1930/6/40,1930 – 1930,2026-07-22
Incoming passenger list for BARRABOOL arriving Brisbane 20 June 1930,9758724,A907,1930/6/39,1930 – 1930,2026-07-22
Incoming passenger list for KAGA MARU arriving Brisbane 13 June 1930,9758723,A907,1930/6/38,1930 – 1930,2026-07-22
Incoming passenger list for TAIPING arriving Brisbane 13 June 1930,9758722,A907,1930/6/37,1930 – 1930,2026-07-22
Incoming passenger list for NECKAR arriving Brisbane 12 June 1930,9758721,A907,1930/6/36,1930 – 1930,2026-07-22
Incoming passenger list for ASTORIA arriving Brisbane 8 June 1930,9758720,A907,1930/6/35,1930 – 1930,2026-07-22
Incoming passenger list for NALDERA arriving Brisbane 9 June 1930,9758719,A907,1930/6/34,1930 – 1930,2026-07-22
Incoming passenger list for NIEUW HOLLAND arriving Brisbane 7 June 1930,9758718,A907,1930/6/33,1930 – 1930,2026-07-22
Incoming passenger list for CITTA DI GENOVA arriving Brisbane 7 June 1930,9758717,A907,1930/6/32,1930 – 1930,2026-07-22
Incoming passenger list for VILLE D'AMIENS arriving Brisbane 6 June 1930,9758716,A907,1930/6/31,1930 – 1930,2026-07-22
Incoming passenger list for MORETON BAY arriving Brisbane 5 June 1930,9758715,A907,1930/6/30,1930 – 1930,2026-07-22
Incoming passenger list for ORVIETO arriving Brisbane 2 June 1930,9758714,A907,1930/6/29,1930 – 1930,2026-07-22
Incoming passenger list for NELLORE arriving Brisbane 1 June 1930,9758713,A907,1930/6/28,1930 – 1930,2026-07-22
Incoming passenger list for BRYNYMOR arriving Sydney 23 June 1930,9758712,A907,1930/6/27,1930 – 1930,2026-07-22
Incoming passenger list for TANDA arriving Sydney 28 June 1930,9758711,A907,1930/6/26,1930 – 1930,2026-07-22
Incoming passenger list for MONGOLIA arriving Sydney 26 June 1930,9758710,A907,1930/6/25,1930 – 1930,2026-07-22
Incoming passenger list for MAUNGANUI arriving Sydney 24 June 1930,9758709,A907,1930/6/24,1930 – 1930,2026-07-22
Incoming passenger list for MARAMA arriving Sydney 24 June 1930,9758708,A907,1930/6/23,1930 – 1930,2026-07-22
Incoming passenger list for MARELLA arriving Sydney 24 June 1930,9758707,A907,1930/6/22,1930 – 1930,2026-07-22
Incoming passenger list for MARSINA arriving Sydney 21 June 1930,9758705,A907,1930/6/20,1930 – 1930,2026-07-22
Incoming passenger list for AORANGI arriving Sydney 20 June 1930,9758704,A907,1930/6/19,1930 – 1930,2026-07-22
Incoming passenger list for MORINDA arriving Sydney 19 June 1930,9758703,A907,1930/6/18,1930 – 1930,2026-07-22
Incoming passenger list for PORT DENISON arriving Sydney 19 June 1930,9758702,A907,1930/6/17,1930 – 1930,2026-07-22
Incoming passenger list for SIERRA arriving Sydney 19 June 1930,9758701,A907,1930/6/16,1930 – 1930,2026-07-22
Incoming passenger list for ULIMAROA arriving Sydney 17 June 1930,9758700,A907,1930/6/15,1930 – 1930,2026-07-22
Incoming passenger list for NALDERA arriving Sydney 17 June 1930,9758699,A907,1930/6/14,1930 – 1930,2026-07-22
Incoming passenger list for NARBADA arriving Sydney 5 June 1930,9758698,A907,1930/6/13,1930 – 1930,2026-07-22
Incoming passenger list for MOERAKI arriving Sydney 16 June 1930,9758697,A907,1930/6/12,1930 – 1930,2026-07-22
Incoming passenger list for MAKAMKBO arriving Sydney 13 June 1930,9758696,A907,1930/6/11,1930 – 1930,2026-07-22
Incoming passenger list for VILLE D'AMIENS arriving Sydney 10 June 1930,9758695,A907,1930/6/10,1930 – 1930,2026-07-22
Incoming passenger list for CITTA DI GENOVA arriving Sydney 10 June 1930,9758694,A907,1930/6/9,1930 – 1930,2026-07-22
Incoming passenger list for MAUNGANUI arriving Sydney 10 June 1930,9758693,A907,1930/6/8,1930 – 1930,2026-07-22
Incoming passenger list for MORETON BAY arriving Sydney 9 June 1930,9758692,A907,1930/6/7,1930 – 1930,2026-07-22
Incoming passenger list for KAGA MARU arriving Sydney 9 June 1930,9758691,A907,1930/6/6,1930 – 1930,2026-07-22
Incoming passenger list for TAIPING arriving Sydney 9 June 1930,9758690,A907,1930/6/5,1930 – 1930,2026-07-22
Incoming passenger list for TAHITI arriving Sydney 8 June 1930,9758689,A907,1930/6/4,1930 – 1930,2026-07-22
Incoming passenger list for NIEUW HOLLAND arriving Sydney 5 June 1930,9758688,A907,1930/6/3,1930 – 1930,2026-07-22
Incoming passenger list for ORVIETO arriving Sydney 5 June 1930,9758687,A907,1930/6/2,1930 – 1930,2026-07-22
Incoming passenger list for ULIMAROA arriving Sydney 3 June 1930,9758686,A907,1930/6/1,1930 – 1930,2026-07-22
Incoming passenger list for ANTONIO arriving Fremantle 7 May 1930,9758685,A907,1930/5/124,1930 – 1930,2026-07-22
Incoming passenger list for MARELLA arriving Darwin 11 April 1930,9758684,A907,1930/5/123,1930 – 1930,2026-07-22
Incoming passenger list for GASCOYNE arriving Cossack 28 May 1930,9758683,A907,1930/5/122,1930 – 1930,2026-07-22
Incoming passenger list for GASCOYNE arriving Carnarvon 30 May 1930,9758682,A907,1930/5/121,1930 – 1930,2026-07-22
Incoming passenger list for MINDEROO arriving Port Hedland 3 March 1930,9758681,A907,1930/5/120,1930 – 1930,2026-07-22
Incoming passenger list for CENTAUR arriving Port Hedland 13 April 1930,9758680,A907,1930/5/119,1930 – 1930,2026-07-22
Incoming passenger list for GASCOYNE arriving Geraldton 31 May 1930,9758679,A907,1930/5/118,1930 – 1930,2026-07-22
Incoming passenger list for GASCOYNE arriving Broome 26 May 1930,9758678,A907,1930/5/117,1930 – 1930,2026-07-22
Incoming passenger list for ORSOVA arriving Fremantle 29 April 1930,9758677,A907,1930/5/116,1930 – 1930,2026-07-22
Incoming passenger list for CITTA DI GENOVA arriving Fremantle 31 May 1930,9758676,A907,1930/5/115,1930 – 1930,2026-07-22
Incoming passenger list for VILLE D'AMIENS arriving Fremantle 30 May 1930,9758675,A907,1930/5/114,1930 – 1930,2026-07-22
Incoming passenger list for MORETON BAY arriving Fremantle 30 May 1930,9758674,A907,1930/5/113,1930 – 1930,2026-07-22
Incoming passenger list for ORVIETO arriving Fremantle 27 May 1930,9758673,A907,1930/5/112,1930 – 1930,2026-07-22
Incoming passenger list for MOLDAVIA arriving Fremantle 20 May 1930,9758672,A907,1930/5/111,1930 – 1930,2026-07-22
Incoming passenger list for TEMPLAR arriving Fremantle 18 May 1930,9758671,A907,1930/5/110,1930 – 1930,2026-07-22
Incoming passenger list for ASCANIUS arriving Fremantle 18 May 1930,9758670,A907,1930/5/109,1930 – 1930,2026-07-22
Incoming passenger list for BARADINE arriving Fremantle 13 May 1930,9758669,A907,1930/5/108,1930 – 1930,2026-07-22
Incoming passenger list for MALOJA arriving Fremantle 6 May 1930,9758668,A907,1930/5/107,1930 – 1930,2026-07-22
Incoming passenger list for MINDEROO arriving Fremantle 1 May 1930,9758667,A907,1930/5/106,1930 – 1930,2026-07-22
Incoming passenger list for LARGS  BAY arriving Fremantle 1 May 1930,9758666,A907,1930/5/105,1930 – 1930,2026-07-22
Incoming passenger list for ORVIETO arriving Adelaide 31 May 1930,9758665,A907,1930/5/104,1930 – 1930,2026-07-22
Incoming passenger list for MOLDAVIA arriving Adelaide 24 May 1930,9758664,A907,1930/5/103,1930 – 1930,2026-07-22
Incoming passenger list for ASCANIUS arriving Adelaide 24 May 1930,9758663,A907,1930/5/102,1930 – 1930,2026-07-22
Incoming passenger list for BARADINE arriving Adelaide 17 May 1930,9758662,A907,1930/5/101,1930 – 1930,2026-07-22
Incoming passenger list for MALOJA arriving Adelaide 10 May 1930,9758661,A907,1930/5/100,1930 – 1930,2026-07-22
Incoming passenger list for THESEUS arriving Adelaide 10 May 1930,9758660,A907,1930/5/99,1930 – 1930,2026-07-22
Incoming passenger list for LARGS BAY arriving Adelaide 5 May 1930,9758659,A907,1930/5/98,1930 – 1930,2026-07-22
Incoming passenger list for ORSOVA arriving Adelaide 3 May 1930,9758658,A907,1930/5/97,1930 – 1930,2026-07-22
Incoming passenger list for LIPPE arriving Adelaide 2 May 1930,9758657,A907,1930/5/96,1930 – 1930,2026-07-22
Incoming passenger list for NELLORE arriving Townsville 20 May 1930,9758656,A907,1930/5/95,1930 – 1930,2026-07-22
Incoming passenger list for MALABAR arriving Townsville 18 May 1930,9758655,A907,1930/5/94,1930 – 1930,2026-07-22
Incoming passenger list for CHANGTE arriving Townsville 2 May 1930,9758654,A907,1930/5/93,1930 – 1930,2026-07-22
Incoming passenger list for TAIPING arriving Thursday Island 31 May 1930,9758653,A907,1930/5/92,1930 – 1930,2026-07-22
Incoming passenger list for MALABAR arriving Gladstone 20 May 1930,9758652,A907,1930/5/91,1930 – 1930,2026-07-22
Incoming passenger list for NELLORE arriving Cairns 19 May 1930,9758651,A907,1930/5/90,1930 – 1930,2026-07-22
Incoming passenger list for MORINDA arriving Cairns 15 May 1930,9758650,A907,1930/5/89,1930 – 1930,2026-07-22
Incoming passenger list for CHANGTE arriving Cairns 1 May 1930,9758649,A907,1930/5/88,1930 – 1930,2026-07-22
Incoming passenger list for MATARAM arriving Brisbane 29 May 1930,9758648,A907,1930/5/87,1930 – 1930,2026-07-22
Incoming passenger list for POTTER arriving Brisbane 24 May 1930,9758647,A907,1930/5/86,1930 – 1930,2026-07-22
Incoming passenger list for MALABAR arriving Brisbane 22 May 1930,9758646,A907,1930/5/85,1930 – 1930,2026-07-22
Incoming passenger list for MALOJA arriving Brisbane 19 May 1930,9758645,A907,1930/5/84,1930 – 1930,2026-07-22
Incoming passenger list for MORINDA arriving Brisbane 19 May 1930,9758644,A907,1930/5/83,1930 – 1930,2026-07-22
Incoming passenger list for LARGS BAY arriving Brisbane 16 May 1930,9758643,A907,1930/5/82,1930 – 1930,2026-07-22
Incoming passenger list for ORSOVA arriving Brisbane 12 May 1930,9758642,A907,1930/5/81,1930 – 1930,2026-07-22
Incoming passenger list for CANADIAN HIGHLANDER arriving Brisbane 11 May 1930,9758641,A907,1930/5/80,1930 – 1930,2026-07-22
Incoming passenger list for AKI MARU arriving Brisbane 10 May 1930,9758640,A907,1930/5/79,1930 – 1930,2026-07-22
Incoming passenger list for CAPRERA arriving Brisbane 7 May 1930,9758639,A907,1930/5/78,1930 – 1930,2026-07-22
Incoming passenger list for CARISSA arriving Brisbane 5 May 1930,9758638,A907,1930/5/77,1930 – 1930,2026-07-22
Incoming passenger list for CHANGTE arriving Brisbane 5 May 1930,9758637,A907,1930/5/76,1930 – 1930,2026-07-22
Incoming passenger list for THEMISTOCLES arriving Brisbane 5 May 1930,9758636,A907,1930/5/75,1930 – 1930,2026-07-22
Incoming passenger list for NIEUW ZEELAND arriving Brisbane 3 May 1930,9758635,A907,1930/5/74,1930 – 1930,2026-07-22
Incoming passenger list for BENDIGO arriving Brisbane 1 May 1930,9758633,A907,1930/5/72,1930 – 1930,2026-07-22
Incoming passenger list for PORT CURTIS arriving Brisbane 30 April 1930,9758632,A907,1930/5/71,1930 – 1930,2026-07-22
Incoming passenger list for ULYSSES arriving Brisbane 24 March 1930,9758631,A907,1930/5/70,1930 – 1930,2026-07-22
Incoming passenger list for CATHAY arriving Brisbane 9 December 1929,9758630,A907,1930/5/69,1929 – 1929,2026-07-22
Incoming passenger list for ORONTES arriving Brisbane 1 December 1929,9758629,A907,1930/5/68,1929 – 1929,2026-07-22
Incoming passenger list for BALLARAT arriving Brisbane 21 November 1929,9758628,A907,1930/5/67,1929 – 1929,2026-07-22
Incoming passenger list for MOLDAVIA arriving Brisbane 11 November 1929,9758627,A907,1930/5/66,1929 – 1929,2026-07-22
Incoming passenger list for LARGS BAY arriving Brisbane 5 July 1929,9758626,A907,1930/5/65,1929 – 1929,2026-07-22
Incoming passenger list for TEMPLAR arriving Brisbane 28 May 1930,9758625,A907,1930/5/64,1930 – 1930,2026-07-22
Incoming passenger list for TISMAREN arriving Brisbane 29 May 1930,9758624,A907,1930/5/63,1930 – 1930,2026-07-22
Incoming passenger list for MALABAR arriving Brisbane 29 May 1930,9758623,A907,1930/5/62,1930 – 1930,2026-07-22
Incoming passenger list for ASCANIUS arriving Brisbane 26 May 1930,9758622,A907,1930/5/61,1930 – 1930,2026-07-22
Incoming passenger list for MOLDAVIA arriving Brisbane 26 May 1930,9758621,A907,1930/5/60,1930 – 1930,2026-07-22
Incoming passenger list for PORT DUNEDIN arriving Brisbane 25 May 1930,9758620,A907,1930/5/59,1930 – 1930,2026-07-22
Incoming passenger list for NAURU CHIEF arriving Brisbane 22 May 1930,9758619,A907,1930/5/58,1930 – 1930,2026-07-22
Incoming passenger list for BARADINE arriving Brisbane 21 May 1930,9758618,A907,1930/5/57,1930 – 1930,2026-07-22
Incoming passenger list for GOLDEN HARVEST arriving Brisbane 17 May 1930,9758617,A907,1930/5/56,1930 – 1930,2026-07-22
Incoming passenger list for AKI MARU arriving Brisbane 15 May 1930,9758616,A907,1930/5/55,1930 – 1930,2026-07-22
Incoming passenger list for MALOJA arriving Brisbane 12 May 1930,9758615,A907,1930/5/54,1930 – 1930,2026-07-22
Incoming passenger list for PORT CAMPBELL arriving Brisbane 11 May 1930,9758614,A907,1930/5/53,1930 – 1930,2026-07-22
Incoming passenger list for CHANGTE arriving Brisbane 11 May 1930,9758613,A907,1930/5/52,1930 – 1930,2026-07-22
Incoming passenger list for MAHENO arriving Brisbane 10 May 1930,9758612,A907,1930/5/51,1930 – 1930,2026-07-22
Incoming passenger list for LARGS BAY arriving Brisbane 8 May 1930,9758611,A907,1930/5/50,1930 – 1930,2026-07-22
Incoming passenger list for TANCRED arriving Brisbane 7 May 1930,9758610,A907,1930/5/49,1930 – 1930,2026-07-22
Incoming passenger list for NIEUW ZEELAND arriving Brisbane 7 May 1930,9758609,A907,1930/5/48,1930 – 1930,2026-07-22
Incoming passenger list for BRYNYMOR arriving Brisbane 6 May 1930,9758608,A907,1930/5/47,1930 – 1930,2026-07-22
Incoming passenger list for ORSOVA arriving Brisbane 5 May 1930,9758607,A907,1930/5/46,1930 – 1930,2026-07-22
Incoming passenger list for SAINT ALBANS arriving Brisbane 5 May 1930,9758606,A907,1930/5/45,1930 – 1930,2026-07-22
Incoming passenger list for CHINKOA arriving Brisbane 5 May 1930,9758605,A907,1930/5/44,1930 – 1930,2026-07-22
Incoming passenger list for MALOJA arriving Sydney 15 May 1930,9758604,A907,1930/5/43,1930 – 1930,2026-07-22
Incoming passenger list for MATARAM arriving Sydney 31 May 1930,9758603,A907,1930/5/42,1930 – 1930,2026-07-22
Incoming passenger list for ASCANIUS arriving Sydney 30 May 1930,9758602,A907,1930/5/41,1930 – 1930,2026-07-22
Incoming passenger list for TEMPLAR arriving Sydney 31 May 1930,9758601,A907,1930/5/40,1930 – 1930,2026-07-22
Incoming passenger list for VENTURA arriving Sydney 29 May 1930,9758600,A907,1930/5/39,1930 – 1930,2026-07-22
Incoming passenger list for LA PEROUSE arriving Sydney 29 May 1930,9758599,A907,1930/5/38,1930 – 1930,2026-07-22
Incoming passenger list for MOLDAVIA arriving Sydney 29 May 1930,9758598,A907,1930/5/37,1930 – 1930,2026-07-22
Incoming passenger list for PORT DUNEDIN arriving Sydney 30 May 1930,9758597,A907,1930/5/36,1930 – 1930,2026-07-22
Incoming passenger list for KYOKKOH MARU arriving Sydney 30 May 1930,9758596,A907,1930/5/35,1930 – 1930,2026-07-22
Incoming passenger list for MAKAMBO arriving Sydney 28 May 1930,9758595,A907,1930/5/34,1930 – 1930,2026-07-22
Incoming passenger list for MONTORO arriving Sydney 27 May 1930,9758594,A907,1930/5/33,1930 – 1930,2026-07-22
Incoming passenger list for MARAMA arriving Sydney 27 May 1930,9758593,A907,1930/5/32,1930 – 1930,2026-07-22
Incoming passenger list for MAUNGANUI arriving Sydney 27 May 1930,9758592,A907,1930/5/31,1930 – 1930,2026-07-22
Incoming passenger list for MOERAKI arriving Sydney 26 May 1930,9758591,A907,1930/5/30,1930 – 1930,2026-07-22
Incoming passenger list for NELLORE arriving Sydney 25 May 1930,9758590,A907,1930/5/29,1930 – 1930,2026-07-22
Incoming passenger list for MALABAR arriving Sydney 24 May 1930,9758589,A907,1930/5/28,1930 – 1930,2026-07-22
Incoming passenger list for BARADINE arriving Sydney 24 May 1930,9758588,A907,1930/5/27,1930 – 1930,2026-07-22
Incoming passenger list for NIAGARA arriving Sydney 24 May 1930,9758587,A907,1930/5/26,1930 – 1930,2026-07-22
Incoming passenger list for MORINDA arriving Sydney 21 May 1930,9758586,A907,1930/5/25,1930 – 1930,2026-07-22
Incoming passenger list for ULIMAROA arriving Sydney 20 May 1930,9758585,A907,1930/5/24,1930 – 1930,2026-07-22
Incoming passenger list for NAURU CHIEF arriving Sydney 18 May 1930,9758584,A907,1930/5/23,1930 – 1930,2026-07-22
Incoming passenger list for MAKURA arriving Sydney 13 May 1930,9758583,A907,1930/5/22,1930 – 1930,2026-07-22
Incoming passenger list for TRITON arriving Sydney 16 August 1930,9758882,A907,1930/8/3,1930 – 1930,2026-07-22
Incoming passenger list for MORINDA arriving Sydney 16 August 1930,9758881,A907,1930/8/2,1930 – 1930,2026-07-22
Incoming passenger list for AORANGI arriving Sydney 6 August 1930,9758880,A907,1930/8/1,1930 – 1930,2026-07-22
Incoming passenger list for MINDEROO arriving Fremantle 27July 1930,9758879,A907,1930/7/106,1930 – 1930,2026-07-22
Incoming passenger list for CENTAUR arriving Geraldton 1 July 1930,9758878,A907,1930/7/105,1930 – 1930,2026-07-22
Incoming passenger list for MINDEROO arriving Broome 24 July 1930,9758877,A907,1930/7/104,1930 – 1930,2026-07-22
Incoming passenger list for CENTAUR arriving Broome 6 July 1930,9758876,A907,1930/7/103,1930 – 1930,2026-07-22
Incoming passenger list for MINDEROO arriving Fremantle 31 July 1930,9758875,A907,1930/7/102,1930 – 1930,2026-07-22
Incoming passenger list for ESPERANCE BAY arriving Fremantle 24 July 1930,9758873,A907,1930/7/100,1930 – 1930,2026-07-22
Incoming passenger list for ORAMA arriving Fremantle 22 July 1930,9758872,A907,1930/7/99,1930 – 1930,2026-07-22
Incoming passenger list for NEW ORLEANS arriving Fremantle 19 July 1930,9758871,A907,1930/7/98,1930 – 1930,2026-07-22
Incoming passenger list for THERMOPYLE arriving Fremantle 19 July 1930,9758870,A907,1930/7/97,1930 – 1930,2026-07-22
Incoming passenger list for CATHAY arriving Fremantle 14 July 1930,9758869,A907,1930/7/96,1930 – 1930,2026-07-22
Incoming passenger list for BALRANALD arriving Fremantle 8 July 1930,9758868,A907,1930/7/95,1930 – 1930,2026-07-22
Incoming passenger list for CENTAUR arriving Fremantle 3 July 1930,9758867,A907,1930/7/94,1930 – 1930,2026-07-22
Incoming passenger list for NARKUNDA arriving Fremantle 1 July 1930,9758866,A907,1930/7/93,1930 – 1930,2026-07-22
Incoming passenger list for EURIPIDES arriving Fremantle 3 July 1930,9758865,A907,1930/7/92,1930 – 1930,2026-07-22
Incoming passenger list for HOBSONS BAY arriving Fremantle 3 July 1930,9758864,A907,1930/7/91,1930 – 1930,2026-07-22
Incoming passenger list for ODER arriving Adelaide 30 July 1930,9758863,A907,1930/7/90,1930 – 1930,2026-07-22
Incoming passenger list for ESPERANCE BAY arriving Adelaide 29 July 1930,9758862,A907,1930/7/89,1930 – 1930,2026-07-22
Incoming passenger list for ORAMA arriving Adelaide 26 July 1930,9758861,A907,1930/7/88,1930 – 1930,2026-07-22
Incoming passenger list for THERMOPYLE arriving Adelaide 28 July 1930,9758860,A907,1930/7/87,1930 – 1930,2026-07-22
Incoming passenger list for CATHAY arriving Adelaide 19 July 1930,9758859,A907,1930/7/86,1930 – 1930,2026-07-22
Incoming passenger list for BALRANALD arriving Adelaide 14 July 1930,9758858,A907,1930/7/85,1930 – 1930,2026-07-22
Incoming passenger list for ERIDAN arriving Adelaide 5 July 1930,9758857,A907,1930/7/84,1930 – 1930,2026-07-22
Incoming passenger list for NARKUNDA arriving Adelaide 5 July 1930,9758856,A907,1930/7/83,1930 – 1930,2026-07-22
Incoming passenger list for EURIPIDES arriving Adelaide 3 July 1930,9758855,A907,1930/7/82,1930 – 1930,2026-07-22
Incoming passenger list for MOSEL arriving Adelaide 3 July 1930,9758854,A907,1930/7/81,1930 – 1930,2026-07-22
Incoming passenger list for HOBSONS BAY arriving Adelaide 1 July 1930,9758853,A907,1930/7/80,1930 – 1930,2026-07-22
Incoming passenger list for SAINT ALBANS arriving Townsville 20 July 1930,9758852,A907,1930/7/79,1930 – 1930,2026-07-22
Incoming passenger list for CHANGTE arriving Townsville 4 July 1930,9758851,A907,1930/7/78,1930 – 1930,2026-07-22
Incoming passenger list for ARAMIA arriving Thursday Island 20 July 1930,9758850,A907,1930/7/77,1930 – 1930,2026-07-22
Incoming passenger list for TANGO MARU arriving Thursday Island 7 July 1930,9758849,A907,1930/7/76,1930 – 1930,2026-07-22
Incoming passenger list for SOMERSET arriving Thursday Island 6 July 1930,9758848,A907,1930/7/75,1930 – 1930,2026-07-22
Incoming passenger list for ARAMIA arriving Thursday Island 2 July 1930,9758847,A907,1930/7/74,1930 – 1930,2026-07-22
Incoming passenger list for TANDA arriving Cairns 22 July 1930,9758846,A907,1930/7/73,1930 – 1930,2026-07-22
Incoming passenger list for MORINDA arriving Cairns 13 June 1930,9758845,A907,1930/7/72,1930 – 1930,2026-07-22
Incoming passenger list for TAIPIING arriving Cairns 2 June 1930,9758844,A907,1930/7/71,1930 – 1930,2026-07-22
Incoming passenger list for CHANGTE arriving Cairns 11 July 1930,9758843,A907,1930/7/70,1930 – 1930,2026-07-22
Incoming passenger list for SAINT ALBANS arriving Adelaide 23 July 1930,9758842,A907,1930/7/69,1930 – 1930,2026-07-22
Incoming passenger list for MALABAR arriving Adelaide 22 July 1930,9758841,A907,1930/7/68,1930 – 1930,2026-07-22
Incoming passenger list for EURIPIDES arriving Adelaide 21 July 1930,9758840,A907,1930/7/67,1930 – 1930,2026-07-22
Incoming passenger list for CANADIAN SCOTTISH arriving Adelaide 17 July 1930,9758839,A907,1930/7/66,1930 – 1930,2026-07-22
Incoming passenger list for MORINDA arriving Adelaide 14 July 1930,9758838,A907,1930/7/65,1930 – 1930,2026-07-22
Incoming passenger list for HOBSONS BAY arriving Adelaide 14 July 1930,9758837,A907,1930/7/64,1930 – 1930,2026-07-22
Incoming passenger list for TANGO MARU arriving Adelaide 12 July 1930,9758836,A907,1930/7/63,1930 – 1930,2026-07-22
Incoming passenger list for MATARAM arriving Adelaide 10 July 1930,9758835,A907,1930/7/62,1930 – 1930,2026-07-22
Incoming passenger list for ORONSAY arriving Adelaide 7 July 1930,9758834,A907,1930/7/61,1930 – 1930,2026-07-22
Incoming passenger list for CHANGTE arriving Adelaide 7 July 1930,9758833,A907,1930/7/60,1930 – 1930,2026-07-22
Incoming passenger list for URILLA arriving Adelaide 7 July 1930,9758832,A907,1930/7/59,1930 – 1930,2026-07-22
Incoming passenger list for INDIANIC arriving Adelaide 5 July 1930,9758831,A907,1930/7/58,1930 – 1930,2026-07-22
Incoming passenger list for NIEUW ZEELAND arriving Adelaide 5 July 1930,9758830,A907,1930/7/57,1930 – 1930,2026-07-22
Incoming passenger list for ESPERANCE BAY arriving Melbourne 31 July 1930,9758829,A907,1930/7/56,1930 – 1930,2026-07-22
Incoming passenger list for JUNE arriving Melbourne 29 July 1930,9758828,A907,1930/7/55,1930 – 1930,2026-07-22
Incoming passenger list for ORAMA arriving Melbourne 28 July 1930,9758827,A907,1930/7/54,1930 – 1930,2026-07-22
Incoming passenger list for THERMOPYLE arriving Melbourne 25 July 1930,9758826,A907,1930/7/53,1930 – 1930,2026-07-22
Incoming passenger list for MALABAR arriving Melbourne 27 July 1930,9758825,A907,1930/7/52,1930 – 1930,2026-07-22
Incoming passenger list for CATHAY arriving Melbourne 21 July 1930,9758824,A907,1930/7/51,1930 – 1930,2026-07-22
Incoming passenger list for TANGO MARU arriving Melbourne 18 July 1930,9758823,A907,1930/7/50,1930 – 1930,2026-07-22
Incoming passenger list for BALRANALD arriving Melbourne 16 July 1930,9758822,A907,1930/7/49,1930 – 1930,2026-07-22
Incoming passenger list for CHANGTE arriving Melbourne 13 July 1930,9758821,A907,1930/7/48,1930 – 1930,2026-07-22
Incoming passenger list for MAHENO arriving Melbourne 12 July 1930,9758820,A907,1930/7/47,1930 – 1930,2026-07-22
Incoming passenger list for MAHOUT arriving Melbourne 10 July 1930,9758819,A907,1930/7/46,1930 – 1930,2026-07-22
Incoming passenger list for NIEUW ZEELAND arriving Melbourne 10 July 1930,9758818,A907,1930/7/45,1930 – 1930,2026-07-22
Incoming passenger list for TANDA arriving Melbourne 7 July 1930,9758816,A907,1930/7/43,1930 – 1930,2026-07-22
Incoming passenger list for NARKUNDA arriving Melbourne 7 July 1930,9758815,A907,1930/7/42,1930 – 1930,2026-07-22
Incoming passenger list for MOSEL arriving Melbourne 5 July 1930,9758814,A907,1930/7/41,1930 – 1930,2026-07-22
Incoming passenger list for EURIPIDES arriving Melbourne 5 July 1930,9758813,A907,1930/7/40,1930 – 1930,2026-07-22
Incoming passenger list for HOBSONS BAY arriving Melbourne 3 July 1930,9758812,A907,1930/7/39,1930 – 1930,2026-07-22
Incoming passenger list for ORONSAY arriving Melbourne 30 June 1930,9758811,A907,1930/7/38,1930 – 1930,2026-07-22
Incoming passenger list for ORAMA arriving Melbourne 31 July 1930,9758810,A907,1930/7/37,1930 – 1930,2026-07-22
Incoming passenger list for VENTURA arriving Melbourne 31 July 1930,9758809,A907,1930/7/36,1930 – 1930,2026-07-22
Incoming passenger list for WARD arriving Melbourne 30 July 1930,9758808,A907,1930/7/35,1930 – 1930,2026-07-22
Incoming passenger list for ULIMAROA arriving Melbourne 29 July 1930,9758807,A907,1930/7/34,1930 – 1930,2026-07-22
Incoming passenger list for MOERAKI arriving Melbourne 28 July 1930,9758806,A907,1930/7/33,1930 – 1930,2026-07-22
Incoming passenger list for PORT GISBORNE arriving Melbourne 28 July 1930,9758805,A907,1930/7/32,1930 – 1930,2026-07-22
Incoming passenger list for THERMOPYLA arriving Melbourne 28 July 1930,9758804,A907,1930/7/31,1930 – 1930,2026-07-22
Incoming passenger list for SAINT ALBANS arriving Melbourne 25 July 1930,9758803,A907,1930/7/30,1930 – 1930,2026-07-22
Incoming passenger list for CATHAY arriving Melbourne 24 July 1930,9758802,A907,1930/7/29,1930 – 1930,2026-07-22
Incoming passenger list for MALABAR arriving Melbourne 24 July 1930,9758801,A907,1930/7/28,1930 – 1930,2026-07-22
Incoming passenger list for Adelaide MARU arriving Melbourne 23 July 1930,9758800,A907,1930/7/27,1930 – 1930,2026-07-22
Incoming passenger list for MAUNGANUI arriving Melbourne 22 July 1930,9758799,A907,1930/7/26,1930 – 1930,2026-07-22
Incoming passenger list for BALRANALD arriving Melbourne 21 July 1930,9758798,A907,1930/7/25,1930 – 1930,2026-07-22
Incoming passenger list for NIAGARA arriving Melbourne 19 July 1930,9758797,A907,1930/7/24,1930 – 1930,2026-07-22
Incoming passenger list for MORINDA arriving Melbourne 16 July 1930,9758796,A907,1930/7/23,1930 – 1930,2026-07-22
Incoming passenger list for ULIMAROA arriving Melbourne 15 July 1930,9758795,A907,1930/7/22,1930 – 1930,2026-07-22
Incoming passenger list for TANGO MARU arriving Melbourne 14 July 1930,9758794,A907,1930/7/21,1930 – 1930,2026-07-22
Incoming passenger list for MATARAM arriving Melbourne 12 July 1930,9758793,A907,1930/7/20,1930 – 1930,2026-07-22
Incoming passenger list for EURIPIDES arriving Melbourne 11 July 1930,9758792,A907,1930/7/19,1930 – 1930,2026-07-22
Incoming passenger list for MOSEL arriving Melbourne 10 July 1930,9758791,A907,1930/7/18,1930 – 1930,2026-07-22
Incoming passenger list for NARKUNDA arriving Melbourne 10 July 1930,9758790,A907,1930/7/17,1930 – 1930,2026-07-22
Incoming passenger list for SONOMA arriving Melbourne 10 July 1930,9758789,A907,1930/7/16,1930 – 1930,2026-07-22
Incoming passenger list for MAKAMBO arriving Melbourne 10 July 1930,9758788,A907,1930/7/15,1930 – 1930,2026-07-22
Incoming passenger list for MONTORO arriving Melbourne 9 July 1930,9758787,A907,1930/7/14,1930 – 1930,2026-07-22
Incoming passenger list for CHANGTE arriving Melbourne 9 July 1930,9758785,A907,1930/7/12,1930 – 1930,2026-07-22
Incoming passenger list for MARAMA arriving Melbourne 8 July 1930,9758784,A907,1930/7/11,1930 – 1930,2026-07-22
Incoming passenger list for MAUNGANUI arriving Melbourne 8 July 1930,9758783,A907,1930/7/10,1930 – 1930,2026-07-22
Incoming passenger list for HOBSONS BAY arriving Melbourne 7 July 1930,9758782,A907,1930/7/9,1930 – 1930,2026-07-22
Incoming passenger list for TEMERAIRE arriving Melbourne 7 July 1930,9758781,A907,1930/7/8,1930 – 1930,2026-07-22
Incoming passenger list for NIEUW ZEELAND arriving Melbourne 7 July 1930,9758780,A907,1930/7/7,1930 – 1930,2026-07-22
Incoming passenger list for MOERAKI arriving Melbourne 7 July 1930,9758779,A907,1930/7/6,1930 – 1930,2026-07-22
Incoming passenger list for MAKURA arriving Melbourne 5 July 1930,9758778,A907,1930/7/5,1930 – 1930,2026-07-22
Incoming passenger list for NEW ORLEANS arriving Melbourne 5 July 1930,9758777,A907,1930/7/4,1930 – 1930,2026-07-22
Incoming passenger list for ORONSAY arriving Melbourne 3 July 1930,9758776,A907,1930/7/3,1930 – 1930,2026-07-22
Incoming passenger list for LA PEROUSE arriving Melbourne 2 July 1930,9758775,A907,1930/7/2,1930 – 1930,2026-07-22
Incoming passenger list for ULIMAROA arriving Melbourne 1 July 1930,9758774,A907,1930/7/1,1930 – 1930,2026-07-22
Incoming passenger list for AUDEU arriving Fremantle 28 June 1930,9758772,A907,1930/6/87,1930 – 1930,2026-07-22
Incoming passenger list for EURIPIDES arriving Fremantle 26 June 1930,9758771,A907,1930/6/86,1930 – 1930,2026-07-22
Incoming passenger list for HOBSONS BAY arriving Fremantle 26 June 1930,9758770,A907,1930/6/85,1930 – 1930,2026-07-22
Incoming passenger list for ORONSAY arriving Fremantle 24 June 1930,9758769,A907,1930/6/84,1930 – 1930,2026-07-22
Incoming passenger list for MONGOLIA arriving Fremantle 16 June 1930,9758768,A907,1930/6/83,1930 – 1930,2026-07-22
Incoming passenger list for PORTER arriving Fremantle 12 June 1930,9758767,A907,1930/6/82,1930 – 1930,2026-07-22
Incoming passenger list for BARRABOOL arriving Fremantle 10 June 1930,9758766,A907,1930/6/81,1930 – 1930,2026-07-22
Incoming passenger list for TARONGA arriving Fremantle 4 June 1930,9758765,A907,1930/6/80,1930 – 1930,2026-07-22
Incoming passenger list for NALDERA arriving Fremantle 3 June 1930,9758764,A907,1930/6/79,1930 – 1930,2026-07-22
Incoming passenger list for GASCOYNE arriving Fremantle 2 June 1930,9758763,A907,1930/6/78,1930 – 1930,2026-07-22
Incoming passenger list for MORETON BAY arriving Fremantle 29 May 1930,9758762,A907,1930/6/77,1930 – 1930,2026-07-22
Incoming passenger list for VILLE D'AMIENS arriving Fremantle 30 May 1930,9758761,A907,1930/6/76,1930 – 1930,2026-07-22
Incoming passenger list for ORVIETO arriving Fremantle 27 May 1930,9758760,A907,1930/6/75,1930 – 1930,2026-07-22
Incoming passenger list for CENTAUR arriving 24 June 1930,9758759,A907,1930/6/74,1930 – 1930,2026-07-22
Incoming passenger list for ORVIETO arriving Derby 31 May 1930,9758758,A907,1930/6/73,1930 – 1930,2026-07-22
Incoming passenger list for QUILOA arriving Adelaide 29 June 1930,9758757,A907,1930/6/72,1930 – 1930,2026-07-22
Incoming passenger list for ORONSAY arriving Adelaide 28 June 1930,9758756,A907,1930/6/71,1930 – 1930,2026-07-22
Incoming passenger list for MONGOLIA arriving Adelaide 21 June 1930,9758755,A907,1930/6/70,1930 – 1930,2026-07-22
Incoming passenger list for BARRABOOL arriving Adelaide 16 June 1930,9758754,A907,1930/6/69,1930 – 1930,2026-07-22
Incoming passenger list for NALDERA arriving Adelaide 7 June 1930,9758753,A907,1930/6/68,1930 – 1930,2026-07-22
Incoming passenger list for VILLE D'AMIENS arriving Adelaide 4 June 1930,9758752,A907,1930/6/67,1930 – 1930,2026-07-22
Incoming passenger list for CITTA DI GENOVA arriving Adelaide 5 June 1930,9758751,A907,1930/6/66,1930 – 1930,2026-07-22
Incoming passenger list for MORETON BAY arriving Adelaide 3 June 1930,9758750,A907,1930/6/65,1930 – 1930,2026-07-22
Incoming passenger list for NECKAR arriving Adelaide 1 June 1930,9758749,A907,1930/6/64,1930 – 1930,2026-07-22
Incoming passenger list for TANDA arriving Townsville 24 June 1930,9758748,A907,1930/6/63,1930 – 1930,2026-07-22
Incoming passenger list for MARELLA arriving Townsville 17 June 1930,9758747,A907,1930/6/62,1930 – 1930,2026-07-22
Incoming passenger list for TAIPING arriving Townsville 3 June 1930,9758746,A907,1930/6/61,1930 – 1930,2026-07-22
Incoming passenger list for NEW ORLEANS arriving Adelaide 30 June 1930,9758745,A907,1930/6/60,1930 – 1930,2026-07-22
Incoming passenger list for MONGOLIA arriving Brisbane 30 June 1930,9758744,A907,1930/6/59,1930 – 1930,2026-07-22
Incoming passenger list for PORT DENISON arriving Brisbane 29 June 1930,9758743,A907,1930/6/58,1930 – 1930,2026-07-22
Incoming passenger list for TANDA arriving Brisbane 27 June 1930,9758742,A907,1930/6/57,1930 – 1930,2026-07-22
Incoming passenger list for MARELLA arriving Brisbane 22 June 1930,9758741,A907,1930/6/56,1930 – 1930,2026-07-22
Incoming passenger list for NECKAR arriving Brisbane 19 June 1930,9758740,A907,1930/6/55,1930 – 1930,2026-07-22
Incoming passenger list for CITY OF RAYVILLE arriving Brisbane 19 June 1930,9758739,A907,1930/6/54,1930 – 1930,2026-07-22
Incoming passenger list for MORINDA arriving Brisbane 16 June 1930,9758738,A907,1930/6/53,1930 – 1930,2026-07-22
Incoming passenger list for CITTA DI GENOVA arriving Brisbane 14 June 1930,9758737,A907,1930/6/52,1930 – 1930,2026-07-22
Incoming passenger list for MORETON BAY arriving Brisbane 13 June 1930,9758736,A907,1930/6/51,1930 – 1930,2026-07-22
Incoming passenger list for ORVIETO arriving Brisbane 9 June 1930,9758735,A907,1930/6/50,1930 – 1930,2026-07-22
Incoming passenger list for ASCANIUS arriving Brisbane 8 June 1930,9758734,A907,1930/6/49,1930 – 1930,2026-07-22
Incoming passenger list for TAIPING arriving Brisbane 7 June 1930,9758733,A907,1930/6/48,1930 – 1930,2026-07-22
AMAD Abla Said - Nationality: Lebanese - Arrived Melbourne per Neptunia 20 May 1954 Also known as MAROUN [High resolution scan of Black and White Photograph],205196682,B78,LEBANESE/AMAD ABLA SAID,1939 – 1972,2026-07-22
AMAD Abla Said - Nationality: Lebanese - Arrived Melbourne per Neptunia 20 May 1954 Also known as MAROUN [High resolution scan of information page from Form B Certificate of Registration no.429501],205196683,B78,LEBANESE/AMAD ABLA SAID,1939 – 1972,2026-07-22
"Schedule of displaced persons who left the Holding Centre, Parkes (formerly at Reception and Training Centre, Bathurst NSW for employment in the state of New South Wales - [Schedule no N704 to N931]",23150358,MT29/1,3,1949 – 1950,2026-07-22
Incoming passenger list for ANCHISES arriving Fremantle 31 March 1930,9758432,A907,1930/3/120,1930 – 1930,2026-07-22
Incoming passenger list for NIRPUNA arriving Fremantle 27 March 1930,9758431,A907,1930/3/119,1930 – 1930,2026-07-22
Incoming passenger list for CATHAY arriving Fremantle 24 March 1930,9758430,A907,1930/3/118,1930 – 1930,2026-07-22
Incoming passenger list for GASCOYNE arriving Fremantle 21 March 1930,9758429,A907,1930/3/117,1930 – 1930,2026-07-22
Incoming passenger list for ESPERANCE BAY arriving Fremantle 20 March 1930,9758428,A907,1930/3/116,1930 – 1930,2026-07-22
Incoming passenger list for AAGTEKERK arriving Fremantle 18 March 1930,9758427,A907,1930/3/115,1930 – 1930,2026-07-22
Incoming passenger list for ORONTES arriving Fremantle 18 March 1930,9758426,A907,1930/3/114,1930 – 1930,2026-07-22
Incoming passenger list for BALLARAT arriving Fremantle 21 March 1930,9758425,A907,1930/3/113,1930 – 1930,2026-07-22
Incoming passenger list for MINDEROO arriving Fremantle 9 March 1930,9758424,A907,1930/3/112,1930 – 1930,2026-07-22
Incoming passenger list for BALRANALD arriving Fremantle 3 March 1930,9758423,A907,1930/3/111,1930 – 1930,2026-07-22
Incoming passenger list for ORONSAY arriving Fremantle 3 March 1930,9758422,A907,1930/3/110,1930 – 1930,2026-07-22
Incoming passenger list for CERAMIC arriving Fremantle 2 March 1930,9758421,A907,1930/3/109,1930 – 1930,2026-07-22
Incoming passenger list for MONGOLIA arriving Fremantle 1 March 1930,9758420,A907,1930/3/108,1930 – 1930,2026-07-22
Incoming passenger list for CATHAY arriving Adelaide 29 March 1930,9758419,A907,1930/3/107,1930 – 1930,2026-07-22
Incoming passenger list for ESPERANCE BAY arriving Adelaide 21 March 1930,9758418,A907,1930/3/106,1930 – 1930,2026-07-22
Incoming passenger list for ORONTES arriving Adelaide 22 March 1930,9758417,A907,1930/3/105,1930 – 1930,2026-07-22
Incoming passenger list for ULYSSES arriving Adelaide 21 March 1930,9758416,A907,1930/3/104,1930 – 1930,2026-07-22
Incoming passenger list for BALLARAT arriving Adelaide 21 March 1930,9758415,A907,1930/3/103,1930 – 1930,2026-07-22
Incoming passenger list for CALULU arriving Adelaide 16 March 1930,9758414,A907,1930/3/102,1930 – 1930,2026-07-22
Incoming passenger list for NARKUNDA arriving Adelaide 16 March 1930,9758413,A907,1930/3/101,1930 – 1930,2026-07-22
Incoming passenger list for TOURAINE arriving Adelaide 12 March 1930,9758412,A907,1930/3/100,1930 – 1930,2026-07-22
Incoming passenger list for BALRANALD arriving Adelaide 14 March 1930,9758411,A907,1930/3/99,1930 – 1930,2026-07-22
Incoming passenger list for NAGINA arriving Adelaide 5 March 1930,9758410,A907,1930/3/98,1930 – 1930,2026-07-22
Incoming passenger list for CERAMIC arriving Adelaide 7 March 1930,9758409,A907,1930/3/97,1930 – 1930,2026-07-22
Incoming passenger list for ORONSAY arriving Adelaide 7 March 1930,9758408,A907,1930/3/96,1930 – 1930,2026-07-22
Incoming passenger list for MONGOLIA arriving Adelaide 1 March 1930,9758407,A907,1930/3/95,1930 – 1930,2026-07-22
Incoming passenger list for MOSEL arriving Adelaide 17 March 1930,9758406,A907,1930/3/94,1930 – 1930,2026-07-22
Incoming passenger list for TANDA arriving Thursday Island 29 March 1930,9758405,A907,1930/3/93,1930 – 1930,2026-07-22
Incoming passenger list for TAIPING arriving Thursday Island 29 March 1930,9758404,A907,1930/3/92,1930 – 1930,2026-07-22
Incoming passenger list for ARAMIA arriving Thursday Island 22 March 1930,9758403,A907,1930/3/91,1930 – 1930,2026-07-22
Incoming passenger list for KAGA MARU arriving Thursday Island 3 March 1930,9758402,A907,1930/3/90,1930 – 1930,2026-07-22
Incoming passenger list for DELTA arriving Thursday Island 1 March 1930,9758401,A907,1930/3/89,1930 – 1930,2026-07-22
Incoming passenger list for  CHANGTE arriving Thursday Island 1 March 1930,9758400,A907,1930/3/88,1930 – 1930,2026-07-22
Incoming passenger list for TANDA arriving Cairns 31 March 1930,9758399,A907,1930/3/87,1930 – 1930,2026-07-22
Incoming passenger list for SAINT VINCENT DE PAUL arriving Bowen 17 March 1930,9758397,A907,1930/3/85,1930 – 1930,2026-07-22
Incoming passenger list for ORONTES arriving Brisbane 31 March 1930,9758396,A907,1930/3/84,1930 – 1930,2026-07-22
Incoming passenger list for BALRANALD arriving Brisbane 24 March 1930,9758395,A907,1930/3/83,1930 – 1930,2026-07-22
Incoming passenger list for PORT HUNTER arriving Brisbane 23 March 1930,9758394,A907,1930/3/82,1930 – 1930,2026-07-22
Incoming passenger list for MALABAR arriving Brisbane 21 March 1930,9758393,A907,1930/3/81,1930 – 1930,2026-07-22
Incoming passenger list for SYDNEY MARU arriving Brisbane 21 March 1930,9758392,A907,1930/3/80,1930 – 1930,2026-07-22
Incoming passenger list for PARRAKOOLA arriving Brisbane 20 March 1930,9758391,A907,1930/3/79,1930 – 1930,2026-07-22
Incoming passenger list for MORINDA arriving Brisbane 17 March 1930,9758390,A907,1930/3/78,1930 – 1930,2026-07-22
Incoming passenger list for ORONSAY arriving Brisbane 17 March 1930,9758389,A907,1930/3/77,1930 – 1930,2026-07-22
Incoming passenger list for HOBSONS BAY arriving Brisbane 10 March 1930,9758388,A907,1930/3/76,1930 – 1930,2026-07-22
Incoming passenger list for MATARAM arriving Brisbane 8 March 1930,9758387,A907,1930/3/75,1930 – 1930,2026-07-22
Incoming passenger list for KAGA MARU arriving Brisbane 8 March 1930,9758386,A907,1930/3/74,1930 – 1930,2026-07-22
Incoming passenger list for CHANGTE arriving Brisbane 9 March 1930,9758385,A907,1930/3/73,1930 – 1930,2026-07-22
Incoming passenger list for ODER arriving Brisbane 7 March 1930,9758384,A907,1930/3/72,1930 – 1930,2026-07-22
Incoming passenger list for NIEUW ZEELAND arriving Brisbane 5 March 1930,9758383,A907,1930/3/71,1930 – 1930,2026-07-22
Incoming passenger list for ORFORD arriving Brisbane 3 March 1930,9758382,A907,1930/3/70,1930 – 1930,2026-07-22
Incoming passenger list for OLDHAM arriving Brisbane 28 March 1930,9758381,A907,1930/3/69,1930 – 1930,2026-07-22
Incoming passenger list for CATHAY arriving Melbourne 30 March 1930,9758380,A907,1930/3/68,1930 – 1930,2026-07-22
Incoming passenger list for MAHENO arriving Melbourne 29 March 1930,9758379,A907,1930/3/67,1930 – 1930,2026-07-22
Incoming passenger list for MALABAR arriving Melbourne 28 March 1930,9758378,A907,1930/3/66,1930 – 1930,2026-07-22
Incoming passenger list for ESPERANCE BAY arriving Melbourne 27 March 1930,9758377,A907,1930/3/65,1930 – 1930,2026-07-22
Incoming passenger list for ULYSSES arriving Melbourne 24 March 1930,9758376,A907,1930/3/64,1930 – 1930,2026-07-22
Incoming passenger list for BALLARAT arriving Melbourne 24 March 1930,9758375,A907,1930/3/63,1930 – 1930,2026-07-22
Incoming passenger list for ORONTES arriving Melbourne 24 March 1930,9758374,A907,1930/3/62,1930 – 1930,2026-07-22
Incoming passenger list for NARKUNDA arriving Melbourne 19 March 1930,9758373,A907,1930/3/61,1930 – 1930,2026-07-22
Incoming passenger list for OLDHAM arriving Melbourne 19 March 1930,9758372,A907,1930/3/60,1930 – 1930,2026-07-22
Incoming passenger list for PORT HOBART arriving Melbourne 19 March 1930,9758371,A907,1930/3/59,1930 – 1930,2026-07-22
Incoming passenger list for KAGA MARU arriving Melbourne 16 March 1930,9758370,A907,1930/3/58,1930 – 1930,2026-07-22
Incoming passenger list for BALRANALD arriving Melbourne 13 March 1930,9758369,A907,1930/3/57,1930 – 1930,2026-07-22
Incoming passenger list for CHANGTE arriving Melbourne 13 March 1930,9758368,A907,1930/3/56,1930 – 1930,2026-07-22
Incoming passenger list for CALULU arriving Melbourne 11 March 1930,9758367,A907,1930/3/55,1930 – 1930,2026-07-22
Incoming passenger list for NIEUW ZEELAND arriving Melbourne 10 March 1930,9758366,A907,1930/3/54,1930 – 1930,2026-07-22
Incoming passenger list for CERAMIC arriving Melbourne 10 March 1930,9758365,A907,1930/3/53,1930 – 1930,2026-07-22
Incoming passenger list for ORONSAY arriving Melbourne 9 March 1930,9758364,A907,1930/3/52,1930 – 1930,2026-07-22
Incoming passenger list for NAGINA arriving Melbourne 8 March 1930,9758363,A907,1930/3/51,1930 – 1930,2026-07-22
Incoming passenger list for MAHENO arriving Melbourne 7 March 1930,9758362,A907,1930/3/50,1930 – 1930,2026-07-22
Incoming passenger list for PESHAWUR arriving Melbourne 7 March 1930,9758361,A907,1930/3/49,1930 – 1930,2026-07-22
Incoming passenger list for MONGOLIA arriving Melbourne 3 March 1930,9758360,A907,1930/3/48,1930 – 1930,2026-07-22
Incoming passenger list for NELLORE arriving Melbourne 2 March 1930,9758359,A907,1930/3/47,1930 – 1930,2026-07-22
Incoming passenger list for DURIROBIN arriving Port Kembla 15 March 1930,9758358,A907,1930/3/46,1930 – 1930,2026-07-22
Incoming passenger list for ULYSSES arriving Sydney 29 March 1930,9758357,A907,1930/3/45,1930 – 1930,2026-07-22
Incoming passenger list for SCOTLAND MARU arriving Sydney 29 March 1930,9758356,A907,1930/3/44,1930 – 1930,2026-07-22
Incoming passenger list for VENTURA arriving Sydney 27 March 1930,9758355,A907,1930/3/43,1930 – 1930,2026-07-22
Incoming passenger list for ESPERANCE BAY arriving Sydney 31 March 1930,9758354,A907,1930/3/42,1930 – 1930,2026-07-22
Incoming passenger list for NIAGARA arriving Sydney 29 March 1930,9758353,A907,1930/3/41,1930 – 1930,2026-07-22
Incoming passenger list for CARIGNANO arriving Sydney 29 March 1930,9758352,A907,1930/3/40,1930 – 1930,2026-07-22
Incoming passenger list for BALLARAT arriving Sydney 28 March 1930,9758351,A907,1930/3/39,1930 – 1930,2026-07-22
Incoming passenger list for ORONTES arriving Sydney 27 March 1930,9758350,A907,1930/3/38,1930 – 1930,2026-07-22
Incoming passenger list for LA PEROUSE arriving Sydney 26 March 1930,9758349,A907,1930/3/37,1930 – 1930,2026-07-22
Incoming passenger list for PORT HUNTER arriving Sydney 26 March 1930,9758348,A907,1930/3/36,1930 – 1930,2026-07-22
Incoming passenger list for MARSINA arriving Sydney 26 March 1930,9758347,A907,1930/3/35,1930 – 1930,2026-07-22
Incoming passenger list for ULIMAROA arriving Sydney 25 March 1930,9758346,A907,1930/3/34,1930 – 1930,2026-07-22
Incoming passenger list for MOERAKI arriving Sydney 24 March 1930,9758345,A907,1930/3/33,1930 – 1930,2026-07-22
Incoming passenger list for NARKUNDA arriving Sydney 24 March 1930,9758344,A907,1930/3/32,1930 – 1930,2026-07-22
Incoming passenger list for MALABAR arriving Sydney 24 March 1930,9758343,A907,1930/3/31,1930 – 1930,2026-07-22
Incoming passenger list for PORT HOBART arriving Sydney 24 March 1930,9758342,A907,1930/3/30,1930 – 1930,2026-07-22
Incoming passenger list for SAINT ANDRE arriving Sydney 23 March 1930,9758341,A907,1930/3/29,1930 – 1930,2026-07-22
Incoming passenger list for PARRAKOOLA arriving Sydney 23 March 1930,9758340,A907,1930/3/28,1930 – 1930,2026-07-22
Incoming passenger list for SYDNEY MARU arriving Sydney 23 March 1930,9758339,A907,1930/3/27,1930 – 1930,2026-07-22
Incoming passenger list for MAKAMBO arriving Sydney 20 March 1930,9758338,A907,1930/3/26,1930 – 1930,2026-07-22
Incoming passenger list for TOURAINE arriving Sydney 20 March 1930,9758337,A907,1930/3/25,1930 – 1930,2026-07-22
Incoming passenger list for ORONSAY arriving Sydney 12 March 1930,9758336,A907,1930/3/24,1930 – 1930,2026-07-22
Incoming passenger list for MAUNGANUI arriving Sydney 18 March 1930,9758335,A907,1930/3/23,1930 – 1930,2026-07-22
Incoming passenger list for MORINDA arriving Sydney 18 March 1930,9758334,A907,1930/3/22,1930 – 1930,2026-07-22
Incoming passenger list for MARAMA arriving Sydney 18 March 1930,9758333,A907,1930/3/21,1930 – 1930,2026-07-22
Incoming passenger list for BALRANALD arriving Sydney 17 March 1930,9758332,A907,1930/3/20,1930 – 1930,2026-07-22
Incoming passenger list for MAKURA arriving Sydney 15 March 1930,9758331,A907,1930/3/19,1930 – 1930,2026-07-22
Incoming passenger list for NAGIINA arriving Sydney 16 March 1930,9758330,A907,1930/3/18,1930 – 1930,2026-07-22
Incoming passenger list for CERAMIC arriving Sydney 14 March 1930,9758329,A907,1930/3/17,1930 – 1930,2026-07-22
Incoming passenger list for MATARAM arriving Sydney 11 March 1930,9758328,A907,1930/3/16,1930 – 1930,2026-07-22
Incoming passenger list for ULIMAROA arriving Sydney 11 March 1930,9758327,A907,1930/3/15,1930 – 1930,2026-07-22
Incoming passenger list for PORT BOWEN arriving Sydney 10 March 1930,9758326,A907,1930/3/14,1930 – 1930,2026-07-22
Incoming passenger list for KAGA MARU arriving Sydney 10 March 1930,9758325,A907,1930/3/13,1930 – 1930,2026-07-22
Incoming passenger list for CHANGTE arriving Sydney 9 March 1930,9758322,A907,1930/3/12,1930 – 1930,2026-07-22
Incoming passenger list for NIEUW ZEELAND arriving Sydney 7 March 1930,9758321,A907,1930/3/11,1930 – 1930,2026-07-22
Incoming passenger list for SONOMA arriving Sydney 6 March 1930,9758320,A907,1930/3/10,1930 – 1930,2026-07-22
Incoming passenger list for MONGOLIA arriving Sydney 6 March 1930,9758319,A907,1930/3/9,1930 – 1930,2026-07-22
Incoming passenger list for AORANGI arriving Sydney 4 March 1930,9758318,A907,1930/3/8,1930 – 1930,2026-07-22
Incoming passenger list for MAUNGANUI arriving Sydney 4 March 1930,9758317,A907,1930/3/7,1930 – 1930,2026-07-22
Incoming passenger list for CALULU arriving Sydney 4 March 1930,9758316,A907,1930/3/6,1930 – 1930,2026-07-22
Incoming passenger list for MARAMA arriving Sydney 4 March 1930,9758315,A907,1930/3/5,1930 – 1930,2026-07-22
Incoming passenger list for ODER arriving Sydney 4 March 1930,9758314,A907,1930/3/4,1930 – 1930,2026-07-22
Incoming passenger list for MOERAKI arriving Sydney 3 March 1930,9758313,A907,1930/3/3,1930 – 1930,2026-07-22
Incoming passenger list for HOBSONS BAY arriving Sydney 3 March 1930,9758312,A907,1930/3/2,1930 – 1930,2026-07-22
Incoming passenger list for MALABAR arriving Darwin 13 January 1930,9758310,A907,1930/2/106,1930 – 1930,2026-07-22
Incoming passenger list for GASCOYNE arriving Broome 27 January 1930,9758309,A907,1930/2/105,1930 – 1930,2026-07-22
Incoming passenger list for DEMOSTHENES arriving Albany 13 February 1930,9758308,A907,1930/2/104,1930 – 1930,2026-07-22
Incoming passenger list for MONGOLIA arriving Fremantle 24 February 1930,9758307,A907,1930/2/103,1930 – 1930,2026-07-22
Incoming passenger list for CENTAUR arriving Fremantle 23 February 1930,9758306,A907,1930/2/102,1930 – 1930,2026-07-22
Incoming passenger list for KANGAROO arriving Fremantle 23 February 1930,9758305,A907,1930/2/101,1930 – 1930,2026-07-22
Incoming passenger list for HOBSONS BAY arriving Fremantle 26 February 1930,9758304,A907,1930/2/100,1930 – 1930,2026-07-22
Incoming passenger list for ORFORD arriving Fremantle 18 February 1930,9758303,A907,1930/2/99,1930 – 1930,2026-07-22
Incoming passenger list for ERIDAN arriving Fremantle 11 February 1930,9758302,A907,1930/2/98,1930 – 1930,2026-07-22
Incoming passenger list for NALDERA arriving Fremantle 11 February 1930,9758301,A907,1930/2/97,1930 – 1930,2026-07-22
Incoming passenger list for TRICOLOR arriving Fremantle 6 February 1930,9758300,A907,1930/2/96,1930 – 1930,2026-07-22
Incoming passenger list for GASCOYNE arriving Fremantle 5 February 1930,9758299,A907,1930/2/95,1930 – 1930,2026-07-22
Incoming passenger list for BARRABOOL arriving Fremantle February 1930,9758298,A907,1930/2/94,1930 – 1930,2026-07-22
Incoming passenger list for OTRANTO arriving Fremantle 4 February 1930,9758297,A907,1930/2/93,1930 – 1930,2026-07-22
Incoming passenger list for CITTA DI GENOVA arriving Fremantle 3 February 1930,9758296,A907,1930/2/92,1930 – 1930,2026-07-22
Incoming passenger list for ORVIETO arriving Fremantle 21 January 1930,9758295,A907,1930/2/91,1930 – 1930,2026-07-22
Incoming passenger list for HOBSONS BAY arriving Adelaide 25 February 1930,9758294,A907,1930/2/90,1930 – 1930,2026-07-22
Incoming passenger list for ORFORD arriving Adelaide 22 February 1930,9758293,A907,1930/2/89,1930 – 1930,2026-07-22
Incoming passenger list for ERIDAN arriving Adelaide 16 February 1930,9758292,A907,1930/2/88,1930 – 1930,2026-07-22
Incoming passenger list for NALDERA arriving Adelaide 15 February 1930,9758291,A907,1930/2/87,1930 – 1930,2026-07-22
Incoming passenger list for BARRABOOL arriving Adelaide 10 February 1930,9758290,A907,1930/2/86,1930 – 1930,2026-07-22
Incoming passenger list for OTRANTO arriving Adelaide 8 February 1930,9758289,A907,1930/2/85,1930 – 1930,2026-07-22
Incoming passenger list for CITTA DI GENOVA arriving Adelaide 8 February 1930,9758288,A907,1930/2/84,1930 – 1930,2026-07-22
Incoming passenger list for CORMORIN arriving Adelaide 1 February 1930,9758287,A907,1930/2/83,1930 – 1930,2026-07-22
Incoming passenger list for MARELLA arriving Townsville 18 February 1930,9758286,A907,1930/2/82,1930 – 1930,2026-07-22
Incoming passenger list for NELLORE arriving Townsville 18 February 1930,9758285,A907,1930/2/81,1930 – 1930,2026-07-22
Incoming passenger list for MORINDA arriving Townsville 11 February 1930,9758284,A907,1930/2/80,1930 – 1930,2026-07-22
Incoming passenger list for VERMAURI arriving Thursday Island 28 February 1930,9758283,A907,1930/2/79,1930 – 1930,2026-07-22
Incoming passenger list for ARAMIA arriving Thursday Island 10 February 1930,9758282,A907,1930/2/78,1930 – 1930,2026-07-22
Incoming passenger list for PARAMA arriving Thursday Island 10 February 1930,9758281,A907,1930/2/77,1930 – 1930,2026-07-22
Sport and recreation - Yachting and sailing - Large yachts sailing,11957434,A8763,KN16478,1967 – 1967,2026-07-22
Sport and recreation - Skiing - Men skiing,11950360,A8763,KN13443,1965 – 1965,2026-07-22
"Sport and recreation - Football - australian rules - Australian Rules semi final, Melbourne v Hawthorn, 1963",11943386,A8763,KN11964,1964 – 1964,2026-07-22
"TITLE: Sport and recreation - Football - Australian rules - Australian Rules, Melbourne Cricket Ground CATEGORY: photograph FORMAT: 4x5in colour transparency STATUS: Preservation material",11943063,A1500,K11951,1964 – 1964,2026-07-22
Sport and recreation - Flying and gliding - Glider at Waikerie,11942707,A8763,KN12404,1964 – 1964,2026-07-22
Scenic - Western australia - Dorengorup Mountains (2 copies),11934364,A8763,KN10749,1963 – 1963,2026-07-22
"Scenic - Western australia - Knox Gorge, Western Australia",11934365,A8763,KN16128,1966 – 1966,2026-07-22
Scenic - Western australia - Koala Island Yampic Sound,11934304,A8763,KN10919,1963 – 1963,2026-07-22
Scenic - Victoria - Cliffs at Port Campbell,11933454,A8763,KN12857,1965 – 1965,2026-07-22
Scenic - Victoria - Port Campbell,11933453,A8763,KN12855,1965 – 1965,2026-07-22
"Scenic - Tasmania - Derwent River, New Norfolk",11932426,A8763,KN6934,1961 – 1961,2026-07-22
"Scenic - Tasmania - View from Pulpit Rock, Now Norfolk",11932385,A8763,KN12061,1964 – 1964,2026-07-22
Scenic - South australia - Mixed farming lands,11931457,A8763,KN6727,1961 – 1961,2026-07-22
Scenic - Northern territory - Morning light in the MacDonnell Ranges,11929371,A8763,KN15688,1966 – 1966,2026-07-22
Scenic - Northern territory - Highway,11929369,A8763,KN3935,1958 – 1958,2026-07-22
Scenic - Northern territory - Katherine Gorge,11929346,A8763,KN14553,1966 – 1966,2026-07-22
Scenic - Northern territory - Stockmen cool off horses in lagoon,11929344,A8763,KN7290,1961 – 1961,2026-07-22
Scenic - New south wales - Snowy Mountains Thredbo New South Wales,11927373,A8763,KN13273,1965 – 1965,2026-07-22
Scenic - New south wales - Smiggins Hole - aerial,11927372,A8763,KN13267,1965 – 1965,2026-07-22
Scenic - New south wales - Sunset in western New South Wales,11927371,A8763,KN13186,1965 – 1965,2026-07-22
Scenic - New south wales - Megalong Valley,11927370,A8763,KN9865,1963 – 1963,2026-07-22
"Research - Industry - Tobacco Research, Brisbane",11899360,A8763,KN10560,1963 – 1963,2026-07-22
"Research - Astronomy and space - Radio Telescope, Parkes",11896811,A8763,KN12845,1965 – 1965,2026-07-22
Research - Agriculture - Kimberly Research Station,11895340,A8763,KN9920,1963 – 1963,2026-07-22
"People - School boy, Robert Kilby collecting mail, Parkwood, ACT",11872760,A8763,KN10371,1963 – 1963,2026-07-22
"People - Girl with pony at Pony Club camp, Hall",11872732,A8763,KN9849,1963 – 1963,2026-07-22
Pastoral industry - Sheep and wool - Mustering sheep,11866896,A8763,KN9011,1962 – 1962,2026-07-22
Pastoral industry - Beef - Droving cattle,11864694,A8763,KN7288,1961 – 1961,2026-07-22
"Pastoral industry - Beef - Mustering cattle, Miranda Downs",11864693,A8763,KN7287,1961 – 1961,2026-07-22
Pastoral industry - Beef - Droving cattle,11864692,A8763,KN6775,1961 – 1961,2026-07-22
Mining - Precious stones - Man digging for opals,11853689,A8763,KN12985,1965 – 1965,2026-07-22
"Mining - Iron ore - Iron Knob, SA",11852693,A8763,KN12313,1964 – 1964,2026-07-22
"Mining - Copper - Mount Isa, copper mine",11851331,A8763,KN14001,1965 – 1965,2026-07-22
"Marine industry - Baskets of prawns, Shark Bay area, Western Australia",11844635,A8763,KN13113,1965 – 1965,2026-07-22
Industry - Thermal and hydro-electric power - Morwell power plant and briquette factory,11796590,A8763,KN13329,1965 – 1965,2026-07-22
Industry - Textiles - Spinning cotton,11796253,A8763,KN16461A,1967 – 1967,2026-07-22
Industry - Textiles - Dyeing woollen yarn,11796175,A8763,KN8988,1962 – 1962,2026-07-22
Industry - Motor vehicles - Car Assembly Plant,11793902,A8763,KN12861,1965 – 1965,2026-07-22
Industry - Motor vehicles - Car assembly plant,11793901,A8763,KN12860,1965 – 1965,2026-07-22
Industry - Jewellery - Girl wearing opal pendant,11792692,A8763,KN11047,1964 – 1964,2026-07-22
Industry - Jewellery - Opal display,11792691,A8763,KN11042,1964 – 1964,2026-07-22
Industry - Jewellery - Opal display,11792690,A8763,KN11041,1964 – 1964,2026-07-22
Industry - Iron and steel - Ready to pour steel,11792473,A8763,KN12354,1964 – 1964,2026-07-22
Industry - Iron and steel - Ready to pour steel,11792449,A8763,KN12355,1964 – 1964,2026-07-22
"Industry - Iron and steel - Charging open hearth furnace, Newcastle",11792448,A8763,KN12353,1964 – 1964,2026-07-22
Industry - Iron and steel - Ready to pour steel,11792447,A8763,KN12352,1964 – 1964,2026-07-22
"Industry - Iron and steel - Steelworks, Broken Hill Proprietary, Newcastle",11792446,A8763,KN10621,1963 – 1963,2026-07-22
"TITLE: Industry - Chemicals - Petro-chemical works, Altona, Victoria CATEGORY: photograph FORMAT: 4x5in colour transparency STATUS: Preservation material",11788218,A1500,K13326,1965 – 1965,2026-07-22
Flora - Trees - Large gum trees,11759956,A8763,KN12804,1965 – 1965,2026-07-22
"Flora - Trees - Scribbly gum, - (E - Haematoma)",11759954,A8763,KN12505,1965 – 1965,2026-07-22
Flora - Trees - Bottle tree (Brachyohiton Rupertris),11759953,A8763,KN12366,1964 – 1964,2026-07-22
Flora - Trees - River gum,11759951,A8763,KN7400,1961 – 1961,2026-07-22
Flora - Flowers - Wattle,11759207,A8763,KN16243,1966 – 1966,2026-07-22
Flora - Flowers - Wattle,11759204,A8763,KN16201,1966 – 1966,2026-07-22
Flora - Flowers - Wattle,11759181,A8763,KN16204,1966 – 1966,2026-07-22
Flora - Flowers - Wildflowers Porongorup Mts WA (Isopogon sp and Dryandra formusa),11759177,A8763,KN10743,1963 – 1963,2026-07-22
Flora - Flowers - Bottlebrush,11759176,A8763,KN7174,1961 – 1961,2026-07-22
Flora - Flowers - Nightshade,11759175,A8763,KN6733,1961 – 1961,2026-07-22
Flora - Flowers - Flowers,11759173,A8763,KN16209,1966 – 1966,2026-07-22
Flora - Flowers - Wattle,11759167,A8763,KN13578,1965 – 1965,2026-07-22
Flora - Flowers - Wattle,11759165,A8763,KN12673,1965 – 1965,2026-07-22
Flora - Flowers - Cooktown orchid,11759120,A8763,KN13018,1965 – 1965,2026-07-22
Flora - Flowers - Coastal Banksia (Banksia serrata) Coastal Queensland,11759119,A8763,KN12929,1965 – 1965,2026-07-22
Entertainment - Ballet - Elektra,11744768,A8763,KN16181,1966 – 1966,2026-07-22
"Education - Universities - general - Baillieau library, University of Melbourne",11742005,A8763,KN10344,1963 – 1963,2026-07-22
Education - Universities - general - Australian National University,11742031,A8763,KN11290,1964 – 1964,2026-07-22
Education - Sculpture class at Sydney Technical College,11738022,A8763,KN11236,1964 – 1964,2026-07-22
"Education - Children's traffic school, Kew, Victoria",11737748,A8763,KN7410,1961 – 1961,2026-07-22
Cities and towns - Hobart - Hobart Marina,11723240,A8763,KN11132,1964 – 1964,2026-07-22
Cities and towns - Hobart - City fountain,11723214,A8763,KN11934,1964 – 1964,2026-07-22
Cities and towns - Canberra - From Mount Ainslie,11721694,A8763,KN14504,1966 – 1966,2026-07-22
Cities and towns - Canberra - Aerial view of Canberra in 1965,11721693,A8763,KN13625,1965 – 1965,2026-07-22
Cities and towns - Canberra - Buildings,11721692,A8763,KN12068,1964 – 1964,2026-07-22
Cities and towns - Canberra - ,11721691,A8763,KN10124,1963 – 1963,2026-07-22
"Cities and towns - Hannan Street, Kalgoorlie",11705348,A8763,KN7939,1962 – 1962,2026-07-22
"Cities and towns - Hotel, main street Normanton, Queensland",11709062,A8763,KN6782,1961 – 1961,2026-07-22
Birds - Emus grazing,11698790,A8763,KN13161,1965 – 1965,2026-07-22
Birds - Parrot,11698789,A8763,KN12877,1965 – 1965,2026-07-22
Birds - Galah in warning display,11698760,A8763,KN12876,1965 – 1965,2026-07-22
Birds - Owl,11698756,A8763,KN11688,1964 – 1964,2026-07-22
Birds - Wedgetailed Eagle,11698703,A8763,KN15988A,1966 – 1966,2026-07-22
Aboriginal people and Torres Strait Islander peoples - Art - Bark Painting,11690085,A8763,KN14558,1966 – 1966,2026-07-22
Aboriginal people and Torres Strait Islander peoples - Art - Bark Painting,11690138,A8763,KN14556,1966 – 1966,2026-07-22
Aboriginal people and Torres Strait Islander peoples - Art - Bark Painting,11690084,A8763,KN14557,1966 – 1966,2026-07-22
Aboriginal people and Torres Strait Islander peoples - Art - Bark Painting,11690082,A8763,KN9929,1963 – 1963,2026-07-22
Art - Paintings - Painting by A Namatjira,11685485,A8763,KN13420,1965 – 1965,2026-07-22
Animals - Echidna,11673261,A8763,KN13591,1965 – 1965,2026-07-22
Animals - Kangaroo in action,11673258,A8763,KN12799,1965 – 1965,2026-07-22
Animals - Kangaroos,11673260,A8763,KN12880,1965 – 1965,2026-07-22
Animals - Sugar Glider,11673178,A8763,KN14149,1966 – 1966,2026-07-22
Agriculture - Sugar - Loading cut sugar cane (harvesting),11672335,A8763,KN10583,1963 – 1963,2026-07-22
Animals - Kangaroo,11673175,A8763,KN12793,1965 – 1965,2026-07-22
Agriculture - Sugar - Mechanical harvesting of sugar cane,11672334,A8763,KN10544,1963 – 1963,2026-07-22
Agriculture - Sugar - Canefields,11672305,A8763,KN10581,1963 – 1963,2026-07-22
"Caves - Organ Pipes at Augusta Caves, WA",11656415,A8763,KN9135,1962 – 1962,2026-07-22
Sport and recreation - Woodchopping - Woodchop at Shaw,11656171,A8763,KN7358,1961 – 1961,2026-07-22
Pastoral industry - Beef - Loading cattle aboard a coastal vessel,11656170,A8763,KN7296,1961 – 1961,2026-07-22
"Pastoral industry - Beef - Cattle drinking water in lagoon, Bluff Downs Station",11656169,A8763,KN7291,1961 – 1961,2026-07-22
Flora - Trees - Eucalyptus picifolia,11656155,A8763,KN6930,1961 – 1961,2026-07-22
Flora - Trees - Eucalyptus picifolia,11656156,A8763,KN6933,1961 – 1961,2026-07-22
Flora - Flowers - Red flowering gum Euc Ficifolia,11654464,A8763,KN16615,1967 – 1967,2026-07-22
Scenic - Northern territory - North-South road,11654461,A8763,KN16136,1966 – 1966,2026-07-22
"Scenic - Great barrier reef - Green Island, Great Barrier Reef",11654227,A8763,KN14025,1965 – 1965,2026-07-22
"Scenic - New south wales - Night shot of ski-run, Snowy Mountains",11654427,A8763,KN15841,1966 – 1966,2026-07-22
"Flora - Flowers - Daffodils on City Hill, Canberra, 1965",11654172,A8763,KN13340,1965 – 1965,2026-07-22
Flora - Trees - Wattle gum trees,11654139,A8763,KN12674,1965 – 1965,2026-07-22
"Cities and towns - Canberra - Picnic area, Black Mountain, Canberra",11654135,A8763,KN12039,1964 – 1964,2026-07-22
Industry - Iron and steel - Steelworkers stream out of work at the end of a shift,11654136,A8763,KN12348,1964 – 1964,2026-07-22
Industry - Jewellery - Polished opals from Lightning Ridge,11654107,A8763,KN11043,1964 – 1964,2026-07-22
"Scenic - Great barrier reef - People enjoying the Whitsunday Island, Great Barrier Reef, 1963",11495401,A8763,KN10550,1963 – 1963,2026-07-22
"Transport - Sea - PO Canberra, in Sydney Harbour at night",11440046,A8763,KN7606A,1961 – 1961,2026-07-22
Coats of arms and flags - Australian flag,11377192,A8763,KN7166,1961 – 1961,2026-07-22
Mining - Oil - Boring for oil,11377178,A8763,KN14706,1966 – 1966,2026-07-22
Mining - Oil - Boring for oil,11377179,A8763,KN14707,1966 – 1966,2026-07-22
BABIC Nikola - Nationality: Yugoslavian - Arrived Melbourne per Aurelia 13 February 1959,8127398,D4881,BABIC NIKOLA,1959 – 1976,2026-07-22
FRANCKUNAIS Luize - Nationality: Latvian - Arrived Melbourne per Dundalk Bay 31 January 1950,7210416,D4881,FRANCKUNAIS LUIZE,1950 – 1976,2026-07-22
VENUTO Giuseppe - Nationality: Italian - Arrived Melbourne per Neptunia 20 October 1961,7180837,D4881,VENUTO GIUSEPPE,1961 – 1976,2026-07-22
RANNIK Raivo born 8 February 1928,4707364,A11944,580,1948 – 1948,2026-07-22
ANGELE Giorgio born 23 April 1933 - travelled per ship FLAMINIA departing in 1956 under Australian Italian Assisted Passage Scheme [Black and white ID print - portrait – attached to parent item - sub item] CATEGORY: photograph FORMAT: b&w print TYPE: gelatin silver STATUS: preservation material],205835605,A2478,ANGELE G,1956 – 1956,2026-07-22
HIRSCHBOLZ Robert Phillip [Rachel HIRSCHBOLZ],1590673,PP302/1,WA1199,1915 – 1921,2026-07-22
"MYALIC [MIOLICH] Ante - includes letter to Josip Myalich at Rottnest POW camp, having been censored",752041,PP14/2,PF/79,1914 – 1914,2026-07-21
Arrears of pay claimed by German prisoners (POWs) [W. HOFFMAN]  on Rottnest - addressed to Major E Summerhayes,751217,PP14/1,5/5/90,1916 – 1916,2026-07-21
"GIUMMELLI [GIUMELLI] Giovanni - Application for Landing Permit [MARANTHA Natale, MAGNATERRA Mario] [Application for naturalisation]",5515511,PP66/1,1954/61/1008,1954 – 1957,2026-07-21
National Consultative Committee on Peace and Disarmament (NCCPD),5290712,M4018,609,1992 – 1994,2026-07-21
[Australian Whaling Commission] ,1538568,PP10/2,4/3,1950 – 1952,2026-07-21
POMPONIO Mario [migrant selection documents],9256270,PP132/3,1026,1956 – 1956,2026-07-21
"Salvatore IOVIERO  [Notification of certificate of exemption for Salvatore, Linda, Anna, Lucia and Mattia IOVIERO]",4308534,PP6/1,1948/H/1460,1948 – 1948,2026-07-21
ZIVKOVIC Jovanka - Nationality: Yugoslavian - Arrived Fremantle per Marconi 15 December 1966,4314969,K1331,YUGOSLAVIAN/ZIVKOVIC J,1966 – 1966,2026-07-21
Arturo BERETTA   [Application for admission to Australia],4305267,PP6/1,1948/H/3424,1948 – 1949,2026-07-21
DUERDEN George [Application by British migrants for assisted passage]			,3277840,PP4/1,2945,1948 – 1956,2026-07-21
EDWARDS Margaret Alice [Application by British migrants for assisted passage]			,3284346,PP4/1,3078,1948 – 1956,2026-07-21
"MALAYSIAN AIRWAYS MH 023 [departed Kuala Lumpar, due  Perth 17 Dec 1980 - nominal roll, inc  refugees CAO Keang Ngoan, LY Khoa Kiet, TAHI Tu Lan, THAI Phung, THAI Kien Ban; CAO Kim Lien, CAO My Linh; CHE Quang thanh Huy; DANG Thi Thuy Lien; PHAN Thu Tan; DINH thi Nguyen; HO Van Thu; LAM Van Dac, LAM Quang Luc, LAM Quang Tuyen; KHAU Sieu Ven, GAU Khon Hoa; KHAU Thi Hoang; LAM Van Phat; LU Dinh Men, NGUYEN Ngoc Tin; LUU Thu Ho, LUU Te Ho; LY Dung, ONG Thi My Phuong; LY Muoi; NGUYEN Tan Thanh; NGUYEN Van Minh, PHAM Van Khoi; NGUYEN Van Anh; NGUYEN Van Dung, DOAN THI Bach Yen, NGUYEN Ngoc Anh Thy;  PHAM Duy Duyen; PHAM Van Tuan; HUYNH Thien Phuong; NGUYEN Van Chan; PHAM Van Bon; QUAN The Dat; TRAN Duc Chau; TRAN Tu Binh; TRAN Van Son; HUYNH Ngoc Xinh; TRAN Van Tung, NGUYEN Thi Hong Dao, TRAN Thi Ngoc Tim; LY Chu; DAO Thanh Thuy, TRAN Duc Vinh, BUI Thi Minh Tam]",31123406,K47,W1980/6115,1980 – 1980,2026-07-21
"WORRALL Fred [SERN: WX5486] [Wills of deceased servicemen, WWII]",32047893,PT490/1,WX5486,1939 – 1945,2026-07-21
VAIRAKTARIS Philippe [immigration file],23419091,PP855/1,W1975/22727,1974 – 1978,2026-07-21
PRUITI Francesco Ciarello,1658996,PP302/1,WA11075,1928 – 1946,2026-07-21
MATULOVIC Jakov [Yakov][Nationality: Yugoslav; arrived Fremantle 30 May 1926 per Ville D'Amiens],1674327,PP302/1,WA18176,1926 – 1943,2026-07-21
"KENNEDY Miles Alistair and Laurian Dale [KENNEDY Jason Alexander, KENNEDY Luke Dale]",15789426,K47,W1984/15131,1984 – 1985,2026-07-21
AMBROZIAK [ANDROSIAK] Dymtro born 12 November 1920,7032340,A11836,766,1948 – 1948,2026-07-21
BABCHENKO Gregorij born 30 November 1924,5169881,A11836,767,1948 – 1948,2026-07-21
AKININ Ivan born 13 May 1917,5169877,A11836,806,1948 – 1948,2026-07-21
KLIMENTO Alexander born 26 March 1918,5169876,A11836,781,1948 – 1948,2026-07-21
KRUBA Wladyslaw born 15 July 1915,5162022,A11836,785,1948 – 1948,2026-07-21
CZECHOW Konstantyn born 15 March 1906,5124318,A11836,809,1948 – 1948,2026-07-21
BUCAN Nikifor born 10 February 1920,5124317,A11836,808,1948 – 1948,2026-07-21
JAREMENKO Andreij born 15 October 1914,5124316,A11836,778,1948 – 1948,2026-07-21
BEZNOSENKO Ivan born 23 March 1914,5124312,A11836,807,1948 – 1948,2026-07-21
TURCZAK Piotr born 28 July 1920,5124311,A11836,804,1948 – 1948,2026-07-21
TRIHUB Viktor born 27 September 1921,5124310,A11836,803,1948 – 1948,2026-07-21
SAWATZKI Wladymir born 3 March 1914,5124309,A11836,797,1948 – 1948,2026-07-21
RUBASZEWSKI Wladyslaw born 7 July 1925,5124308,A11836,796,1948 – 1948,2026-07-21
RITZKE Alfons born 25 December 1920,5124307,A11836,795,1948 – 1948,2026-07-21
REWKIEWICZ Waclaw born 14 January 1913,5124306,A11836,794,1948 – 1948,2026-07-21
OSOBA Bohdan born 5 October 1925,5124305,A11836,790,1948 – 1948,2026-07-21
MARCHENKO Aleksander born 27 March 1920,5124303,A11836,786,1948 – 1948,2026-07-21
KRAMARENKO Sergis born 20 August 1915,5124302,A11836,784,1948 – 1948,2026-07-21
KOSINSKI Stefan born 7 December 1913,5124301,A11836,783,1948 – 1948,2026-07-21
IVLEV Ilja born 15 August 1917,5124300,A11836,777,1948 – 1948,2026-07-21
HORBATENKO Gregory born 3 July 1908,5124299,A11836,774,1948 – 1948,2026-07-21
HOMUK Mikolaj born 25 May 1916,5124298,A11836,773,1948 – 1948,2026-07-21
FRANCZUK Aleksander born 19 February 1920,5124297,A11836,772,1948 – 1948,2026-07-21
BOJKO Jan born 2 November 1915 [Also shown on record Natalia born 23 August 1923; Helena born 12 April 1946],5124295,A11836,769,1948 – 1948,2026-07-21
KRUUK Rudolf born 3 February 1907; Erna born 25 November 1906,5124293,A11836,760-761,1948 – 1948,2026-07-21
KILAITIS Heincas born 6 September 1928,5124292,A11836,757,1948 – 1948,2026-07-21
KAJOVIC Radivoje born 7 July 1915; Ruza born 5 October 1928,5124290,A11836,751-752,1948 – 1948,2026-07-21
ILIC Zivadin born 23 October 1925,5124289,A11836,750,1948 – 1948,2026-07-21
BUSENINGAS Vilius born 26 April 1916; Greta born 3 February 1921,5124286,A11836,747-748,1948 – 1948,2026-07-21
NORKUNAS Juozas born 1 December 1906,5124285,A11836,746,1948 – 1948,2026-07-21
MACHNYK Stephan born 20 December 1923,5124284,A11836,745,1948 – 1948,2026-07-21
BOITSCHENKO Aleksander born 26 October 1910,5124283,A11836,744,1948 – 1948,2026-07-21
VASILTSCHENKO Alexei born 3 October 1908; Luisa born 15 October 1909,5124281,A11836,742-743,1948 – 1948,2026-07-21
TYSIACHNA Andry born 27 December 1915; Eudokija born 16 December 1913,5124279,A11836,740-741,1948 – 1948,2026-07-21
CZEPYCHA Jan born 25 September 1915,4361069,A11836,771,1948 – 1948,2026-07-21
KIJAS Sergej born 26 June 1911,4353358,A11836,780,1948 – 1948,2026-07-21
KECYK Stefan born 6 January 1925,4353357,A11836,779,1948 – 1948,2026-07-21
NARBUTAS Vladas born 11 August 1898; NARBUTIENE Michalina [Miralina] born 21 April 1918,4260249,A11836,762-763,1948 – 1948,2026-07-21
KAZAKAUSKAS Pranas born 19 November 1918,4260246,A11836,756,1948 – 1948,2026-07-21
OLEINIK Prokop born 14 August 1909,4260227,A11836,789,1948 – 1948,2026-07-21
ILJIN Konstantin born 16 August 1912,4260221,A11836,776,1948 – 1948,2026-07-21
BEZKROWNY Alexej born 8 March 1908,4260021,A11836,768,1948 – 1948,2026-07-21
SOSNIN Pavel born 25 February 1905,4260014,A11836,800,1948 – 1948,2026-07-21
SCHUKOWSKIJ Adolf born 8 June 1911; [Meta born 1926]; [Irena born 1937]; [Elza born 1943]; [Harij born 1945],4250807,A11836,798,1948 – 1948,2026-07-21
PILIPENKO Nikita born 4 May 1916,4250644,A11836,791,1948 – 1948,2026-07-21
DUBAIK Sava born 27 January 1921; Anka born 4 March 1926,4105050,A11836,758-759,1948 – 1948,2026-07-21
KORSZYNSKY Jerzy born 13 March 1925,3479786,A11836,782,1948 – 1948,2026-07-21
ZAJAZ Jan born 1 June 1911,1834768,A11836,805,1948 – 1948,2026-07-21
SOTNIK Jakov DOB 25/10/1922; [Vera 22 years in 1948; Lidija 1 year in 1948],1834181,A11836,799,1948 – 1948,2026-07-21
Acetate of Lime Factory - Layout of Buildings,904662,J1018,LS357,1942 – 1942,2026-07-21
Bundaberg - Bombing Range,903832,J1018,LS49,1941 – 1941,2026-07-21
"Brisbane Acetate of Lime Factory - Survey of Subdivisions 2 and 3 of Eastern Suburban Allotment 22, County of Stanley, Parish of Bulimba",5051744,BP374/1,Q81 [Sheet 2],1916 – 1927,2026-07-21
"Brisbane Acetate of Lime Factory - Survey of Subdivisions 2 and 3 of Eastern Suburban Allotment 22, County of Stanley, Parish of Bulimba",16180815,BP374/1,Q81 [Sheet 1],1916 – 1916,2026-07-21
Incoming passenger list for COMMISSAIRE RAMEL arriving Melbourne 6 January 1930,9758130,A907,1930/1/49,1930 – 1930,2026-07-21
Incoming passenger list for SIRDHANA arriving Melbourne 3 January 1930,9758129,A907,1930/1/48,1930 – 1930,2026-07-21
Incoming passenger list for MAHENO arriving Melbourne 3 January 1930,9758128,A907,1930/1/47,1930 – 1930,2026-07-21
Incoming passenger list for LARGS BAY arriving Melbourne 2 January 1930,9758127,A907,1930/1/46,1930 – 1930,2026-07-21
Incoming passenger list for ORVIETO arriving Sydney 30 January 1930,9758126,A907,1930/1/45,1930 – 1930,2026-07-21
Incoming passenger list for MAKAMBO arriving Sydney 29 January 1930,9758125,A907,1930/1/44,1930 – 1930,2026-07-21
Incoming passenger list for ULIMAROA arriving Sydney 26 January 1930,9758124,A907,1930/1/43,1930 – 1930,2026-07-21
Incoming passenger list for SAINT ALBANS arriving Sydney 27 January 1930,9758123,A907,1930/1/42,1930 – 1930,2026-07-21
Incoming passenger list for NESTOR arriving Sydney 27 January 1930,9758122,A907,1930/1/41,1930 – 1930,2026-07-21
Incoming passenger list for PORT ALMA arriving Sydney 27 January 1930,9758121,A907,1930/1/40,1930 – 1930,2026-07-21
Incoming passenger list for MIRRABOOKA arriving Sydney 23 January 1930,9758120,A907,1930/1/39,1930 – 1930,2026-07-21
Incoming passenger list for MONTORO arriving Sydney 23 January 1930,9758119,A907,1930/1/38,1930 – 1930,2026-07-21
Incoming passenger list for MALOJA arriving Sydney 23 January 1930,9758118,A907,1930/1/37,1930 – 1930,2026-07-21
Incoming passenger list for MALABAR arriving Sydney 23 January 1930,9758117,A907,1930/1/36,1930 – 1930,2026-07-21
Incoming passenger list for VENTURA arriving Sydney 23 January 1930,9758116,A907,1930/1/35,1930 – 1930,2026-07-21
Incoming passenger list for KARAMEA arriving Sydney 23 January 1930,9758115,A907,1930/1/34,1930 – 1930,2026-07-21
Incoming passenger list for MARVATTA arriving Sydney 23 January 1930,9758114,A907,1930/1/33,1930 – 1930,2026-07-21
Incoming passenger list for MATARAM arriving Sydney 22 January 1930,9758113,A907,1930/1/32,1930 – 1930,2026-07-21
Incoming passenger list for MAUNGANUI arriving Sydney 21 January 1930,9758112,A907,1930/1/31,1930 – 1930,2026-07-21
Incoming passenger list for MARAMA arriving Sydney 21 January 1930,9758111,A907,1930/1/30,1930 – 1930,2026-07-21
Incoming passenger list for PORT FREMANTLE arriving Sydney 20 January 1930,9758110,A907,1930/1/29,1930 – 1930,2026-07-21
Incoming passenger list for MOERAKI arriving Sydney 20 January 1930,9758109,A907,1930/1/28,1930 – 1930,2026-07-21
Incoming passenger list for BARADINE arriving Sydney 20 January 1930,9758108,A907,1930/1/27,1930 – 1930,2026-07-21
Incoming passenger list for MAKURA arriving Sydney 18 January 1930,9758107,A907,1930/1/26,1930 – 1930,2026-07-21
Incoming passenger list for ORSOVA arriving Sydney 18 January 1930,9758106,A907,1930/1/25,1930 – 1930,2026-07-21
Incoming passenger list for ULIMAROA arriving Sydney 14 January 1930,9758105,A907,1930/1/24,1930 – 1930,2026-07-21
Incoming passenger list for TANGO MARU arriving Sydney 13 January 1930,9758104,A907,1930/1/23,1930 – 1930,2026-07-21
Incoming passenger list for MAKAMBO arriving Sydney 13 January 1930,9758103,A907,1930/1/22,1930 – 1930,2026-07-21
Incoming passenger list for PORT GISBORNE arriving Sydney 9 January 1930,9758102,A907,1930/1/21,1930 – 1930,2026-07-21
Incoming passenger list for COMMISSAIRE RAMEL arriving Sydney 9 January 1930,9758101,A907,1930/1/20,1930 – 1930,2026-07-21
Incoming passenger list for CHITRA; arriving Sydney 9 January 1930,9758100,A907,1930/1/19,1930 – 1930,2026-07-21
Incoming passenger list for SIRDHANA arriving Sydney 9 January 1930,9758099,A907,1930/1/18,1930 – 1930,2026-07-21
Incoming passenger list for MARAMA arriving Sydney 7 January 1930,9758098,A907,1930/1/17,1930 – 1930,2026-07-21
Incoming passenger list for MAUNGANUI arriving Sydney 7 January 1930,9758097,A907,1930/1/16,1930 – 1930,2026-07-21
Incoming passenger list for NECKAR arriving Sydney 6 January 1930,9758096,A907,1930/1/15,1930 – 1930,2026-07-21
Incoming passenger list for LARGS BAY arriving Sydney 6 January 1930,9758095,A907,1930/1/14,1930 – 1930,2026-07-21
Incoming passenger list for TASMAN arriving Sydney 6 January 1930,9758094,A907,1930/1/13,1930 – 1930,2026-07-21
Incoming passenger list for ARGYLLSHIRE arriving Sydney 6 January 1930,9758093,A907,1930/1/12,1930 – 1930,2026-07-21
Incoming passenger list for SAINT VINCENT DE PAUL arriving Sydney 5 January 1930,9758092,A907,1930/1/11,1930 – 1930,2026-07-21
Incoming passenger list for CHANGTE arriving Sydney 4 January 1930,9758091,A907,1930/1/10,1930 – 1930,2026-07-21
Incoming passenger list for AORANGI arriving Sydney 3 January 1930,9758090,A907,1930/1/9,1930 – 1930,2026-07-21
Incoming passenger list for SONOMA arriving Sydney 2 January 1930,9758089,A907,1930/1/8,1930 – 1930,2026-07-21
Incoming passenger list for CABARITA arriving Sydney 3 January 1930,9758088,A907,1930/1/7,1930 – 1930,2026-07-21
Incoming passenger list for TARONGA arriving Sydney 2 January 1930,9758087,A907,1930/1/6,1930 – 1930,2026-07-21
Incoming passenger list for ORMONDE arriving Sydney 2 January 1930,9758086,A907,1930/1/5,1930 – 1930,2026-07-21
Incoming passenger list for LA PEROUSE arriving Sydney 1 January 1930,9758085,A907,1930/1/4,1930 – 1930,2026-07-21
Incoming passenger list for ULIMAROA arriving Sydney 1 January 1930,9758084,A907,1930/1/3,1930 – 1930,2026-07-21
Incoming passenger list for EURIPIDES arriving Sydney 30 December 1929,9758083,A907,1930/1/2,1929 – 1929,2026-07-21
Incoming passenger list for MARELLA arriving Sydney 23 December 1929,9758082,A907,1930/1/1,1929 – 1929,2026-07-21
Incoming passenger list for CALULU arriving Brisbane 13 November 1929,9758081,A907,1929/11/81,1929 – 1929,2026-07-21
Incoming passenger list for MORINDA arriving Brisbane 16 November 1929,9758080,A907,1929/11/80,1929 – 1929,2026-07-21
Incoming passenger list for MALABAR arriving Brisbane 21 November 1929,9758079,A907,1929/11/79,1929 – 1929,2026-07-21
Incoming passenger list for NELLORE arriving Brisbane 23 November 1929,9758078,A907,1929/11/78,1929 – 1929,2026-07-21
Incoming passenger list for ORONSAY arriving Brisbane 25 November 1929,9758077,A907,1929/11/77,1929 – 1929,2026-07-21
Incoming passenger list for GERA arriving Brisbane 29 November 1929,9758076,A907,1929/11/76,1929 – 1929,2026-07-21
Incoming passenger list for BALLARAT arriving Brisbane 29 November 1929,9758075,A907,1929/11/75,1929 – 1929,2026-07-21
Incoming passenger list for ESPERANCE BAY arriving Brisbane 29 November 1929,9758074,A907,1929/11/74,1929 – 1929,2026-07-21
Incoming passenger list for PORT HUON arriving Melbourne 25 November 1929,9758073,A907,1929/11/73,1929 – 1929,2026-07-21
Incoming passenger list for MALABAR arriving Melbourne 28 November 1929,9758072,A907,1929/11/72,1929 – 1929,2026-07-21
Incoming passenger list for TEMPLAR arriving Melbourne 27 November 1929,9758071,A907,1929/11/71,1929 – 1929,2026-07-21
Incoming passenger list for SANTHIA arriving Melbourne 26 November 1929,9758070,A907,1929/11/70,1929 – 1929,2026-07-21
Incoming passenger list for NARKUNDA arriving Melbourne 25 November 1929,9758069,A907,1929/11/69,1929 – 1929,2026-07-21
Incoming passenger list for PORT DUNEDIN arriving Melbourne 25 November 1929,9758068,A907,1929/11/68,1929 – 1929,2026-07-21
Incoming passenger list for ASCANIUS arriving Melbourne 25 November 1929,9758067,A907,1929/11/67,1929 – 1929,2026-07-21
Incoming passenger list for CITY OF DALHART arriving Melbourne 24 November 1929,9758066,A907,1929/11/66,1929 – 1929,2026-07-21
Incoming passenger list for CALULU arriving Melbourne 23 November 1929,9758065,A907,1929/11/65,1929 – 1929,2026-07-21
Incoming passenger list for ESPERANCE BAY arriving Melbourne 23 November 1929,9758064,A907,1929/11/64,1929 – 1929,2026-07-21
Incoming passenger list for RHESUS arriving Melbourne 22 November 1929,9758063,A907,1929/11/63,1929 – 1929,2026-07-21
Incoming passenger list for BALLARAT arriving Melbourne 21 November 1929,9758062,A907,1929/11/62,1929 – 1929,2026-07-21
Incoming passenger list for VILLE D'AMIENS arriving Melbourne 21 November 1929,9758061,A907,1929/11/61,1929 – 1929,2026-07-21
Incoming passenger list for MALOLO arriving Melbourne 21 November 1929,9758060,A907,1929/11/60,1929 – 1929,2026-07-21
Incoming passenger list for ORONSAY arriving Melbourne 18 November 1929,9758059,A907,1929/11/59,1929 – 1929,2026-07-21
Incoming passenger list for TANCRED arriving Melbourne 18 November 1929,9758058,A907,1929/11/58,1929 – 1929,2026-07-21
Incoming passenger list for AKI MARU arriving Melbourne 11 November 1929,9758057,A907,1929/11/57,1929 – 1929,2026-07-21
Incoming passenger list for MANUKA arriving Melbourne 13 November 1929,9758056,A907,1929/11/56,1929 – 1929,2026-07-21
Incoming passenger list for PORT ADELAIDE arriving Melbourne 13 November 1929,9758055,A907,1929/11/55,1929 – 1929,2026-07-21
Incoming passenger list for MOLDAVIA arriving Melbourne 11 November 1929,9758054,A907,1929/11/54,1929 – 1929,2026-07-21
Incoming passenger list for CHANGTE arriving Melbourne 10 November 1929,9758053,A907,1929/11/53,1929 – 1929,2026-07-21
Incoming passenger list for TALLEYRAND arriving Melbourne 6 November 1929,9758052,A907,1929/11/52,1929 – 1929,2026-07-21
Incoming passenger list for NIEUW HOLLAND arriving Melbourne 9 November 1929,9758051,A907,1929/11/51,1929 – 1929,2026-07-21
Incoming passenger list for ORFORD arriving Melbourne 4 November 1929,9758050,A907,1929/11/50,1929 – 1929,2026-07-21
Incoming passenger list for THEMISTOCLES arriving Melbourne 4 November 1929,9758049,A907,1929/11/49,1929 – 1929,2026-07-21
Incoming passenger list for SAINT ALBANS arriving Melbourne 4 November 1929,9758048,A907,1929/11/48,1929 – 1929,2026-07-21
Incoming passenger list for BALRANALD arriving Melbourne 24 November 1929,9758047,A907,1929/11/47,1929 – 1929,2026-07-21
Incoming passenger list for PORT HOBART arriving Sydney 26 November 1929,9758046,A907,1929/11/46,1929 – 1929,2026-07-21
Incoming passenger list for BALCRAIG arriving Newcastle 18 November 1929,9758045,A907,1929/11/45,1929 – 1929,2026-07-21
Incoming passenger list for SAINT ALBANS arriving Sydney 1 November 1929,9758044,A907,1929/11/44,1929 – 1929,2026-07-21
Incoming passenger list for CHANGTE arriving Sydney 6 November 1929,9758043,A907,1929/11/43,1929 – 1929,2026-07-21
Incoming passenger list for ASCANIUS arriving Sydney 30 November 1929,9758042,A907,1929/11/42,1929 – 1929,2026-07-21
Incoming passenger list for NARKUNDA arriving Sydney 28 November 1929,9758041,A907,1929/11/41,1929 – 1929,2026-07-21
Incoming passenger list for MAUNGANUI arriving Sydney 26 November 1929,9758040,A907,1929/11/40,1929 – 1929,2026-07-21
Incoming passenger list for MARAMAR arriving Sydney 26 November 1929,9758039,A907,1929/11/39,1929 – 1929,2026-07-21
Incoming passenger list for GERA arriving Sydney 25 November 1929,9758038,A907,1929/11/38,1929 – 1929,2026-07-21
Incoming passenger list for ESPERANCE BAY arriving Sydney 25 November 1929,9758037,A907,1929/11/37,1929 – 1929,2026-07-21
Incoming passenger list for NELLORE arriving Sydney 25 November 1929,9758036,A907,1929/11/36,1929 – 1929,2026-07-21
Incoming passenger list for VILLE D'AMIENS arriving Sydney 25 November 1929,9758035,A907,1929/11/35,1929 – 1929,2026-07-21
Incoming passenger list for MARSINA arriving Sydney 25 November 1929,9758034,A907,1929/11/34,1929 – 1929,2026-07-21
Incoming passenger list for BALLARAT arriving Sydney 25 November 1929,9758033,A907,1929/11/33,1929 – 1929,2026-07-21
Incoming passenger list for TANCRED arriving Sydney 24 November 1929,9758032,A907,1929/11/32,1929 – 1929,2026-07-21
Incoming passenger list for ANTEN arriving Sydney 26 November 1929,9758031,A907,1929/11/31,1929 – 1929,2026-07-21
Incoming passenger list for MAKURA arriving Sydney 23 November 1929,9758030,A907,1929/11/30,1929 – 1929,2026-07-21
Incoming passenger list for MALABAR arriving Sydney 23 November 1929,9758029,A907,1929/11/29,1929 – 1929,2026-07-21
Incoming passenger list for VENTURA arriving Sydney 21 November 1929,9758028,A907,1929/11/28,1929 – 1929,2026-07-21
Incoming passenger list for ORONSAY arriving Sydney 21 November 1929,9758027,A907,1929/11/27,1929 – 1929,2026-07-21
Incoming passenger list for ULIMAROA arriving Sydney 19 November 1929,9758026,A907,1929/11/26,1929 – 1929,2026-07-21
Incoming passenger list for MORINDA arriving Sydney 18 November 1929,9758025,A907,1929/11/25,1929 – 1929,2026-07-21
Incoming passenger list for PORT DUNEDIN arriving Sydney 18 November 1929,9758024,A907,1929/11/24,1929 – 1929,2026-07-21
Incoming passenger list for PORT ADELAIDE arriving Sydney 18 November 1929,9758023,A907,1929/11/23,1929 – 1929,2026-07-21
Incoming passenger list for CITY OF DALHART arriving Sydney 16 November 1929,9758022,A907,1929/11/22,1929 – 1929,2026-07-21
Incoming passenger list for CALULU arriving Sydney 15 November 1929,9758021,A907,1929/11/21,1929 – 1929,2026-07-21
Incoming passenger list for MOLDAVIA arriving Sydney 14 November 1929,9758020,A907,1929/11/20,1929 – 1929,2026-07-21
Incoming passenger list for MAHENO arriving Sydney 12 November 1929,9758019,A907,1929/11/19,1929 – 1929,2026-07-21
Incoming passenger list for MARAMA arriving Sydney 12 November 1929,9758018,A907,1929/11/18,1929 – 1929,2026-07-21
Incoming passenger list for GIA LONG arriving Sydney 11 November 1929,9758017,A907,1929/11/17,1929 – 1929,2026-07-21
Incoming passenger list for THEMISTOCLES arriving Sydney 11 November 1929,9758016,A907,1929/11/16,1929 – 1929,2026-07-21
Incoming passenger list for TALLEYRAND arriving Sydney 11 November 1929,9758015,A907,1929/11/15,1929 – 1929,2026-07-21
Incoming passenger list for AKI MARU arriving Sydney 11 November 1929,9758014,A907,1929/11/14,1929 – 1929,2026-07-21
Incoming passenger list for BULLAREN arriving Sydney 10 November 1929,9758013,A907,1929/11/13,1929 – 1929,2026-07-21
Incoming passenger list for JOHN WILLIAMS arriving Sydney 7 November 1929,9758011,A907,1929/11/11,1929 – 1929,2026-07-21
Incoming passenger list for ORFORD arriving Sydney 7 November 1929,9758010,A907,1929/11/10,1929 – 1929,2026-07-21
Incoming passenger list for MAKAMBO arriving Sydney 6 November 1929,9758009,A907,1929/11/9,1929 – 1929,2026-07-21
Incoming passenger list for NIEUW HOLLAND arriving Sydney 6 November 1929,9758008,A907,1929/11/8,1929 – 1929,2026-07-21
Incoming passenger list for PORT AUCKLAND arriving Sydney 6 November 1929,9758007,A907,1929/11/7,1929 – 1929,2026-07-21
Incoming passenger list for ULIMAROA arriving Sydney 5 November 1929,9758006,A907,1929/11/6,1929 – 1929,2026-07-21
Incoming passenger list for PORT HOBART arriving Sydney 4 November 1929,9758005,A907,1929/11/5,1929 – 1929,2026-07-21
Incoming passenger list for BALRANALD arriving Sydney 4 November 1929,9758004,A907,1929/11/4,1929 – 1929,2026-07-21
Incoming passenger list for MATARAM arriving Sydney 2 November 1929,9758003,A907,1929/11/3,1929 – 1929,2026-07-21
Incoming passenger list for PORT NICHOLSON arriving Sydney 1 November 1929,9758002,A907,1929/11/2,1929 – 1929,2026-07-21
Incoming passenger list for HANNOVER arriving Sydney 1 November 1929,9758001,A907,1929/11/1,1929 – 1929,2026-07-21
Incoming passenger list for MORETON BAY arriving Fremantle 8 March 1929,9757999,A907,1929/3/131,1929 – 1929,2026-07-21
Incoming passenger list for OSTERLEY arriving Sydney 25 April 1929,9757998,A907,1929/4/130,1929 – 1929,2026-07-21
Incoming passenger list for ARAMIA arriving Thursday Island 4 November 1928,9757997,A907,1928/12/135,1928 – 1928,2026-07-21
Incoming passenger list for CITY OF RAYVILLE arriving Sydney 18 December 1928,9757996,A907,1928/12/134,1928 – 1929,2026-07-21
Incoming passenger list for PARRAKOOLA arriving Sydney 18 December 1928,9757995,A907,1928/12/133*,1928 – 1929,2026-07-21
Incoming passenger list for MATARAM arriving Brisbane 29 November 1928,9757994,A907,1928/11/125,1928 – 1928,2026-07-21
Incoming passenger list for MOLDAVIA arriving Melbourne 27 November 1928,9757993,A907,1928/11/124,1928 – 1928,2026-07-21
Incoming passenger list for COWDEU LAW arriving Melbourne 12 November 1928,9757992,A907,1928/11/123,1928 – 1928,2026-07-21
Incoming passenger list for ALSTER arriving Adelaide 16  October 1928,9757991,A907,1928/10/135,1928 – 1928,2026-07-21
Incoming passenger list for YUZARAU arriving Melbourne 8 October 1928,9757990,A907,1928/10/134,1928 – 1928,2026-07-21
"
coming passenger list for VILLE D'AMIENS  arriving Sydney 5 October 1928",9757989,A907,1928/10/133,1928 – 1928,2026-07-21
Incoming passenger list for MONTORO arriving Sydney 27 March 1929,9757987,A907,1929/3/37,1929 – 1929,2026-07-21
Incoming passenger list for PORT DARWIN arriving Sydney 28 March 1929,9757986,A907,1929/3/36,1929 – 1929,2026-07-21
Incoming passenger list for ULIMAROA arriving Sydney 26 March 1929,9757985,A907,1929/3/35,1929 – 1929,2026-07-21
Incoming passenger list for HATIPARA arriving Sydney 25 March 1929,9757984,A907,1929/3/34,1929 – 1929,2026-07-21
Incoming passenger list for TANDA arriving Sydney 25 March 1929,9757983,A907,1929/3/33,1929 – 1929,2026-07-21
Incoming passenger list for LAPEROUSE arriving Sydney 2 March 1929,9757982,A907,1929/3/32,1929 – 1929,2026-07-21
Incoming passenger list for ARENDSKERK arriving Sydney 18 March 1929,9757981,A907,1929/3/31,1929 – 1929,2026-07-21
Incoming passenger list for DEMOSTHENES arriving Sydney 22 March 1929,9757980,A907,1929/3/30,1929 – 1929,2026-07-21
Incoming passenger list for MOLDAVIA arriving Sydney 21 March 1929,9757979,A907,1929/3/29,1929 – 1929,2026-07-21
Incoming passenger list for ORVIETTO arriving Fremantle 22 January 1929,9757828,A907,1929/1/124,1929 – 1929,2026-07-21
Incoming passenger list for MOOLTAN arriving Fremantle 16 January 1929,9757827,A907,1929/1/123,1929 – 1929,2026-07-21
Incoming passenger list for ORSOVA arriving Fremantle 8 January 1929,9757826,A907,1929/1/122,1929 – 1929,2026-07-21
Incoming passenger list for MINDEROO arriving Fremantle 1 January 1929,9757825,A907,1929/1/121,1929 – 1929,2026-07-21
Incoming passenger list for CATHAY arriving Fremantle 1 January 1929,9757824,A907,1929/1/120,1929 – 1929,2026-07-21
Incoming passenger list for BERRIMA arriving Fremantle 31 December 1928,9757823,A907,1929/1/119,1928 – 1929,2026-07-21
Incoming passenger list for BARRABOOL arriving Adelaide 29 January 1929,9757822,A907,1929/1/118,1929 – 1929,2026-07-21
Incoming passenger list for CAPRERA arriving Adelaide 29 January 1929,9757821,A907,1929/1/117,1929 – 1929,2026-07-21
Incoming passenger list for VILLE DE STRASBOURG arriving Adelaide 29 January 1929,9757820,A907,1929/1/116,1929 – 1929,2026-07-21
Incoming passenger list for ORVIETO arriving Adelaide 26 January 1929,9757819,A907,1929/1/115,1929 – 1929,2026-07-21
Incoming passenger list for JERVIS BAY arriving Adelaide 26 January 1929,9757818,A907,1929/1/114,1929 – 1929,2026-07-21
Incoming passenger list for TAIWAN arriving Adelaide 22 January 1929,9757817,A907,1929/1/113,1929 – 1929,2026-07-21
Incoming passenger list for MOOLTAN arriving Adelaide 20 January 1929,9757816,A907,1929/1/112,1929 – 1929,2026-07-21
Incoming passenger list for ORSOVA arriving Adelaide 12 January 1929,9757815,A907,1929/1/111,1929 – 1929,2026-07-21
Incoming passenger list for BERRIMA arriving Adelaide 8 January 1929,9757814,A907,1929/1/110,1929 – 1929,2026-07-21
Incoming passenger list for CATHAY arriving Adelaide 6 January 1929,9757813,A907,1929/1/109,1929 – 1929,2026-07-21
Incoming passenger list for EURIPIDES arriving Adelaide 5 January 1929,9757812,A907,1929/1/108,1929 – 1929,2026-07-21
Incoming passenger list for CALULU arriving Adelaide 3 January 1929,9757811,A907,1929/1/107,1929 – 1929,2026-07-21
Incoming passenger list for ESPERANCE BAY arriving Adelaide 2 January 1929,9757810,A907,1929/1/106,1929 – 1929,2026-07-21
Incoming passenger list for HEIDELBERG arriving Adelaide 1 January 1929,9757809,A907,1929/1/105,1929 – 1929,2026-07-21
Incoming passenger list for RUNIC arriving Adelaide 26 December 1928,9757808,A907,1929/1/104,1928 – 1928,2026-07-21
Incoming passenger list for CHANGTE arriving Townsville 26 December 1928,9757806,A907,1929/1/102,1928 – 1928,2026-07-21
Incoming passenger list for TANDA arriving Townsville 19 December 1928,9757805,A907,1929/1/101,1928 – 1928,2026-07-21
Incoming passenger list for MALABAR arriving Townsville 17 December 1928,9757804,A907,1929/1/100,1928 – 1928,2026-07-21
Incoming passenger list for TAIPING arriving Townsville 25 January 1929,9757803,A907,1929/1/99,1929 – 1929,2026-07-21
Incoming passenger list for MARELLA arriving Townsville 19 January 1929,9757802,A907,1929/1/98,1929 – 1929,2026-07-21
Incoming passenger list for ARAMIA arriving Thursday 28 Island January 1929,9757801,A907,1929/1/97,1929 – 1929,2026-07-21
Incoming passenger list for DAVID arriving Thursday Island 25 January 1929,9757800,A907,1929/1/96,1929 – 1929,2026-07-21
Incoming passenger list for SOMERSET arriving Thursday Island 22 January 1929,9757799,A907,1929/1/95,1929 – 1929,2026-07-21
Incoming passenger list for TAIPING arriving Thursday Island 22 January 1929,9757798,A907,1929/1/94,1929 – 1929,2026-07-21
Incoming passenger list for SAINT ALBANS arriving Thursday Island 13 January 1929,9757797,A907,1929/1/93,1929 – 1929,2026-07-21
Incoming passenger list for ARAMIA arriving Thursday Island 10 January 1929,9757796,A907,1929/1/92,1929 – 1929,2026-07-21
Incoming passenger list for ADA arriving Thursday Island 10 January 1929,9757795,A907,1929/1/91,1929 – 1929,2026-07-21
Incoming passenger list for QUEST arriving Thursday Island 12 January 1929,9757794,A907,1929/1/90,1929 – 1929,2026-07-21
Incoming passenger list for TAIPING arriving Cairns 24 January 1929,9757793,A907,1929/1/89,1929 – 1929,2026-07-21
Incoming passenger list for MARSINA arriving Cairns 16 January 1929,9757792,A907,1929/1/88,1929 – 1929,2026-07-21
Incoming passenger list for NIEUW ZEELAND arriving Brisbane 4 January 1929,9757791,A907,1929/1/87,1929 – 1929,2026-07-21
Incoming passenger list for SADO MARU arriving Brisbane 5 January 1929,9757790,A907,1929/1/86,1929 – 1929,2026-07-21
Incoming passenger list for OSTERLEY arriving Brisbane 7 January 1929,9757789,A907,1929/1/85,1929 – 1929,2026-07-21
Incoming passenger list for MOSEL arriving Brisbane 7 January 1929,9757788,A907,1929/1/84,1929 – 1929,2026-07-21
Incoming passenger list for MATARAM arriving Brisbane 10 January 1929,9757787,A907,1929/1/83,1929 – 1929,2026-07-21
Incoming passenger list for ESPERANCE BAY arriving Brisbane 14 January 1929,9757786,A907,1929/1/82,1929 – 1929,2026-07-21
Incoming passenger list for MARSINA arriving Brisbane 19 January 1929,9757785,A907,1929/1/81,1929 – 1929,2026-07-21
Incoming passenger list for SAINT ALBANS arriving Brisbane 20 January 1929,9757784,A907,1929/1/80,1929 – 1929,2026-07-21
Incoming passenger list for ORSOVA arriving Brisbane 21 January 1929,9757783,A907,1929/1/79,1929 – 1929,2026-07-21
Incoming passenger list for PORT HUON arriving Brisbane 21 January 1929,9757782,A907,1929/1/78,1929 – 1929,2026-07-21
Incoming passenger list for MARELLA arriving Brisbane 21 January 1929,9757781,A907,1929/1/77,1929 – 1929,2026-07-21
Incoming passenger list for EURIPIDES arriving Brisbane 22 January 1929,9757780,A907,1929/1/76,1929 – 1929,2026-07-21
Incoming passenger list for HEIDELBERG arriving Brisbane 24 January 1929,9757779,A907,1929/1/75,1929 – 1929,2026-07-21
Incoming passenger list for TAIPING arriving Brisbane 27 January 1929,9757778,A907,1929/1/74,1929 – 1929,2026-07-21
Incoming passenger list for PORT DUNEDIN arriving Melbourne 23 January 1929,9757777,A907,1929/1/73,1929 – 1929,2026-07-21
Incoming passenger list for PORT FAIRY arriving Melbourne 11 December 1928,9757776,A907,1929/1/72,1928 – 1928,2026-07-21
Incoming passenger list for CAPRERA arriving Melbourne 31 January 1929,9757775,A907,1929/1/71,1929 – 1929,2026-07-21
Incoming passenger list for ODER arriving Melbourne 26 January 1929,9757774,A907,1929/1/70,1929 – 1929,2026-07-21
Incoming passenger list for VILLE DE STRASBOURG arriving Melbourne 31 January 1929,9757773,A907,1929/1/69,1929 – 1929,2026-07-21
Incoming passenger list for JERVIS BAY arriving Melbourne 28 January 1929,9757772,A907,1929/1/68,1929 – 1929,2026-07-21
Incoming passenger list for ST ALBANS arriving Melbourne 29 January 1929,9757771,A907,1929/1/67,1929 – 1929,2026-07-21
Incoming passenger list for MARELLA arriving Melbourne 28 January 1929,9757770,A907,1929/1/66,1929 – 1929,2026-07-21
Incoming passenger list for ORVIETO arriving Melbourne 28 January 1929,9757769,A907,1929/1/65,1929 – 1929,2026-07-21
Incoming passenger list for MANUKA arriving 23 Melbourne January 1929,9757768,A907,1929/1/64,1929 – 1929,2026-07-21
Incoming passenger list for MOOLTAN arriving Melbourne 25 January 1929,9757767,A907,1929/1/63,1929 – 1929,2026-07-21
Incoming passenger list for NARINGA arriving Melbourne 14 January 1929,9757766,A907,1929/1/62,1929 – 1929,2026-07-21
Incoming passenger list for SADO MARU arriving Melbourne 14 January 1929,9757765,A907,1929/1/61,1929 – 1929,2026-07-21
Incoming passenger list for ORSOVA arriving Melbourne 14 January 1929,9757764,A907,1929/1/60,1929 – 1929,2026-07-21
Incoming passenger list for BERRIMA arriving Melbourne 11 January 1929,9757763,A907,1929/1/59,1929 – 1929,2026-07-21
Incoming passenger list for NIEUW ZEELAND arriving Melbourne 10 January 1929,9757762,A907,1929/1/58,1929 – 1929,2026-07-21
Incoming passenger list for EURIPIDES arriving Melbourne 9 January 1929,9757761,A907,1929/1/57,1929 – 1929,2026-07-21
Incoming passenger list for CATHAY arriving Melbourne 8 January 1929,9757760,A907,1929/1/56,1929 – 1929,2026-07-21
Incoming passenger list for PORT HUON arriving Melbourne 7 January 1929,9757759,A907,1929/1/55,1929 – 1929,2026-07-21
Incoming passenger list for LE MARIE arriving Melbourne 6 January 1929,9757758,A907,1929/1/54,1929 – 1929,2026-07-21
Incoming passenger list for ARGYLLSHIRE arriving Melbourne 6 January 1929,9757757,A907,1929/1/53,1929 – 1929,2026-07-21
Incoming passenger list for CHANGTE arriving Melbourne 6 January 1929,9757756,A907,1929/1/52,1929 – 1929,2026-07-21
Incoming passenger list for MANUKA arriving Melbourne 5 January 1929,9757755,A907,1929/1/51,1929 – 1929,2026-07-21
Incoming passenger list for ESPERANCE BAY arriving Melbourne 5 January 1929,9757754,A907,1929/1/50,1929 – 1929,2026-07-21
Incoming passenger list for HALLE arriving Melbourne 4 January 1929,9757753,A907,1929/1/49,1929 – 1929,2026-07-21
Incoming passenger list for ZINAL arriving Newcastle 23 January 1929,9757752,A907,1929/1/48,1929 – 1929,2026-07-21
Incoming passenger list for GIA LONG arriving Newcastle 23 January 1929,9757751,A907,1929/1/47,1929 – 1929,2026-07-21
Incoming passenger list for PARRACOMBE arriving Newcastle 13 January 1929,9757750,A907,1929/1/46,1929 – 1929,2026-07-21
Incoming passenger list for LUCISTON arriving Newcastle 1 January 1929,9757749,A907,1929/1/45,1929 – 1929,2026-07-21
Incoming passenger list for SIERRA arriving Sydney 31 January 1929,9757748,A907,1929/1/44,1929 – 1929,2026-07-21
Incoming passenger list for  ORVIETO arriving Sydney 31 January 1929,9757747,A907,1929/1/43,1929 – 1929,2026-07-21
Incoming passenger list for TAIPING arriving Sydney 30 January 1929,9757746,A907,1929/1/42,1929 – 1929,2026-07-21
Incoming passenger list for MOERAKI arriving Sydney January 1929,9757745,A907,1929/1/41,1929 – 1929,2026-07-21
Incoming passenger list for ULIMAROA arriving Sydney 29 January 1929,9757744,A907,1929/1/40,1929 – 1929,2026-07-21
Incoming passenger list for PORT DUNEDIN arriving Sydney 28 January 1929,9757743,A907,1929/1/39,1929 – 1929,2026-07-21
Incoming passenger list for MOOLTAN arriving Sydney 26 January 1929,9757742,A907,1929/1/38,1929 – 1929,2026-07-21
Incoming passenger list for PORT MELBOURNE arriving Sydney 26 January 1929,9757741,A907,1929/1/37,1929 – 1929,2026-07-21
Incoming passenger list for CITY OF DALHART arriving Sydney 26 January 1929,9757740,A907,1929/1/36,1929 – 1929,2026-07-21
Incoming passenger list for MARELLA arriving Sydney 24 January 1929,9757739,A907,1929/1/35,1929 – 1929,2026-07-21
Incoming passenger list for CANADIAN LEADER arriving Sydney 6 January 1929,9757738,A907,1929/1/34,1929 – 1929,2026-07-21
Incoming passenger list for ST ALBANS arriving Sydney 23 January 1929,9757737,A907,1929/1/33,1929 – 1929,2026-07-21
Incoming passenger list for MARAMA arriving Sydney 22 January 1929,9757736,A907,1929/1/32,1929 – 1929,2026-07-21
Incoming passenger list for MARSINA arriving Sydney 22 January 1929,9757735,A907,1929/1/31,1929 – 1929,2026-07-21
Incoming passenger list for MAUNGANUI arriving Sydney 22 January 1929,9757734,A907,1929/1/30,1929 – 1929,2026-07-21
Incoming passenger list for NARINGA arriving Sydney 20 January 1929,9757733,A907,1929/1/29,1929 – 1929,2026-07-21
Incoming passenger list for TAHITI arriving Sydney 19 January 1929,9757732,A907,1929/1/28,1929 – 1929,2026-07-21
Incoming passenger list for HEIDELBERG arriving Sydney 18 January 1929,9757731,A907,1929/1/27,1929 – 1929,2026-07-21
Incoming passenger list for ORSOVA arriving Sydney 17 January 1929,9757730,A907,1929/1/26,1929 – 1929,2026-07-21
Incoming passenger list for DJEMBER arriving Sydney 6 December 1929,9757729,A907,1929/1/25,1928 – 1928,2026-07-21
Incoming passenger list for KING JAMES arriving Sydney 3 December 1929,9757728,A907,1929/1/24,1928 – 1928,2026-07-21
Incoming passenger list for MAKAMBO arriving Sydney 15 January 1929,9757727,A907,1929/1/23,1929 – 1929,2026-07-21
Incoming passenger list for ULIMAROA arriving Sydney 15 January 1929,9757726,A907,1929/1/22,1929 – 1929,2026-07-21
Incoming passenger list for BERRIMA arriving Sydney 14 January 1929,9757725,A907,1929/1/21,1929 – 1929,2026-07-21
Incoming passenger list for EURIPIDES arriving Sydney 14 January 1929,9757724,A907,1929/1/20,1929 – 1929,2026-07-21
Incoming passenger list for PORT HUON arriving Sydney 14 January 1929,9757723,A907,1929/1/19,1929 – 1929,2026-07-21
Incoming passenger list for ARGYLLSHIRE arriving Sydney 13 January 1929,9757722,A907,1929/1/18,1929 – 1929,2026-07-21
Incoming passenger list for CATHAY arriving Sydney 12 January 1929,9757721,A907,1929/1/17,1929 – 1929,2026-07-21
Incoming passenger list for MATARAM arriving Sydney 12 January 1929,9757720,A907,1929/1/16,1929 – 1929,2026-07-21
Incoming passenger list for LA PEROUSE arriving Sydney 11 January 1929,9757719,A907,1929/1/15,1929 – 1929,2026-07-21
Incoming passenger list for ESPERANCE BAY arriving Sydney 9 January 1929,9757718,A907,1929/1/14,1929 – 1929,2026-07-21
Incoming passenger list for VENTURA arriving Sydney 10 January 1929,9757717,A907,1929/1/13,1929 – 1929,2026-07-21
Incoming passenger list for MOERAKI arriving Sydney 7 January 1929,9757716,A907,1929/1/12,1929 – 1929,2026-07-21
Incoming passenger list for MARAMA arriving Sydney 8 January 1929,9757715,A907,1929/1/11,1929 – 1929,2026-07-21
Incoming passenger list for MAUNGANUI arriving Sydney 8 January 1929,9757714,A907,1929/1/10,1929 – 1929,2026-07-21
Incoming passenger list for PORT HOBART arriving Sydney 4 January 1929,9757713,A907,1929/1/9,1929 – 1929,2026-07-21
Incoming passenger list for SADO MARU arriving Sydney 7 January 1929,9757712,A907,1929/1/8,1929 – 1929,2026-07-21
Incoming passenger list for RUNIC arriving Sydney 5 January 1929,9757711,A907,1929/1/7,1929 – 1929,2026-07-21
Incoming passenger list for NIEUW ZEELAND arriving Sydney 6 January 1929,9757710,A907,1929/1/6,1929 – 1929,2026-07-21
Incoming passenger list for MORINDA arriving Sydney 6 January 1929,9757709,A907,1929/1/5,1929 – 1929,2026-07-21
Incoming passenger list for AORANGI arriving Sydney 4 January 1929,9757708,A907,1929/1/4,1929 – 1929,2026-07-21
Incoming passenger list for ULIMAROA arriving Sydney 2 January 1929,9757707,A907,1929/1/3,1929 – 1929,2026-07-21
Incoming passenger list for SAINT VINCENT DE PAUL arriving Sydney 2 January 1929,9757706,A907,1929/1/2,1929 – 1929,2026-07-21
Incoming passenger list for OSTERLEY arriving Sydney 2 January 1929,9757705,A907,1929/1/1,1929 – 1929,2026-07-21
Incoming passenger list for MALABAR arriving Darwin 12 December 1928,9757704,A907,1928/12/131,1928 – 1928,2026-07-21
Incoming passenger list for ANTONIO arriving Darwin 28 December 1928,9757703,A907,1928/12/130,1928 – 1928,2026-07-21
Incoming passenger list for MARELLA arriving Darwin 13 November 1928,9757702,A907,1928/12/129,1928 – 1928,2026-07-21
Incoming passenger list for MINDEROO arriving Geraldton 31 December 1928,9757701,A907,1928/12/128,1928 – 1928,2026-07-21
Incoming passenger list for CENTAUR arriving Broome 27 November 1928,9757700,A907,1928/12/127,1928 – 1928,2026-07-21
Incoming passenger list for ASCANIUS arriving Albany 3 December 1928,9757699,A907,1928/12/126,1928 – 1928,2026-07-21
Incoming passenger list for BALLARAT arriving Fremantle 26 December 1928,9757698,A907,1928/12/125,1928 – 1928,2026-07-21
Incoming passenger list for BERRIMA arriving Fremantle 31 December 1928,9757697,A907,1928/12/124,1928 – 1928,2026-07-21
Incoming passenger list for OSTERLEY arriving Fremantle 24 December 1928,9757696,A907,1928/12/123,1928 – 1928,2026-07-21
Incoming passenger list for RUNIC arriving Fremantle 19 December 1928,9757695,A907,1928/12/122,1928 – 1928,2026-07-21
Incoming passenger list for GASCOYNE arriving Fremantle 20 December 1928,9757694,A907,1928/12/121,1928 – 1928,2026-07-21
Incoming passenger list for NARKUNDA arriving Fremantle 18 December 1928,9757693,A907,1928/12/120,1928 – 1928,2026-07-21
Incoming passenger list for BENDIGO arriving Fremantle 14 December 1928,9757692,A907,1928/12/119,1928 – 1928,2026-07-21
Incoming passenger list for BALLARAT arriving Fremantle 26 December 1928,9757691,A907,1928/12/118,1928 – 1928,2026-07-21
Incoming passenger list for ORAMA arriving Fremantle 10 December 1928,9757690,A907,1928/12/117,1928 – 1928,2026-07-21
Incoming passenger list for CENTAUR arriving Fremantle 6 December 1928,9757689,A907,1928/12/116,1928 – 1928,2026-07-21
Incoming passenger list for COMORIN arriving Fremantle 4 December 1928,9757688,A907,1928/12/115,1928 – 1928,2026-07-21
Incoming passenger list for ORONSAY arriving Fremantle 1 December 1928,9757687,A907,1928/12/114,1928 – 1928,2026-07-21
Incoming passenger list for OSTERLEY arriving Adelaide 28 December 1928,9757686,A907,1928/12/113,1928 – 1928,2026-07-21
Incoming passenger list for RUNIC arriving Adelaide 26 December 1928,9757685,A907,1928/12/112,1928 – 1928,2026-07-21
Incoming passenger list for NARKUNDA arriving Adelaide 23 December 1928,9757684,A907,1928/12/111,1928 – 1928,2026-07-21
Incoming passenger list for BENDIGO arriving Adelaide 20 December 1928,9757683,A907,1928/12/110,1928 – 1928,2026-07-21
Incoming passenger list for MOSEL arriving Adelaide 19 December 1928,9757682,A907,1928/12/109,1928 – 1928,2026-07-21
Incoming passenger list for ORAMA arriving Adelaide 15 December 1928,9757681,A907,1928/12/108,1928 – 1928,2026-07-21
Incoming passenger list for COMORIN arriving Adelaide 8 December 1928,9757680,A907,1928/12/107,1928 – 1928,2026-07-21
Incoming passenger list for ASCANIUS arriving Adelaide 6 December 1928,9757679,A907,1928/12/106,1928 – 1928,2026-07-21
Incoming passenger list for MARAMA arriving Sydney 19 March 1929,9757978,A907,1929/3/28,1929 – 1929,2026-07-21
Incoming passenger list for MAUNGANUI arriving Sydney 19 March 1929,9757977,A907,1929/3/27,1929 – 1929,2026-07-21
Incoming passenger list for MORETON BAY arriving Sydney 18 March 1929,9757976,A907,1929/3/26,1929 – 1929,2026-07-21
Incoming passenger list for TAHITI arriving Sydney 15 March 1929,9757975,A907,1929/3/25,1929 – 1929,2026-07-21
Incoming passenger list for SAINT VINCENT DE PAUL arriving Sydney 16 March 1929,9757974,A907,1929/3/24,1929 – 1929,2026-07-21
Incoming passenger list for BENALLA arriving Sydney 16 March 1929,9757973,A907,1929/3/23,1929 – 1929,2026-07-21
Incoming passenger list for ORFORD arriving Sydney 14 March 1929,9757972,A907,1929/3/22,1929 – 1929,2026-07-21
Incoming passenger list for PORT ADELAIDE arriving Sydney 11 March 1929,9757971,A907,1929/3/21,1929 – 1929,2026-07-21
Incoming passenger list for WILSCOX arriving Sydney 18 March 1929,9757970,A907,1929/3/20,1929 – 1929,2026-07-21
Incoming passenger list for VENTURA arriving Sydney 14 March 1929,9757969,A907,1929/3/19,1929 – 1929,2026-07-21
Incoming passenger list for TRELISSICK arriving Sydney 13 March 1929,9757968,A907,1929/3/18,1929 – 1929,2026-07-21
Incoming passenger list for ULIMAROA arriving Sydney 12 March 1929,9757967,A907,1929/3/17,1929 – 1929,2026-07-21
Incoming passenger list for CERAMIC arriving Sydney 11 March 1929,9757966,A907,1929/3/16,1929 – 1929,2026-07-21
Incoming passenger list for KAGA MARU arriving Sydney 11 March 1929,9757965,A907,1929/3/15,1929 – 1929,2026-07-21
Incoming passenger list for MOERAKI arriving Sydney 11 March 1929,9757964,A907,1929/3/14,1929 – 1929,2026-07-21
Incoming passenger list for CEPHEE arriving Sydney 10 March 1929,9757963,A907,1929/3/13,1929 – 1929,2026-07-21
Incoming passenger list for NECKAR arriving Sydney 9 March 1929,9757962,A907,1929/3/12,1929 – 1929,2026-07-21
Incoming passenger list for SAINT JOSEPH arriving Sydney 8 March 1929,9757961,A907,1929/3/11,1929 – 1929,2026-07-21
Incoming passenger list for TASMAN arriving Sydney 8 March 1929,9757960,A907,1929/3/10,1929 – 1929,2026-07-21
Incoming passenger list for MONGOLIA arriving Sydney 7 March 1929,9757959,A907,1929/3/9,1929 – 1929,2026-07-21
Incoming passenger list for CHANGTE arriving Sydney 6 March 1929,9757958,A907,1929/3/8,1929 – 1929,2026-07-21
Incoming passenger list for MARSINA arriving Sydney 5 March 1929,9757957,A907,1929/3/7,1929 – 1929,2026-07-21
Incoming passenger list for MARAMA arriving Sydney 5 March 1929,9757956,A907,1929/3/6,1929 – 1929,2026-07-21
Incoming passenger list for MAUNGANUI arriving Sydney 5 March 1929,9757955,A907,1929/3/5,1929 – 1929,2026-07-21
Incoming passenger list for LARGS BAY arriving Sydney 4 March 1929,9757954,A907,1929/3/4,1929 – 1929,2026-07-21
Incoming passenger list for PORT BRISBANE arriving Sydney 2 March 1929,9757953,A907,1929/3/3,1929 – 1929,2026-07-21
Incoming passenger list for AORANGI arriving Sydney 1 March 1929,9757952,A907,1929/3/2,1929 – 1929,2026-07-21
Incoming passenger list for BORDA arriving Sydney 1 March 1929,9757951,A907,1929/3/1,1929 – 1929,2026-07-21
Incoming passenger list for PORT DUNEDIN arriving Hobart 4 February 1929,9757950,A907,1929/2/107,1929 – 1929,2026-07-21
Incoming passenger list for CENTAUR arriving Geraldton 4 February 1929,9757949,A907,1929/2/106,1929 – 1929,2026-07-21
Incoming passenger list for BOREN arriving Fremantle 22 February 1929,9757948,A907,1929/2/105,1929 – 1929,2026-07-21
Incoming passenger list for MONGOLIA arriving Fremantle 25 February 1929,9757947,A907,1929/2/104,1929 – 1929,2026-07-21
Incoming passenger list for LARGS BAY arriving Fremantle 22 February 1929,9757946,A907,1929/2/103,1929 – 1929,2026-07-21
Incoming passenger list for CEPHEE arriving Fremantle 25 February 1929,9757945,A907,1929/2/102,1929 – 1929,2026-07-21
Incoming passenger list for CENTAUR arriving 6 Fremantle February 1929,9757944,A907,1929/2/101,1929 – 1929,2026-07-21
Incoming passenger list for ORMONDE arriving Fremantle 19 February 1929,9757943,A907,1929/2/100,1929 – 1929,2026-07-21
Incoming passenger list for BORDA arriving Fremantle 15 February 1929,9757942,A907,1929/2/99,1929 – 1929,2026-07-21
Incoming passenger list for MARIA CRISTINA arriving Fremantle 16 February 1929,9757941,A907,1929/2/98,1929 – 1929,2026-07-21
Incoming passenger list for MALOJA arriving Fremantle 13 February 1929,9757940,A907,1929/2/97,1929 – 1929,2026-07-21
Incoming passenger list for NESTOR arriving Fremantle 11 February 1929,9757939,A907,1929/2/96,1929 – 1929,2026-07-21
Incoming passenger list for OTRANTO arriving Fremantle 5 February 1929,9757938,A907,1929/2/95,1929 – 1929,2026-07-21
Incoming passenger list for VILLE DE STRASBOURG arriving Fremantle 21 February 1929,9757937,A907,1929/2/94,1929 – 1929,2026-07-21
Incoming passenger list for LARGS BAY arriving Adelaide 27 February 1929,9757936,A907,1929/2/93,1929 – 1929,2026-07-21
Incoming passenger list for ORMONDE arriving Adelaide 23 February 1929,9757935,A907,1929/2/92,1929 – 1929,2026-07-21
Incoming passenger list for NECKAR arriving Adelaide 23 February 1929,9757934,A907,1929/2/91,1929 – 1929,2026-07-21
Incoming passenger list for BORDA arriving Adelaide 21 February 1929,9757933,A907,1929/2/90,1929 – 1929,2026-07-21
Incoming passenger list for MARIA CRISTINA arriving Adelaide 20 February 1929,9757932,A907,1929/2/89,1929 – 1929,2026-07-21
Incoming passenger list for NESTOR arriving Adelaide 18 February 1929,9757931,A907,1929/2/88,1929 – 1929,2026-07-21
Incoming passenger list for MALOJA arriving Adelaide 17 February 1929,9757930,A907,1929/2/87,1929 – 1929,2026-07-21
Incoming passenger list for OTRANTO arriving Adelaide 9 February 1929,9757929,A907,1929/2/86,1929 – 1929,2026-07-21
Incoming passenger list for CHITRAL arriving Adelaide 3 February 1929,9757928,A907,1929/2/85,1929 – 1929,2026-07-21
Incoming passenger list for ORIONIO arriving Thursday Island 24 February 1929,9757927,A907,1929/2/84,1929 – 1929,2026-07-21
Incoming passenger list for ARAFURA arriving Thursday Island 19 February 1929,9757926,A907,1929/2/83,1929 – 1929,2026-07-21
Incoming passenger list for ARAMIA arriving Thursday Island 14 February 1929,9757925,A907,1929/2/82,1929 – 1929,2026-07-21
Incoming passenger list for SOMERSET arriving Thursday Island 8 February 1929,9757924,A907,1929/2/81,1929 – 1929,2026-07-21
Incoming passenger list for AKI MARU arriving Thursday Island 4 February 1929,9757923,A907,1929/2/80,1929 – 1929,2026-07-21
Incoming passenger list for ARAFURA arriving Townsville 22 February 1929,9757922,A907,1929/2/79,1929 – 1929,2026-07-21
Incoming passenger list for MALABAR arriving Townsville 16 February 1929,9757921,A907,1929/2/78,1929 – 1929,2026-07-21
Incoming passenger list for MARSINA arriving Cairns 27 February 1929,9757920,A907,1929/2/77,1929 – 1929,2026-07-21
Incoming passenger list for CHANGTE arriving Cairns 28 February 1929,9757919,A907,1929/2/76,1929 – 1929,2026-07-21
Incoming passenger list for MONTORO arriving Cairns 4 February 1929,9757918,A907,1929/2/75,1929 – 1929,2026-07-21
Incoming passenger list for COPTIC arriving Brisbane 20 February 1929,9757917,A907,1929/2/74,1929 – 1929,2026-07-21
Incoming passenger list for MATARAM arriving Brisbane 21 February 1929,9757916,A907,1929/2/73,1929 – 1929,2026-07-21
Incoming passenger list for MALABAR arriving Brisbane 19 February 1929,9757915,A907,1929/2/72,1929 – 1929,2026-07-21
Incoming passenger list for OTRANTO arriving Brisbane 17 February 1929,9757914,A907,1929/2/71,1929 – 1929,2026-07-21
Incoming passenger list for BARRABOOL arriving Brisbane 15 February 1929,9757913,A907,1929/2/70,1929 – 1929,2026-07-21
Incoming passenger list for MIRRABOOKA arriving Brisbane 10 February 1929,9757912,A907,1929/2/69,1929 – 1929,2026-07-21
Incoming passenger list for AKI MARU arriving Brisbane 9 February 1929,9757911,A907,1929/2/68,1929 – 1929,2026-07-21
Incoming passenger list for MONTORO arriving Brisbane 8 February 1929,9757910,A907,1929/2/67,1929 – 1929,2026-07-21
Incoming passenger list for JERVIS BAY arriving Brisbane 7 February 1929,9757909,A907,1929/2/66,1929 – 1929,2026-07-21
Incoming passenger list for NIEUW HOLLAND arriving Brisbane 4 February 1929,9757908,A907,1929/2/65,1929 – 1929,2026-07-21
Incoming passenger list for ORVIETO arriving Brisbane 4 February 1929,9757907,A907,1929/2/64,1929 – 1929,2026-07-21
Incoming passenger list for ORMONDE arriving Melbourne 25 February 1929,9757906,A907,1929/2/63,1929 – 1929,2026-07-21
Incoming passenger list for MALABAR arriving Melbourne 25 February 1929,9757905,A907,1929/2/62,1929 – 1929,2026-07-21
Incoming passenger list for MARIA CRISTINA arriving Melbourne 23 February 1929,9757904,A907,1929/2/61,1929 – 1929,2026-07-21
Incoming passenger list for BORDA arriving Melbourne 25 February 1929,9757903,A907,1929/2/60,1929 – 1929,2026-07-21
Incoming passenger list for PORT BRISBANE arriving Melbourne 22 February 1929,9757902,A907,1929/2/59,1929 – 1929,2026-07-21
Incoming passenger list for REYNOLDS arriving Melbourne 21 February 1929,9757901,A907,1929/2/58,1929 – 1929,2026-07-21
Incoming passenger list for NESTOR arriving Melbourne 21 February 1929,9757900,A907,1929/2/57,1929 – 1929,2026-07-21
Incoming passenger list for MALOJA arriving Melbourne 20 February 1929,9757899,A907,1929/2/56,1929 – 1929,2026-07-21
Incoming passenger list for AKI MARU arriving Melbourne 18 February 1929,9757898,A907,1929/2/55,1929 – 1929,2026-07-21
Incoming passenger list for COPTIC arriving Melbourne 15 February 1929,9757897,A907,1929/2/54,1929 – 1929,2026-07-21
Incoming passenger list for MANUKA arriving Melbourne 15 February 1929,9757896,A907,1929/2/53,1929 – 1929,2026-07-21
Incoming passenger list for OTRANTO arriving Melbourne 11 February 1929,9757895,A907,1929/2/52,1929 – 1929,2026-07-21
Incoming passenger list for NIEUW HOLLAND arriving Melbourne 9 February 1929,9757894,A907,1929/2/51,1929 – 1929,2026-07-21
Incoming passenger list for INGA arriving Melbourne 7 February 1929,9757893,A907,1929/2/50,1929 – 1929,2026-07-21
Incoming passenger list for PORT GISBORNE arriving Melbourne 4 February 1929,9757892,A907,1929/2/49,1929 – 1929,2026-07-21
Incoming passenger list for CHITRAL arriving Melbourne 6 February 1929,9757891,A907,1929/2/48,1929 – 1929,2026-07-21
Incoming passenger list for BARRABOOL arriving Melbourne 4 February 1929,9757890,A907,1929/2/47,1929 – 1929,2026-07-21
Incoming passenger list for TAIPING arriving Melbourne 3 February 1929,9757889,A907,1929/2/46,1929 – 1929,2026-07-21
Incoming passenger list for CITY OF DALHART arriving Melbourne 1 February 1929,9757888,A907,1929/2/45,1929 – 1929,2026-07-21
Incoming passenger list for WONGANELLA arriving Port 16 Kembla February 1929,9757887,A907,1929/2/44,1929 – 1929,2026-07-21
Incoming passenger list for LORNASTON arriving Port Kembla 11 February 1929,9757886,A907,1929/2/43,1929 – 1929,2026-07-21
Incoming passenger list for NAURU CHIEF arriving Newcastle 26 February 1929,9757885,A907,1929/2/42,1929 – 1929,2026-07-21
Incoming passenger list for DANA arriving Newcastle 2 February 1929,9757884,A907,1929/2/41,1929 – 1929,2026-07-21
Incoming passenger list for COMMONDANT DESTREMAU arriving Newcastle 1 February 1929,9757883,A907,1929/2/40,1929 – 1929,2026-07-21
Incoming passenger list for TEIRESIAS arriving Sydney 21 February 1929,9757882,A907,1929/2/39,1929 – 1929,2026-07-21
Incoming passenger list for MALABAR arriving Sydney 21 February 1929,9757881,A907,1929/2/38,1929 – 1929,2026-07-21
Incoming passenger list for MALOJA arriving Sydney 23 February 1929,9757880,A907,1929/2/37,1929 – 1929,2026-07-21
Incoming passenger list for MATARAM arriving Sydney 23 February 1929,9757879,A907,1929/2/36,1929 – 1929,2026-07-21
Incoming passenger list for ORMONDE arriving Sydney 28 February 1929,9757878,A907,1929/2/35,1929 – 1929,2026-07-21
Incoming passenger list for MAKAMBO arriving Sydney 28 February 1929,9757877,A907,1929/2/34,1929 – 1929,2026-07-21
Incoming passenger list for ULIMAROA arriving Sydney 26 February 1929,9757876,A907,1929/2/33,1929 – 1929,2026-07-21
Incoming passenger list for MARIA CRISTINA arriving Sydney 26 February 1929,9757875,A907,1929/2/32,1929 – 1929,2026-07-21
Incoming passenger list for NESTOR arriving Sydney 25 February 1929,9757874,A907,1929/2/31,1929 – 1929,2026-07-21
Incoming passenger list for PORT BOWAN arriving Sydney 23 February 1929,9757873,A907,1929/2/30,1929 – 1929,2026-07-21
Incoming passenger list for HAURAKI arriving Sydney 23 February 1929,9757872,A907,1929/2/29,1929 – 1929,2026-07-21
Incoming passenger list for SONOMA arriving Sydney 21 February 1929,9757871,A907,1929/2/28,1929 – 1929,2026-07-21
Incoming passenger list for CITY OF CANBERRA arriving Sydney 21 February 1929,9757870,A907,1929/2/27,1929 – 1929,2026-07-21
Incoming passenger list for MARAMA arriving Sydney 19 February 1929,9757869,A907,1929/2/26,1929 – 1929,2026-07-21
Incoming passenger list for MAUNGANUI arriving Sydney 19 February 1929,9757868,A907,1929/2/25,1929 – 1929,2026-07-21
Incoming passenger list for MOERAKI arriving Sydney 18 February 1929,9757867,A907,1929/2/24,1929 – 1929,2026-07-21
Incoming passenger list for TARONGA arriving Sydney 17 February 1929,9757866,A907,1929/2/23,1929 – 1929,2026-07-21
Incoming passenger list for LA PEROUSE arriving Sydney 16 February 1929,9757865,A907,1929/2/22,1929 – 1929,2026-07-21
Incoming passenger list for MAKURA arriving Sydney 16 February 1929,9757864,A907,1929/2/21,1929 – 1929,2026-07-21
Incoming passenger list for MIRRABOOKA arriving Sydney 16 February 1929,9757863,A907,1929/2/20,1929 – 1929,2026-07-21
Incoming passenger list for OTRANTO arriving Sydney 14 February 1929,9757862,A907,1929/2/19,1929 – 1929,2026-07-21
Incoming passenger list for ODER arriving Sydney 14 February 1929,9757861,A907,1929/2/18,1929 – 1929,2026-07-21
Incoming passenger list for MAKAMBO arriving Sydney 13 February 1929,9757860,A907,1929/2/17,1929 – 1929,2026-07-21
Incoming passenger list for GIA LONG arriving Sydney 12 February 1929,9757859,A907,1929/2/16,1929 – 1929,2026-07-21
Incoming passenger list for ULIMAROA arriving Sydney 12 February 1929,9757858,A907,1929/2/15,1929 – 1929,2026-07-21
Incoming passenger list for AKI MARU arriving Sydney 11 February 1929,9757857,A907,1929/2/14,1929 – 1929,2026-07-21
Incoming passenger list for PORT GISBORNE arriving Sydney 11 February 1929,9757856,A907,1929/2/13,1929 – 1929,2026-07-21
Incoming passenger list for MONTORO arriving Sydney 10 February 1929,9757855,A907,1929/2/12,1929 – 1929,2026-07-21
Incoming passenger list for CHITRAL arriving Sydney 9 February 1929,9757854,A907,1929/2/11,1929 – 1929,2026-07-21
Incoming passenger list for NIEUW HOLLAND arriving Sydney 6 February 1929,9757852,A907,1929/2/9,1929 – 1929,2026-07-21
Incoming passenger list for MARAMA arriving Sydney 5 February 1929,9757851,A907,1929/2/8,1929 – 1929,2026-07-21
Incoming passenger list for MAUNGANUI arriving Sydney 5 February 1929,9757850,A907,1929/2/7,1929 – 1929,2026-07-21
Incoming passenger list for VILLE DE STRASBOURG arriving Sydney 4 February 1929,9757849,A907,1929/2/6,1929 – 1929,2026-07-21
Incoming passenger list for CAPRERA arriving Sydney 4 February 1929,9757848,A907,1929/2/5,1929 – 1929,2026-07-21
Incoming passenger list for SAINT JOSEPH arriving Sydney 3 February 1929,9757847,A907,1929/2/4,1929 – 1929,2026-07-21
Incoming passenger list for SAINT VINCENT DE PAUL arriving Sydney 3 February 1929,9757846,A907,1929/2/3,1929 – 1929,2026-07-21
Incoming passenger list for NIAGARA arriving Sydney 2 February 1929,9757845,A907,1929/2/2,1929 – 1929,2026-07-21
Incoming passenger list for JERVIS BAY arriving Sydney 1 February 1929,9757844,A907,1929/2/1,1929 – 1929,2026-07-21
Incoming passenger list for MARELLA arriving Darwin 13 January 1929,9757843,A907,1929/1/139,1929 – 1929,2026-07-21
Incoming passenger list for PORT HOBART arriving Hobart 14 January 1929,9757842,A907,1929/1/138,1929 – 1929,2026-07-21
Incoming passenger list for PORT HARDY arriving Hobart 10 December 1928,9757841,A907,1929/1/137,1928 – 1928,2026-07-21
Incoming passenger list for CENTAUR arriving Carnarvon 1 February 1929,9757840,A907,1929/1/136,1929 – 1929,2026-07-21
Incoming passenger list for MINDEROO arriving Port Hedland 27 December 1929,9757839,A907,1929/1/135,1929 – 1929,2026-07-21
Incoming passenger list for CENTAUR arriving Port Hedland 29 January 1929,9757838,A907,1929/1/134,1929 – 1929,2026-07-21
Incoming passenger list for EURIPIDES arriving Albany 1 January 1929,9757837,A907,1929/1/133,1929 – 1929,2026-07-21
Incoming passenger list for CENTAUR arriving Broome 28 January 1929,9757836,A907,1929/1/132,1929 – 1929,2026-07-21
Incoming passenger list for MINDEROO arriving Broome 25 December 1928,9757835,A907,1929/1/131,1928 – 1928,2026-07-21
Incoming passenger list for GASCOYNE arriving Broome 14 December 1928,9757834,A907,1929/1/130,1928 – 1928,2026-07-21
Incoming passenger list for CHITRAL arriving Fremantle 30 January 1929,9757833,A907,1929/1/129,1929 – 1929,2026-07-21
Incoming passenger list for [UNKNOWN SHIP] arriving Fremantle 22 January 1929,9757832,A907,1929/1/128,1929 – 1929,2026-07-21
Incoming passenger list for CAPRERA arriving Fremantle 23 January 1929,9757831,A907,1929/1/127,1929 – 1929,2026-07-21
Incoming passenger list for VILLE DE STRASBOURG arriving Fremantle 21 January 1929,9757830,A907,1929/1/126,1929 – 1929,2026-07-21
Incoming passenger list for JERVIS BAY arriving Fremantle 21 January 1929,9757829,A907,1929/1/125,1929 – 1929,2026-07-21
Incoming passenger list for WAIPA arriving Thursday Island 10 February 1930,9758280,A907,1930/2/76,1930 – 1930,2026-07-21
Incoming passenger list for VERA arriving Thursday Island 9 February 1930,9758279,A907,1930/2/75,1930 – 1930,2026-07-21
Incoming passenger list for AKI MARU arriving Thursday Island 3 February 1930,9758278,A907,1930/2/74,1930 – 1930,2026-07-21
Incoming passenger list for MORINDA arriving Cairns 10 February 1930,9758277,A907,1930/2/73,1930 – 1930,2026-07-21
Incoming passenger list for DEMOSTHENES arriving Brisbane 28 February 1930,9758276,A907,1930/2/72,1930 – 1930,2026-07-21
Incoming passenger list for BARRABOOL arriving Brisbane 24 February 1930,9758275,A907,1930/2/71,1930 – 1930,2026-07-21
Incoming passenger list for NELLORE arriving Brisbane 21 February 1930,9758274,A907,1930/2/70,1930 – 1930,2026-07-21
Incoming passenger list for MARELLA arriving Brisbane 21 February 1930,9758273,A907,1930/2/69,1930 – 1930,2026-07-21
Incoming passenger list for OTRANTO arriving Brisbane 17 February 1930,9758272,A907,1930/2/68,1930 – 1930,2026-07-21
Incoming passenger list for MORIINDA arriving Brisbane 14 February 1930,9758271,A907,1930/2/67,1930 – 1930,2026-07-21
Incoming passenger list for MORETON arriving Brisbane 10 February 1930,9758270,A907,1930/2/66,1930 – 1930,2026-07-21
Incoming passenger list for AKI MARU arriving Brisbane 8 February 1930,9758269,A907,1930/2/65,1930 – 1930,2026-07-21
Incoming passenger list for NESTOR arriving Brisbane 6 February 1930,9758268,A907,1930/2/64,1930 – 1930,2026-07-21
Incoming passenger list for ORVIETO arriving Brisbane 3 February 1930,9758267,A907,1930/2/63,1930 – 1930,2026-07-21
Incoming passenger list for TAIPING arriving Brisbane 2 February 1930,9758266,A907,1930/2/62,1930 – 1930,2026-07-21
Incoming passenger list for HOBSONS BAY arriving Melbourne 27 February 1930,9758265,A907,1930/2/61,1930 – 1930,2026-07-21
Incoming passenger list for ODER arriving Melbourne 27 February 1930,9758264,A907,1930/2/60,1930 – 1930,2026-07-21
Incoming passenger list for ORFORD arriving Melbourne 24 February 1930,9758263,A907,1930/2/59,1930 – 1930,2026-07-21
Incoming passenger list for CASSEL arriving Melbourne 21 February 1930,9758262,A907,1930/2/58,1930 – 1930,2026-07-21
Incoming passenger list for PORT CAROLINE arriving Melbourne 20 February 1930,9758261,A907,1930/2/57,1930 – 1930,2026-07-21
Incoming passenger list for YNGAREN arriving Melbourne 20 February 1930,9758260,A907,1930/2/56,1930 – 1930,2026-07-21
Incoming passenger list for ERIDAN arriving Melbourne 19 February 1930,9758259,A907,1930/2/55,1930 – 1930,2026-07-21
Incoming passenger list for DEMOSTHENES arriving Melbourne 19 February 1930,9758258,A907,1930/2/54,1930 – 1930,2026-07-21
Incoming passenger list for NALDERA arriving Melbourne 17 February 1930,9758257,A907,1930/2/53,1930 – 1930,2026-07-21
Incoming passenger list for AKI MARU arriving Melbourne 17 February 1930,9758256,A907,1930/2/52,1930 – 1930,2026-07-21
Incoming passenger list for MAHENO arriving Melbourne 15 February 1930,9758255,A907,1930/2/51,1930 – 1930,2026-07-21
Incoming passenger list for BARRABOOL arriving Melbourne 13 February 1930,9758254,A907,1930/2/50,1930 – 1930,2026-07-21
Incoming passenger list for OTRANTO arriving Melbourne 10 February 1930,9758253,A907,1930/2/49,1930 – 1930,2026-07-21
Incoming passenger list for CITTA DI GENOVA arriving Melbourne 10 February 1930,9758252,A907,1930/2/48,1930 – 1930,2026-07-21
Incoming passenger list for NIEUW HOLLAND arriving Melbourne 9 February 1930,9758251,A907,1930/2/47,1930 – 1930,2026-07-21
Incoming passenger list for MOSEL arriving Melbourne 7 February 1930,9758250,A907,1930/2/46,1930 – 1930,2026-07-21
Incoming passenger list for TAIPING arriving Melbourne 7 February 1930,9758249,A907,1930/2/45,1930 – 1930,2026-07-21
Incoming passenger list for COMORIN arriving Melbourne 3 February 1930,9758248,A907,1930/2/44,1930 – 1930,2026-07-21
Incoming passenger list for SAINT ALBANS arriving Melbourne 2 February 1930,9758247,A907,1930/2/43,1930 – 1930,2026-07-21
Incoming passenger list for QUERIMBA arriving Melbourne March 1930,9758246,A907,1930/2/42,1930 – 1930,2026-07-21
Incoming passenger list for SALTERSGATE arriving Port Kembla 22 February 1930,9758245,A907,1930/2/41,1930 – 1930,2026-07-21
Incoming passenger list for TALISMAN arriving Sydney 21 February 1930,9758244,A907,1930/2/40,1930 – 1930,2026-07-21
Incoming passenger list for CASSEL arriving Sydney 28 February 1930,9758243,A907,1930/2/39,1930 – 1930,2026-07-21
Incoming passenger list for PORT CAROLINE arriving Sydney 28 February 1930,9758242,A907,1930/2/38,1930 – 1930,2026-07-21
Incoming passenger list for ORFORD arriving Sydney 27 February 1930,9758241,A907,1930/2/37,1930 – 1930,2026-07-21
Incoming passenger list for ULIMAROA arriving Sydney 25 February 1930,9758240,A907,1930/2/36,1930 – 1930,2026-07-21
Incoming passenger list for DEMOSTHENES arriving Sydney 25 February 1930,9758239,A907,1930/2/35,1930 – 1930,2026-07-21
Incoming passenger list for MAKAMBO arriving Sydney 25 February 1930,9758238,A907,1930/2/34,1930 – 1930,2026-07-21
Incoming passenger list for NELLORE arriving Sydney 23 February 1930,9758237,A907,1930/2/33,1930 – 1930,2026-07-21
Incoming passenger list for MARELLA arriving Sydney 23 February 1930,9758236,A907,1930/2/32,1930 – 1930,2026-07-21
Incoming passenger list for ERIDAN arriving Sydney 22 February 1930,9758235,A907,1930/2/31,1930 – 1930,2026-07-21
Incoming passenger list for TRICOLOR arriving Sydney 20 February 1930,9758234,A907,1930/2/30,1930 – 1930,2026-07-21
Incoming passenger list for NALDERA arriving Sydney 20 February 1930,9758233,A907,1930/2/29,1930 – 1930,2026-07-21
Incoming passenger list for MARAMA arriving Sydney 19 February 1930,9758232,A907,1930/2/28,1930 – 1930,2026-07-21
Incoming passenger list for MAUNGANUI arriving Sydney 18 February 1930,9758231,A907,1930/2/27,1930 – 1930,2026-07-21
Incoming passenger list for MARSINA arriving Sydney 15 February 1930,9758230,A907,1930/2/26,1930 – 1930,2026-07-21
Incoming passenger list for BARRABOOL arriving Sydney 17 February 1930,9758229,A907,1930/2/25,1930 – 1930,2026-07-21
Incoming passenger list for MORINDA arriving Sydney 16 February 1930,9758228,A907,1930/2/24,1930 – 1930,2026-07-21
Incoming passenger list for TAHITI arriving Sydney 15 February 1930,9758227,A907,1930/2/23,1930 – 1930,2026-07-21
Incoming passenger list for PORT MELBOURNE arriving Sydney 14 February 1930,9758226,A907,1930/2/22,1930 – 1930,2026-07-21
Incoming passenger list for OTRANTO arriving Sydney 13 February 1930,9758225,A907,1930/2/21,1930 – 1930,2026-07-21
Incoming passenger list for CITTA DI GENOVA arriving Sydney 15 February 1930,9758224,A907,1930/2/20,1930 – 1930,2026-07-21
Incoming passenger list for SIERRA arriving Sydney 13 February 1930,9758223,A907,1930/2/19,1930 – 1930,2026-07-21
Incoming passenger list for ULIMAROA arriving Sydney 11 February 1930,9758222,A907,1930/2/18,1930 – 1930,2026-07-21
Incoming passenger list for AKI MARU arriving Sydney 10 February 1930,9758221,A907,1930/2/17,1930 – 1930,2026-07-21
Incoming passenger list for MOERAKI arriving Sydney 10 February 1930,9758220,A907,1930/2/16,1930 – 1930,2026-07-21
Incoming passenger list for MOSEL arriving Sydney 10 February 1930,9758219,A907,1930/2/15,1930 – 1930,2026-07-21
Incoming passenger list for LA PEROUSE arriving Sydney 9 February 1930,9758218,A907,1930/2/14,1930 – 1930,2026-07-21
Incoming passenger list for JOHN WILLIAMS arriving Sydney 8 February 1930,9758217,A907,1930/2/13,1930 – 1930,2026-07-21
Incoming passenger list for QUERIMBA arriving Sydney 8 February 1930,9758216,A907,1930/2/12,1930 – 1930,2026-07-21
Incoming passenger list for COMORIN arriving Sydney 6 February 1930,9758215,A907,1930/2/11,1930 – 1930,2026-07-21
Incoming passenger list for NIEUW HOLLAND arriving Sydney 6 February 1930,9758214,A907,1930/2/10,1930 – 1930,2026-07-21
Incoming passenger list for WICHITA arriving Sydney 6 February 1930,9758213,A907,1930/2/9,1930 – 1930,2026-07-21
Incoming passenger list for MAUNGANUI arriving Sydney 4 February 1930,9758212,A907,1930/2/8,1930 – 1930,2026-07-21
Incoming passenger list for TAIPING arriving Sydney 4 February 1930,9758211,A907,1930/2/7,1930 – 1930,2026-07-21
Incoming passenger list for MARAMA arriving Sydney 4 February 1930,9758210,A907,1930/2/6,1930 – 1930,2026-07-21
Incoming passenger list for PORT SAID MARU arriving Sydney 3 February 1930,9758209,A907,1930/2/5,1930 – 1930,2026-07-21
Incoming passenger list for MORETON BAY arriving Sydney 3 February 1930,9758208,A907,1930/2/4,1930 – 1930,2026-07-21
Incoming passenger list for RUNIC arriving Sydney 3 February 1930,9758207,A907,1930/2/3,1930 – 1930,2026-07-21
Incoming passenger list for GIA LONG arriving Sydney 2 February 1930,9758206,A907,1930/2/2,1930 – 1930,2026-07-21
Incoming passenger list for NIAGARA arriving Sydney 1 February 1930,9758205,A907,1930/2/1,1930 – 1930,2026-07-21
Incoming passenger list for ARAMIA arriving Thursday Island 28 January 1930,9758204,A907,1930/1/123,1930 – 1930,2026-07-21
Incoming passenger list for TANGO MARU arriving Thursday Island 6 January 1930,9758203,A907,1930/1/122,1930 – 1930,2026-07-21
Incoming passenger list for ARAMIA arriving Thursday Island 7 January 1930,9758202,A907,1930/1/121,1930 – 1930,2026-07-21
Incoming passenger list for CENTAUR arriving Port Hedland 18 January 1930,9758201,A907,1930/1/120,1930 – 1930,2026-07-21
Incoming passenger list for RUNIC arriving Albany 21 January 1930,9758200,A907,1930/1/119,1930 – 1930,2026-07-21
Incoming passenger list for TAIPING arriving Cairns 27 January 1930,9758199,A907,1930/1/118,1930 – 1930,2026-07-21
Incoming passenger list for MORINDA arriving Cairns 13 January 1930,9758198,A907,1930/1/117,1930 – 1930,2026-07-21
Incoming passenger list for NAURU CHIEF arriving Port Kembla 2 January 1930,9758197,A907,1930/1/116,1930 – 1930,2026-07-21
Incoming passenger list for TEMBERAIRE arriving Melbourne 26 January 1930,9758196,A907,1930/1/115,1930 – 1930,2026-07-21
Incoming passenger list for MORETON BAY arriving Melbourne 27January 1930,9758195,A907,1930/1/114,1930 – 1930,2026-07-21
Incoming passenger list for MINDEROO arriving Broome 28 December 1929,9758194,A907,1930/1/113,1929 – 1929,2026-07-21
Incoming passenger list for CENTAUR arriving Broome 19 December 1929,9758193,A907,1930/1/112,1929 – 1929,2026-07-21
Incoming passenger list for KOOLINDA arriving Geraldton 25 January 1930,9758192,A907,1930/1/111,1930 – 1930,2026-07-21
Incoming passenger list for MIINDEROO arriving Geraldton 4 January 1930,9758191,A907,1930/1/110,1930 – 1930,2026-07-21
Incoming passenger list for SAINT ALBANS arriving Townsville 21 January 1930,9758190,A907,1930/1/109,1930 – 1930,2026-07-21
Incoming passenger list for MALABAR arriving Townsville 18 January 1930,9758189,A907,1930/1/108,1930 – 1930,2026-07-21
Incoming passenger list for GASCOYNE arriving Carnarvon 3 February 1930,9758188,A907,1930/1/107,1930 – 1930,2026-07-21
Incoming passenger list for COMORIN arriving Fremantle 28 January 1930,9758187,A907,1930/1/106,1930 – 1930,2026-07-21
Incoming passenger list for KOOLINDA arriving Fremantle 28 January 1930,9758186,A907,1930/1/105,1930 – 1930,2026-07-21
Incoming passenger list for ORVIETO arriving Fremantle 21 January 1930,9758185,A907,1930/1/104,1930 – 1930,2026-07-21
Incoming passenger list for MORETON BAY arriving Fremantle 21 January 1930,9758184,A907,1930/1/103,1930 – 1930,2026-07-21
Incoming passenger list for QUERIMBA arriving Fremantle 22 January 1930,9758183,A907,1930/1/102,1930 – 1930,2026-07-21
Incoming passenger list for MALOJA arriving Fremantle 14 January 1930,9758182,A907,1930/1/101,1930 – 1930,2026-07-21
Incoming passenger list for NESTOR arriving Fremantle 14 January 1930,9758181,A907,1930/1/100,1930 – 1930,2026-07-21
Incoming passenger list for BARADINE arriving Fremantle 10 January 1930,9758180,A907,1930/1/99,1930 – 1930,2026-07-21
Incoming passenger list for ORSOVA arriving Fremantle 7 January 1930,9758179,A907,1930/1/98,1930 – 1930,2026-07-21
Incoming passenger list for MINDEROO arriving Fremantle 5 January 1930,9758178,A907,1930/1/97,1930 – 1930,2026-07-21
Incoming passenger list for LARGS BAY arriving Fremantle 31 December 1929,9758177,A907,1930/1/96,1929 – 1929,2026-07-21
Incoming passenger list for BENDIGO arriving Fremantle 2 December 1929,9758176,A907,1930/1/95,1929 – 1929,2026-07-21
Incoming passenger list for MOSEL arriving Adelaide 31 January 1930,9758175,A907,1930/1/94,1930 – 1930,2026-07-21
Incoming passenger list for QUERIMBA arriving Adelaide 27January 1930,9758174,A907,1930/1/93,1930 – 1930,2026-07-21
Incoming passenger list for MORETON BAY arriving Adelaide 27 January 1930,9758173,A907,1930/1/92,1930 – 1930,2026-07-21
Incoming passenger list for ORVIETO arriving Adelaide 25 January 1930,9758172,A907,1930/1/91,1930 – 1930,2026-07-21
Incoming passenger list for RUNIC arriving Adelaide 25 January 1930,9758171,A907,1930/1/90,1930 – 1930,2026-07-21
Incoming passenger list for NESTOR arriving Adelaide 20 January 1930,9758170,A907,1930/1/89,1930 – 1930,2026-07-21
Incoming passenger list for TEMERAIRE arriving Adelaide 20 January 1930,9758169,A907,1930/1/88,1930 – 1930,2026-07-21
Incoming passenger list for MALOJA arriving Adelaide 18 January 1930,9758168,A907,1930/1/87,1930 – 1930,2026-07-21
Incoming passenger list for PORT GISBORNE arriving Adelaide 17 January 1930,9758167,A907,1930/1/86,1930 – 1930,2026-07-21
Incoming passenger list for BARADINE arriving Adelaide 14 January 1930,9758166,A907,1930/1/85,1930 – 1930,2026-07-21
Incoming passenger list for ORSOVA arriving Adelaide 11 January 1930,9758165,A907,1930/1/84,1930 – 1930,2026-07-21
Incoming passenger list for LARGS BAY arriving Adelaide 2 January 1930,9758164,A907,1930/1/83,1930 – 1930,2026-07-21
Incoming passenger list for SCOTLAND MARU arriving Adelaide 4 January 1930,9758163,A907,1930/1/82,1930 – 1930,2026-07-21
Incoming passenger list for CHITRAL arriving Adelaide 4 January 1930,9758162,A907,1930/1/81,1930 – 1930,2026-07-21
Incoming passenger list for COMMISSAIRE RAMEL arriving Adelaide 1 January 1930,9758161,A907,1930/1/80,1930 – 1930,2026-07-21
Incoming passenger list for NECKAR arriving Adelaide 26 January 1930,9758160,A907,1930/1/79,1929 – 1930,2026-07-21
Incoming passenger list for SAINT ALBANS arriving Brisbane 24 January 1930,9758159,A907,1930/1/78,1930 – 1930,2026-07-21
Incoming passenger list for NEW ORLEANS arriving Brisbane 23 January 1930,9758158,A907,1930/1/77,1930 – 1930,2026-07-21
Incoming passenger list for MALABAR arriving Brisbane 21 January 1930,9758157,A907,1930/1/76,1930 – 1930,2026-07-21
Incoming passenger list for ORSOVA arriving Brisbane 20 January 1930,9758156,A907,1930/1/75,1930 – 1930,2026-07-21
Incoming passenger list for MATARAM arriving Brisbane 19 January 1930,9758155,A907,1930/1/74,1930 – 1930,2026-07-21
Incoming passenger list for MORINDA arriving Brisbane 16 January 1930,9758154,A907,1930/1/73,1930 – 1930,2026-07-21
Incoming passenger list for LARGS BAY arriving Brisbane 13 January 1930,9758153,A907,1930/1/72,1930 – 1930,2026-07-21
Incoming passenger list for TANGO MARU arriving Brisbane 11 January 1930,9758152,A907,1930/1/71,1930 – 1930,2026-07-21
Incoming passenger list for EURIPIDES arriving Brisbane 8 January 1930,9758151,A907,1930/1/70,1930 – 1930,2026-07-21
Incoming passenger list for ORMONDE arriving Brisbane 6 January 1930,9758150,A907,1930/1/69,1930 – 1930,2026-07-21
Incoming passenger list for PORT GISBORNEarriving Brisbane 5 January 1930,9758149,A907,1930/1/68,1930 – 1930,2026-07-21
Incoming passenger list for TASMAN arriving Brisbane 2 January 1930,9758148,A907,1930/1/67,1930 – 1930,2026-07-21
Incoming passenger list for CHANGTE arriving Brisbane 2 January 1930,9758147,A907,1930/1/66,1930 – 1930,2026-07-21
Incoming passenger list for RUNIC arriving Melbourne 29 January 1930,9758146,A907,1930/1/65,1930 – 1930,2026-07-21
Incoming passenger list for MORETON BAY arriving Melbourne 29 January 1930,9758145,A907,1930/1/64,1930 – 1930,2026-07-21
Incoming passenger list for ORVIETO arriving Melbourne 27 January 1930,9758144,A907,1930/1/63,1930 – 1930,2026-07-21
Incoming passenger list for MALABAR arriving Melbourne 27 January 1930,9758143,A907,1930/1/62,1930 – 1930,2026-07-21
Incoming passenger list for MAHENO arriving Melbourne 24 January 1930,9758142,A907,1930/1/61,1930 – 1930,2026-07-21
Incoming passenger list for NESTOR arriving Melbourne 22 January 1930,9758141,A907,1930/1/60,1930 – 1930,2026-07-21
Incoming passenger list for PORT ALMA arriving Melbourne 20 January 1930,9758140,A907,1930/1/59,1930 – 1930,2026-07-21
Incoming passenger list for TANGO MARU arriving Melbourne 20 January 1930,9758139,A907,1930/1/58,1930 – 1930,2026-07-21
Incoming passenger list for MALOJA arriving Melbourne 20 January 1930,9758138,A907,1930/1/57,1930 – 1930,2026-07-21
Incoming passenger list for BARADINE arriving Melbourne 17 January 1930,9758137,A907,1930/1/56,1930 – 1930,2026-07-21
Incoming passenger list for CABARITA arriving Melbourne 13 January 1930,9758136,A907,1930/1/55,1930 – 1930,2026-07-21
Incoming passenger list for ORSOVA arriving Melbourne 13 January 1930,9758135,A907,1930/1/54,1930 – 1930,2026-07-21
Incoming passenger list for PORT FREMANTLE arriving Melbourne 12 January 1930,9758134,A907,1930/1/53,1930 – 1930,2026-07-21
Incoming passenger list for CHANGTE arriving Melbourne 9 January 1930,9758133,A907,1930/1/52,1930 – 1930,2026-07-21
Incoming passenger list for TASMAN arriving Melbourne 9 January 1930,9758132,A907,1930/1/51,1930 – 1930,2026-07-21
Incoming passenger list for CHITRAL arriving Melbourne 6 January 1930,9758131,A907,1930/1/50,1930 – 1930,2026-07-21
"Lukenda, Jakov - admission file, enquiry re admission of brother",7168253,D400,SA1956/4449,1956 – 1960,2026-07-21
CANDIDA [CONDIDA] Maria Louise - land transfer - also CANDIDA Nicholas [Nicole] [Nicola] - naturalization and investigation case records,889854,D1915,SA13434,1931 – 1952,2026-07-21
YEE Sang Fong,6946450,A6980,S203159,1950 – 1969,2026-07-21
Umbakumba,1770088,E1508,4/1570,1977 – 1983,2026-07-21
Applicant - HUGHES Geoffrey Wesley : Born - 4 April 1916 : Place of Birth - London : Application for - Campaign Stars and War Medal : Date of Application - 27 June 1951,9808530,A11794,HUGHES G W,1951 – 1951,2026-07-21
"[FLANDERS Edward Charles (Warrant Officer) : Service Number - A14109 : Unit - Base Squadron, Butterworth, Royal Australian Air Force : Date of Court Martial - 23 December 1974]",9805943,A471,94313,1974 – 1974,2026-07-21
WHYTE Reginald Cecil - Service Number - 2829,8111155,CP979/2,1578,1920 – 1920,2026-07-21
"Cafra, S",800209,A439,1951/11/6248,1946 – 1964,2026-07-21
Applicant - CREGAN Pearl; Nominee - CYNCYNATUS Jakob; nationality Polish,7877012,A261,1947/579,1947 – 1947,2026-07-21
Applicant - PIVAC Mate; Nominee - PIVAC Marin; nationality Yugoslavian,7603137,A261,1926/1648,1926 – 1926,2026-07-21
CONSTANS Paul born 8 February 1902; Carmen aged 31; Jean Paul aged 4; nationality French; travelled per ship POLYNESIEN arriving in Sydney on 15 August 1943,7118923,A12508,20/458,1943 – 1943,2026-07-21
Diplomatic representatives in Australia - Union of Soviet Socialist Republics - Re-establishment of Diplomatic Missions with Soviet Union,526221,A1838,1500/1/3/28 PART 1,1955 – 1956,2026-07-21
NAWROCKI Wladyslaw born 9 March 1921; Paulina born 10 February 1925,4951616,A12019,R92-R93,1950 – 1950,2026-07-21
TASZEK Alicia born 3 June 1932,4295938,A11711,R66,1949 – 1949,2026-07-21
AUTHOR Robert Dreyer : ADDRESS Sydney : TITLE OF WORK Trade Cheques : TYPE OF WORK Literary : APPLICANT Robert Dreyer : DATE OF APPLICATION 16 Oct 1924 : DATE COPYRIGHT REGISTERED Not Registered : WORK ENCLOSED? Yes,3465522,A1336,13034,1924 – 1924,2026-07-21
"Solien, N",24466630,A9238,1981/1222,1981 – 1981,2026-07-21
Defence Committee Agenda - proposed abandonment of the Acetate of Lime Factory,239103,A5799,10/1934,1934 – 1934,2026-07-21
Income tax - Deductions and exemptions - Melba memorial sound shell appeal [4 pages],1949191,A461,AH344/3/5,1950 – 1950,2026-07-21
Whaling and Sealing - Australia Documents and Spares,182915,A981,WHA 3,1931 – 1936,2026-07-21
GRUBER Erwin born 4 September 1934; Hedwig (nee Smelzenbart) born 21 March 1935; Christine born 17 June 1954 - Austrian - travelled per FLAMINIA under Australian Austrian Assisted Scheme,1425345,A2478,GRUBER E,1956 – 1956,2026-07-21
HOFFMANN Klaus born 7 April 1930 - German - travelled per ship NELLY departing in 1952 under Australian German Assisted Passage Scheme,1423895,A2478,HOFFMANN K,1952 – 1952,2026-07-21
ENGELHARDT Hans Joachim born 10 July 1943 - German -  travelled per KLM Flight departing in 1960 under Australian German Assisted Passage Scheme,1243381,A2478,ENGELHARDT H J,1952 – 1965,2026-07-21
Incoming passenger list for MORINDA arriving Brisbane 17 November 1928,9757528,A907,1928/11/77,1928 – 1928,2026-07-21
Incoming passenger list for THEMISTOCLES arriving Brisbane 12 November 1928,9757527,A907,1928/11/76,1928 – 1928,2026-07-21
Incoming passenger list for OROMONDE arriving Brisbane 12 November 1928,9757526,A907,1928/11/75,1928 – 1928,2026-07-21
Incoming passenger list for AKI MARU arriving Brisbane 10 November 1928,9757525,A907,1928/11/74,1928 – 1928,2026-07-21
Incoming passenger list for TOURCOING arriving Brisbane 9 November 1928,9757524,A907,1928/11/73,1928 – 1928,2026-07-21
Incoming passenger list for LARGS BAY arriving Brisbane 5 November 1928,9757523,A907,1928/11/72,1928 – 1928,2026-07-21
Incoming passenger list for PORT NICHOLSON arriving Brisbane 5 November 1928,9757522,A907,1928/11/71,1928 – 1928,2026-07-21
Incoming passenger list for NIEUW ZEELAND arriving Brisbane 3 November 1928,9757521,A907,1928/11/70,1928 – 1928,2026-07-21
Incoming passenger list for CHANGTE arriving Brisbane 2 November 1928,9757520,A907,1928/11/69,1928 – 1928,2026-07-21
Incoming passenger list for PORT DENISON arriving Melbourne 23 November 1928,9757519,A907,1928/11/68,1928 – 1928,2026-07-21
Incoming passenger list for MARELLA arriving Melbourne 28 November 1928,9757518,A907,1928/11/67,1928 – 1928,2026-07-21
Incoming passenger list for CITTA DI GENOVA arriving Melbourne 28 November 1928,9757517,A907,1928/11/66,1928 – 1928,2026-07-21
Incoming passenger list for WONGANELLA arriving Melbourne 23 November 1928,9757516,A907,1928/11/65,1928 – 1928,2026-07-21
Incoming passenger list for VEDIC arriving Melbourne 23 November 1928,9757515,A907,1928/11/64,1928 – 1928,2026-07-21
Incoming passenger list for MANUKA arriving Melbourne 22 November 1928,9757514,A907,1928/11/63,1928 – 1928,2026-07-21
Incoming passenger list for ORFORD arriving Melbourne 19 November 1928,9757513,A907,1928/11/62,1928 – 1928,2026-07-21
Incoming passenger list for AKI MARU arriving Melbourne 18 November 1928,9757512,A907,1928/11/61,1928 – 1928,2026-07-21
Incoming passenger list for MONGOLIA arriving Melbourne 12 November 1928,9757511,A907,1928/11/60,1928 – 1928,2026-07-21
Incoming passenger list for COMMISSAIRE RAMEL arriving Melbourne 10 November 1928,9757510,A907,1928/11/59,1928 – 1928,2026-07-21
Incoming passenger list for ANCHISES arriving Melbourne 12 November 1928,9757509,A907,1928/11/58,1928 – 1928,2026-07-21
Incoming passenger list for ESSEN arriving Melbourne 10 November 1928,9757508,A907,1928/11/57,1928 – 1928,2026-07-21
Incoming passenger list for NIEUW ZEELAND arriving Melbourne 8 November 1928,9757507,A907,1928/11/56,1928 – 1928,2026-07-21
Incoming passenger list for CHANGTE arriving Melbourne 8 November 1928,9757506,A907,1928/11/55,1928 – 1928,2026-07-21
Incoming passenger list for ORMONDE arriving Melbourne 5 November 1928,9757505,A907,1928/11/54,1928 – 1928,2026-07-21
Incoming passenger list for PORT SYDNEY arriving Melbourne 5 November 1928,9757504,A907,1928/11/53,1928 – 1928,2026-07-21
Incoming passenger list for ALSTER arriving Melbourne 2 November 1928,9757503,A907,1928/11/52,1928 – 1928,2026-07-21
Incoming passenger list for PORT AUCKLAND arriving Melbourne 6 October 1928,9757502,A907,1928/11/51,1928 – 1928,2026-07-21
Incoming passenger list for CERAMIC arriving Melbourne 12 October 1928,9757501,A907,1928/11/50,1928 – 1928,2026-07-21
Incoming passenger list for TRIANON arriving Melbourne 28 September 1928,9757500,A907,1928/11/49,1928 – 1928,2026-07-21
Incoming passenger list for PORT CAMPBELL arriving Melbourne 21 September 1928,9757499,A907,1928/11/48,1928 – 1928,2026-07-21
Incoming passenger list for JERVIS BAY arriving Melbourne 24 September November 1928,9757498,A907,1928/11/47,1928 – 1928,2026-07-21
Incoming passenger list for ORSOVA arriving Melbourne 27 September 1928,9757497,A907,1928/11/46,1928 – 1928,2026-07-21
Incoming passenger list for MORUS arriving Port Kembla 17 November 1928,9757496,A907,1928/11/45,1928 – 1928,2026-07-21
Incoming passenger list for QUEEN OLGA arriving Newcastle 20 November 1928,9757495,A907,1928/11/44,1928 – 1928,2026-07-21
Incoming passenger list for WONGANELLA arriving Newcastle 19 November 1928,9757494,A907,1928/11/43,1928 – 1928,2026-07-21
Incoming passenger list for SAINT VINCENT DE PAUL arriving Sydney 30 November 1928,9757493,A907,1928/11/42,1928 – 1928,2026-07-21
Incoming passenger list for MOLDAVIA arriving Sydney 30 November 1928,9757492,A907,1928/11/41,1928 – 1928,2026-07-21
Incoming passenger list for SIERRA arriving Sydney 29 November 1928,9757491,A907,1928/11/40,1928 – 1928,2026-07-21
Incoming passenger list for VEDIC arriving Sydney 28 November 1928,9757490,A907,1928/11/39,1928 – 1928,2026-07-21
Incoming passenger list for ARAFURA arriving Sydney 28 November 1928,9757489,A907,1928/11/38,1928 – 1928,2026-07-21
Incoming passenger list for MOERAKI arriving Sydney 27 November 1928,9757488,A907,1928/11/37,1928 – 1928,2026-07-21
Incoming passenger list for MARAMA arriving Sydney 27 November 1928,9757487,A907,1928/11/36,1928 – 1928,2026-07-21
Incoming passenger list for TAHITI arriving Sydney 27 November 1928,9757486,A907,1928/11/35,1928 – 1928,2026-07-21
Incoming passenger list for MARELLA arriving Sydney 24 November 1928,9757485,A907,1928/11/34,1928 – 1928,2026-07-21
Incoming passenger list for MAUNGANUI arriving Sydney 24 November 1928,9757484,A907,1928/11/33,1928 – 1928,2026-07-21
Incoming passenger list for ORFORD arriving Sydney 22 November 1928,9757483,A907,1928/11/32,1928 – 1928,2026-07-21
Incoming passenger list for MAKAMBO arriving Sydney 21 November 1928,9757482,A907,1928/11/31,1928 – 1928,2026-07-21
Incoming passenger list for ULIMAROA g Sydney 20 November 1928,9757481,A907,1928/11/30,1928 – 1928,2026-07-21
Incoming passenger list for LA PEROUSE arriving Sydney 19 November 1928,9757480,A907,1928/11/29,1928 – 1928,2026-07-21
Incoming passenger list for MORINDA arriving Sydney 19 November 1928,9757479,A907,1928/11/28,1928 – 1928,2026-07-21
Incoming passenger list for ANCHISES arriving Sydney 18 November 1928,9757478,A907,1928/11/27,1928 – 1928,2026-07-21
Incoming passenger list for ALSTER arriving Sydney 16 November 1928,9757477,A907,1928/11/26,1928 – 1928,2026-07-21
Incoming passenger list for MONTORO arriving Sydney 16 November 1928,9757476,A907,1928/11/25,1928 – 1928,2026-07-21
Incoming passenger list for MONGOLIA arriving Sydney 16 November 1928,9757475,A907,1928/11/24,1928 – 1928,2026-07-21
Incoming passenger list for TALLEYRAND arriving Sydney 15 November 1928,9757474,A907,1928/11/23,1928 – 1928,2026-07-21
Incoming passenger list for COMMISSAIRE RAMEL arriving Sydney 15 November 1928,9757473,A907,1928/11/22,1928 – 1928,2026-07-21
Incoming passenger list for THEMISTOCLES arriving Sydney 5 November 1928,9757472,A907,1928/11/21,1928 – 1928,2026-07-21
Incoming passenger list for BALRANALD arriving Sydney 4 November 1928,9757471,A907,1928/11/20,1928 – 1928,2026-07-21
Incoming passenger list for NIEUW ZEELAND arriving Sydney 5 November 1928,9757470,A907,1928/11/19,1928 – 1928,2026-07-21
Incoming passenger list for MAKAMBO arriving Sydney 5 November 1928,9757469,A907,1928/11/18,1928 – 1928,2026-07-21
Incoming passenger list for SAINT VINCENT DE PAUL arriving Sydney 5 November 1928,9757468,A907,1928/11/17,1928 – 1928,2026-07-21
Incoming passenger list for TANCRED arriving Sydney 5 November 1928,9757467,A907,1928/11/16,1928 – 1928,2026-07-21
Incoming passenger list for ULIMAROA arriving Sydney 6 November 1928,9757466,A907,1928/11/15,1928 – 1928,2026-07-21
Incoming passenger list for ORMONDE arriving Sydney 8 November 1928,9757465,A907,1928/11/14,1928 – 1928,2026-07-21
Incoming passenger list for RONA arriving Sydney 8 November 1928,9757464,A907,1928/11/13,1928 – 1928,2026-07-21
Incoming passenger list for AORANGI arriving Sydney 10 November 1928,9757463,A907,1928/11/12,1928 – 1928,2026-07-21
Incoming passenger list for RHEXENOR arriving Sydney 11 November 1928,9757462,A907,1928/11/11,1928 – 1928,2026-07-21
Incoming passenger list for AKI MARU arriving Sydney 12 November 1928,9757461,A907,1928/11/10,1928 – 1928,2026-07-21
Incoming passenger list for MORETON BAY arriving Sydney 12 November 1928,9757460,A907,1928/11/9,1928 – 1928,2026-07-21
Incoming passenger list for SYDNEY arriving Sydney 12 November 1928,9757459,A907,1928/11/8,1928 – 1928,2026-07-21
Incoming passenger list for MAHENO arriving Sydney 13 November 1928,9757458,A907,1928/11/7,1928 – 1928,2026-07-21
Incoming passenger list for MARAMA arriving Sydney 13 November 1928,9757457,A907,1928/11/6,1928 – 1928,2026-07-21
Incoming passenger list for CHANGTE arriving Sydney 4 November 1928,9757456,A907,1928/11/5,1928 – 1928,2026-07-21
Incoming passenger list for MALOJA arriving Sydney 2 November 1928,9757455,A907,1928/11/4,1928 – 1928,2026-07-21
Incoming passenger list for EKNAREN arriving Sydney 2 November 1928,9757454,A907,1928/11/3,1928 – 1928,2026-07-21
Incoming passenger list for VENTURA arriving Sydney 8 November 1928,9757453,A907,1928/11/2,1928 – 1928,2026-07-21
Incoming passenger list for MOERAKI arriving Sydney 5 November 1928,9757452,A907,1928/11/1,1928 – 1928,2026-07-21
Incoming passenger list for SAINT ALBANS arriving Sydney 21 October 1928,9757451,A907,1928/10/132,1928 – 1928,2026-07-21
Incoming passenger list for GASCOYNE arriving Port Hedland 28 October 1928,9757450,A907,1928/10/131,1928 – 1928,2026-07-21
Incoming passenger list for CENTAUR arriving Broome 28 September 1928,9757449,A907,1928/10/130,1928 – 1928,2026-07-21
Incoming passenger list for THERMISTOCLES arriving Albany 25 October 1928,9757448,A907,1928/10/129,1928 – 1928,2026-07-21
Incoming passenger list for ULYSSES arriving Albany 8 October 1928,9757447,A907,1928/10/128,1928 – 1928,2026-07-21
Incoming passenger list for ORVIETO arriving Albany 3 October 1928,9757446,A907,1928/10/127,1928 – 1928,2026-07-21
Incoming passenger list for BELTANA arriving Albany 1 October 1928,9757445,A907,1928/10/126,1928 – 1928,2026-07-21
Incoming passenger list for MOOLTAN arriving Fremantle 25 September 1928,9757444,A907,1928/10/125,1928 – 1928,2026-07-21
Incoming passenger list for VILLE D'ALIENS arriving Fremantle 1 October 1928,9757443,A907,1928/10/124,1928 – 1928,2026-07-21
Incoming passenger list for ORMONDE arriving Fremantle 30 October 1928,9757442,A907,1928/10/123,1928 – 1928,2026-07-21
Incoming passenger list for NALGORA arriving Fremantle 26 October 1928,9757441,A907,1928/10/122,1928 – 1928,2026-07-21
Incoming passenger list for MALOJA arriving Fremantle 23 October 1928,9757440,A907,1928/10/121,1928 – 1928,2026-07-21
Incoming passenger list for BALRANALD arriving Fremantle 19 October 1928,9757439,A907,1928/10/120,1928 – 1928,2026-07-21
Incoming passenger list for LARGS BAY arriving Fremantle 18 October 1928,9757438,A907,1928/10/119,1928 – 1928,2026-07-21
Incoming passenger list for OTRANTO arriving Fremantle 16 October 1928,9757437,A907,1928/10/118,1928 – 1928,2026-07-21
Incoming passenger list for CHITRAL arriving Fremantle 9 October 1928,9757436,A907,1928/10/117,1928 – 1928,2026-07-21
Incoming passenger list for CENTAUR arriving Fremantle 6 October 1928,9757435,A907,1928/10/116,1928 – 1928,2026-07-21
Incoming passenger list for ORVIETO arriving Fremantle 2 October 1928,9757434,A907,1928/10/115,1928 – 1928,2026-07-21
Incoming passenger list for TANCRED arriving Adelaide 29 October 1928,9757433,A907,1928/10/114,1928 – 1928,2026-07-21
Incoming passenger list for MALOJA arriving Adelaide 27 October 1928,9757432,A907,1928/10/113,1928 – 1928,2026-07-21
Incoming passenger list for LARGS BAY arriving Adelaide 23 October 1928,9757430,A907,1928/10/111,1928 – 1928,2026-07-21
Incoming passenger list for OTRANTO arriving Adelaide 22 October 1928,9757429,A907,1928/10/110,1928 – 1928,2026-07-21
Incoming passenger list for CHITRAL arriving Adelaide 13 October 1928,9757428,A907,1928/10/109,1928 – 1928,2026-07-21
Incoming passenger list for NIRPURA arriving Adelaide 13 October 1928,9757427,A907,1928/10/108,1928 – 1928,2026-07-21
Incoming passenger list for ULYSSES arriving Adelaide 12 October 1928,9757426,A907,1928/10/107,1928 – 1928,2026-07-21
Incoming passenger list for BELTANA arriving Adelaide 9 October 1928,9757425,A907,1928/10/106,1928 – 1928,2026-07-21
Incoming passenger list for ORVIETO arriving Adelaide 8 October 1928,9757424,A907,1928/10/105,1928 – 1928,2026-07-21
Incoming passenger list for ORAMA arriving Adelaide 16 October 1928,9757423,A907,1928/10/104,1928 – 1928,2026-07-21
Incoming passenger list for MOOLTAN arriving Adelaide 29 September 1928,9757422,A907,1928/10/103,1928 – 1928,2026-07-21
Incoming passenger list for ORSOVA arriving Adelaide  27 September 1928,9757421,A907,1928/10/102,1928 – 1928,2026-07-21
Incoming passenger list for CERAMIC arriving Adelaide  30 October 1928,9757420,A907,1928/10/101,1928 – 1928,2026-07-21
Incoming passenger list for BENALLA arriving Adelaide 22 October 1928,9757419,A907,1928/10/100,1928 – 1928,2026-07-21
Incoming passenger list for SAINT ALBANS arriving Townsville 16 October 1928,9757418,A907,1928/10/99,1928 – 1928,2026-07-21
Incoming passenger list for CHANGTE arriving Townsville 30 October 1928,9757417,A907,1928/10/98,1928 – 1928,2026-07-21
Incoming passenger list for MALABAR arriving Darwin 13 October 1928,9757416,A907,1928/10/97,1928 – 1928,2026-07-21
Incoming passenger list for CHANGTE arriving Cairns 30 October 1928,9757415,A907,1928/10/96,1928 – 1928,2026-07-21
Incoming passenger list for SAINT ALBANS arriving Cairns 16 October 1928,9757414,A907,1928/10/95,1928 – 1928,2026-07-21
Incoming passenger list for MORINDA arriving Cairns 13 October 1928,9757413,A907,1928/10/94,1928 – 1928,2026-07-21
Incoming passenger list for ULYSSES arriving Brisbane 31 October 1928,9757412,A907,1928/10/93,1928 – 1928,2026-07-21
Incoming passenger list for OTRANTO arriving Brisbane 29 October 1928,9757411,A907,1928/10/92,1928 – 1928,2026-07-21
Incoming passenger list for NECKAR arriving Brisbane 25 October 1928,9757410,A907,1928/10/91,1928 – 1928,2026-07-21
Incoming passenger list for EKNAREN arriving Brisbane 23 October 1928,9757409,A907,1928/10/90,1928 – 1928,2026-07-21
Incoming passenger list for MALABAR arriving Brisbane 22 October 1928,9757408,A907,1928/10/89,1928 – 1928,2026-07-21
Incoming passenger list for SAINT ALBANS arriving Brisbane 19 October 1928,9757407,A907,1928/10/88,1928 – 1928,2026-07-21
Incoming passenger list for MATARAM arriving Brisbane 18 October 1928,9757406,A907,1928/10/87,1928 – 1928,2026-07-21
Incoming passenger list for ORVIETO arriving Brisbane 18 October 1928,9757405,A907,1928/10/86,1928 – 1928,2026-07-21
Incoming passenger list for MORINDA arriving Brisbane 16 October 1928,9757404,A907,1928/10/85,1928 – 1928,2026-07-21
Incoming passenger list for PORT HUNTER arriving Brisbane 15 October 1928,9757403,A907,1928/10/84,1928 – 1928,2026-07-21
Incoming passenger list for CROWN CITY arriving Brisbane 8 October 1928,9757402,A907,1928/10/83,1928 – 1928,2026-07-21
Incoming passenger list for JERVIS BAY arriving Brisbane 8 October 1928,9757401,A907,1928/10/82,1928 – 1928,2026-07-21
Incoming passenger list for TANGO MARU arriving Brisbane 7 October 1928,9757400,A907,1928/10/81,1928 – 1928,2026-07-21
Incoming passenger list for ORSOVA arriving Brisbane 3 October 1928,9757399,A907,1928/10/80,1928 – 1928,2026-07-21
Incoming passenger list for NIEUW HOLLAND arriving Brisbane 3 October 1928,9757398,A907,1928/10/79,1928 – 1928,2026-07-21
Incoming passenger list for TAIPING arriving Brisbane 30 September 1928,9757397,A907,1928/10/78,1928 – 1928,2026-07-21
Incoming passenger list for MANUKA arriving Melbourne 31 October 1928,9757396,A907,1928/10/77,1928 – 1928,2026-07-21
Incoming passenger list for THEMISTOCLES arriving Melbourne 31 October 1928,9757395,A907,1928/10/76,1928 – 1928,2026-07-21
Incoming passenger list for SAINT ALBANS arriving Melbourne 29 October 1928,9757394,A907,1928/10/75,1928 – 1928,2026-07-21
Incoming passenger list for MALABAR arriving Melbourne 29 October 1928,9757393,A907,1928/10/74,1928 – 1928,2026-07-21
Incoming passenger list for MALOJA arriving Melbourne 29 October 1928,9757392,A907,1928/10/73,1928 – 1928,2026-07-21
Incoming passenger list for BALRANALD arriving Melbourne 29 October 1928,9757391,A907,1928/10/72,1928 – 1928,2026-07-21
Incoming passenger list for LARGS BAY arriving Melbourne 28 October 1928,9757390,A907,1928/10/71,1928 – 1928,2026-07-21
Incoming passenger list for OTRANTO arriving Melbourne 22 October 1928,9757389,A907,1928/10/70,1928 – 1928,2026-07-21
Incoming passenger list for PORT NICHOLSON arriving Melbourne 20 October 1928,9757388,A907,1928/10/69,1928 – 1928,2026-07-21
Incoming passenger list for SIRDHANA arriving Melbourne 19 October 1928,9757387,A907,1928/10/68,1928 – 1928,2026-07-21
Incoming passenger list for FERNDALE arriving Melbourne 18 October 1928,9757386,A907,1928/10/67,1928 – 1928,2026-07-21
Incoming passenger list for ULYSSES arriving Melbourne 18 October 1928,9757385,A907,1928/10/66,1928 – 1928,2026-07-21
Incoming passenger list for CHITRAL arriving Melbourne 15 October 1928,9757384,A907,1928/10/65,1928 – 1928,2026-07-21
Incoming passenger list for BELTANA arriving Melbourne 14 October 1928,9757383,A907,1928/10/64,1928 – 1928,2026-07-21
Incoming passenger list for TANGO MARU arriving Melbourne 14 October 1928,9757382,A907,1928/10/63,1928 – 1928,2026-07-21
Incoming passenger list for ORVIETO arriving Melbourne 10 October 1928,9757381,A907,1928/10/62,1928 – 1928,2026-07-21
Incoming passenger list for ZEALANDIC arriving Melbourne 10 October 1928,9757380,A907,1928/10/61,1928 – 1928,2026-07-21
Incoming passenger list for NIEUW HOLLAND arriving Melbourne 8 October 1928,9757379,A907,1928/10/60,1928 – 1928,2026-07-21
Incoming passenger list for TAIPING arriving Melbourne 8 October 1928,9757378,A907,1928/10/59,1928 – 1928,2026-07-21
Incoming passenger list for TANDA arriving Melbourne 1 October 1928,9757377,A907,1928/10/58,1928 – 1928,2026-07-21
Incoming passenger list for VILLE D'AMIENS arriving Melbourne 1 October 1928,9757376,A907,1928/10/57,1928 – 1928,2026-07-21
Incoming passenger list for MARIA CRISTINA arriving Melbourne 1 October 1928,9757375,A907,1928/10/56,1928 – 1928,2026-07-21
Incoming passenger list for MOOLTAN arriving Melbourne 1 October 1928,9757374,A907,1928/10/55,1928 – 1928,2026-07-21
Incoming passenger list for PORT NAPIER arriving Port Kembla 9 October 1928,9757373,A907,1928/10/54,1928 – 1928,2026-07-21
Incoming passenger list for GRETASTON arriving Newcastle 28 October 1928,9757372,A907,1928/10/53,1928 – 1928,2026-07-21
Incoming passenger list for MANGOLA arriving [Newcastle] 10  October 1928,9757371,A907,1928/10/52,1928 – 1928,2026-07-21
Incoming passenger list for BENTON arriving Newcastle 6 October 1928,9757370,A907,1928/10/51,1928 – 1928,2026-07-21
Incoming passenger list for WONGANELLA arriving Newcastle 10 October 1928,9757369,A907,1928/10/50,1928 – 1928,2026-07-21
Incoming passenger list for CERAMIC arriving Sydney 8 October 1928,9757368,A907,1928/10/49,1928 – 1928,2026-07-21
Incoming passenger list for ALEXA arriving Sydney 27 October 1928,9757367,A907,1928/10/48,1928 – 1928,2026-07-21
Incoming passenger list for SIRDHANA arriving Sydney 29 October 1928,9757366,A907,1928/10/47,1928 – 1928,2026-07-21
Incoming passenger list for SAINT JOSEPH arriving Sydney 26 October 1928,9757365,A907,1928/10/46,1928 – 1928,2026-07-21
Incoming passenger list for MAHENO arriving Sydney 31 October 1928,9757364,A907,1928/10/45,1928 – 1928,2026-07-21
Incoming passenger list for MARAMA arriving Sydney 30 October 1928,9757363,A907,1928/10/44,1928 – 1928,2026-07-21
Incoming passenger list for PORT NICHOLSON arriving Sydney 29 October 1928,9757362,A907,1928/10/43,1928 – 1928,2026-07-21
Incoming passenger list for LARGS BAY arriving Sydney 29 October 1928,9757361,A907,1928/10/42,1928 – 1928,2026-07-21
Incoming passenger list for NIRPURA arriving Sydney 29 October 1928,9757360,A907,1928/10/41,1928 – 1928,2026-07-21
Incoming passenger list for MAKURA arriving Sydney 28 October 1928,9757356,A907,1928/10/39,1928 – 1928,2026-07-21
Incoming passenger list for OTRANTO arriving Sydney 29 October 1928,9757355,A907,1928/10/38,1928 – 1928,2026-07-21
Incoming passenger list for MALABAR arriving Sydney 24 October 1928,9757354,A907,1928/10/37,1928 – 1928,2026-07-21
Incoming passenger list for BULLAREN arriving Sydney 23 October 1928,9757353,A907,1928/10/36,1928 – 1928,2026-07-21
Incoming passenger list for ULIMAROA arriving Sydney 23 October 1928,9757352,A907,1928/10/35,1928 – 1928,2026-07-21
Incoming passenger list for MARSINA arriving Sydney 22 October 1928,9757351,A907,1928/10/34,1928 – 1928,2026-07-21
Incoming passenger list for POSILLIPO arriving Sydney 22 October 1928,9757350,A907,1928/10/33,1928 – 1928,2026-07-21
Incoming passenger list for SAINT ALBANS arriving Sydney 21 October 1928,9757349,A907,1928/10/32,1928 – 1928,2026-07-21
Incoming passenger list for ULYSSES arriving Sydney 20 October 1928,9757348,A907,1928/10/31,1928 – 1928,2026-07-21
Incoming passenger list for MATARAM arriving Sydney 20 October 1928,9757347,A907,1928/10/30,1928 – 1928,2026-07-21
Incoming passenger list for BELTANA arriving Sydney 20 October 1928,9757346,A907,1928/10/29,1928 – 1928,2026-07-21
Incoming passenger list for PORT NAPIER arriving Sydney 12 October 1928,9757345,A907,1928/10/28,1928 – 1928,2026-07-21
Incoming passenger list for CHITRAL arriving Sydney 19 October 1928,9757344,A907,1928/10/27,1928 – 1928,2026-07-21
Incoming passenger list for SONOMA arriving Sydney 18 October 1928,9757343,A907,1928/10/26,1928 – 1928,2026-07-21
Incoming passenger list for MORINDA arriving Sydney 18 October 1928,9757342,A907,1928/10/25,1928 – 1928,2026-07-21
Incoming passenger list for SHIRALA arriving Sydney 16 October 1928,9757341,A907,1928/10/24,1928 – 1928,2026-07-21
Incoming passenger list for MAHENO arriving Sydney 16 October 1928,9757340,A907,1928/10/23,1928 – 1928,2026-07-21
Incoming passenger list for MARAMAR arriving Sydney 16 October 1928,9757339,A907,1928/10/22,1928 – 1928,2026-07-21
Incoming passenger list for LA PEROUSE arriving Sydney 15 October 1928,9757338,A907,1928/10/21,1928 – 1928,2026-07-21
Incoming passenger list for NECKAR arriving Sydney 15 October 1928,9757337,A907,1928/10/20,1928 – 1928,2026-07-21
Incoming passenger list for PORT AUCKLAND arriving Sydney 14 October 1928,9757336,A907,1928/10/19,1928 – 1928,2026-07-21
Incoming passenger list for ORVIETO arriving Sydney 13 October 1928,9757335,A907,1928/10/18,1928 – 1928,2026-07-21
Incoming passenger list for MOERAKI arriving Sydney 13 October 1928,9757334,A907,1928/10/17,1928 – 1928,2026-07-21
Incoming passenger list for NIAGARA arriving Sydney 12 October 1928,9757333,A907,1928/10/16,1928 – 1928,2026-07-21
Incoming passenger list for SAINT VINCENT DE PAUL arriving Sydney 12 October 1928,9757332,A907,1928/10/15,1928 – 1928,2026-07-21
Incoming passenger list for CROWN CITY arriving Sydney 12 October 1928,9757331,A907,1928/10/14,1928 – 1928,2026-07-21
Incoming passenger list for JOHN WILLIAMS arriving Sydney 10 October 1928,9757330,A907,1928/10/13,1928 – 1928,2026-07-21
Incoming passenger list for ULIMAROA arriving Sydney 9 October 1928,9757329,A907,1928/10/12,1928 – 1928,2026-07-21
Incoming passenger list for TANGO MARU arriving Sydney 9 October 1928,9757328,A907,1928/10/11,1928 – 1928,2026-07-21
Incoming passenger list for TRIANON arriving Sydney 8 October 1928,9757327,A907,1928/10/10,1928 – 1928,2026-07-21
Incoming passenger list for MAKAMBO arriving Sydney 7 October 1928,9757326,A907,1928/10/9,1928 – 1928,2026-07-21
Incoming passenger list for NIEUW HOLLAND arriving Sydney 6 October 1928,9757325,A907,1928/10/8,1928 – 1928,2026-07-21
Incoming passenger list for MOOLTAN arriving Sydney 5 October 1928,9757324,A907,1928/10/7,1928 – 1928,2026-07-21
Incoming passenger list for MARIA CRISTINA arriving Sydney 5 October 1928,9757323,A907,1928/10/6,1928 – 1928,2026-07-21
Incoming passenger list for TAIPING arriving Sydney 4 October 1928,9757322,A907,1928/10/5,1928 – 1928,2026-07-21
Incoming passenger list for MONTORO arriving Sydney 2 October 1928,9757321,A907,1928/10/4,1928 – 1928,2026-07-21
Incoming passenger list for MARAMA arriving Sydney 2 October 1928,9757320,A907,1928/10/3,1928 – 1928,2026-07-21
Incoming passenger list for MAHENO arriving Sydney 2 October 1928,9757319,A907,1928/10/2,1928 – 1928,2026-07-21
Incoming passenger list for SANTHIA arriving Sydney 1 October 1928,9757318,A907,1928/10/1,1928 – 1928,2026-07-21
Incoming passenger list for MARELLA arriving Darwin 13 September 1928,9757317,A907,1928/9/121,1928 – 1928,2026-07-21
Incoming passenger list for CENTAUR arriving Port Hedland 30 September 1928,9757316,A907,1928/9/120,1928 – 1928,2026-07-21
Incoming passenger list for GASCOYNE arriving Broome 29 August 1928,9757315,A907,1928/9/119,1928 – 1928,2026-07-21
Incoming passenger list for MINDEROO arriving Broome 19 September 1928,9757314,A907,1928/9/118,1928 – 1928,2026-07-21
Incoming passenger list for CERAMIC arriving Albany 21 September 1928,9757313,A907,1928/9/117,1928 – 1928,2026-07-21
Incoming passenger list for ORSOVA arriving Albany 20 September 1928,9757312,A907,1928/9/116,1928 – 1928,2026-07-21
Incoming passenger list for MOOLTAN arriving Fremantle 25 September 1928,9757311,A907,1928/9/115,1928 – 1928,2026-07-21
Incoming passenger list for SHIRLA arriving Fremantle 27 September 1928,9757310,A907,1928/9/114,1928 – 1928,2026-07-21
Incoming passenger list for MARIA CRISTINA arriving Fremantle 24 September 1928,9757309,A907,1928/9/113,1928 – 1928,2026-07-21
Incoming passenger list for VILLE D'AMIENS arriving Fremantle 24 September 1928,9757308,A907,1928/9/112,1928 – 1928,2026-07-21
Incoming passenger list for CATHAY arriving Fremantle 11 September 1928,9757307,A907,1928/9/111,1928 – 1928,2026-07-21
Incoming passenger list for JERVIS BAY arriving Fremantle 7 September 1928,9757306,A907,1928/9/110,1928 – 1928,2026-07-21
Incoming passenger list for GASCOYNE arriving Fremantle 6 September 1928,9757305,A907,1928/9/109,1928 – 1928,2026-07-21
Incoming passenger list for MOOLTAN arriving Adelaide 29 September 1928,9757304,A907,1928/9/108,1928 – 1928,2026-07-21
Incoming passenger list for ORSOVA arriving Adelaide 25 September 1928,9757303,A907,1928/9/107,1928 – 1928,2026-07-21
Incoming passenger list for CERAMIC arriving Adelaide 25 September 1928,9757302,A907,1928/9/106,1928 – 1928,2026-07-21
Incoming passenger list for NECKAR arriving Adelaide 15 September 1928,9757301,A907,1928/9/105,1928 – 1928,2026-07-21
Incoming passenger list for CATHAY arriving Adelaide 15 September 1928,9757300,A907,1928/9/104,1928 – 1928,2026-07-21
Incoming passenger list for BENALLA arriving Adelaide 15 September 1928,9757299,A907,1928/9/103,1928 – 1928,2026-07-21
Incoming passenger list for JERVIS BAY arriving Adelaide 12 September 1928,9757298,A907,1928/9/102,1928 – 1928,2026-07-21
Incoming passenger list for CAPRERA arriving Adelaide 6 September 1928,9757297,A907,1928/9/101,1928 – 1928,2026-07-21
Incoming passenger list for SANTHIA arriving Adelaide 6 September 1928,9757296,A907,1928/9/100,1928 – 1928,2026-07-21
Incoming passenger list for NESTOR arriving Adelaide 3 September 1928,9757295,A907,1928/9/99,1928 – 1928,2026-07-21
Incoming passenger list for BARADINE arriving Adelaide 3 September 1928,9757294,A907,1928/9/98,1928 – 1928,2026-07-21
Incoming passenger list for NARKUNDA arriving Adelaide 1 September 1928,9757293,A907,1928/9/97,1928 – 1928,2026-07-21
Incoming passenger list for JANUS arriving Adelaide 31 September 1928,9757292,A907,1928/9/96,1928 – 1928,2026-07-21
Incoming passenger list for ORAMA arriving Adelaide 25 August 1928,9757291,A907,1928/9/95,1928 – 1928,2026-07-21
Incoming passenger list for BORDA arriving Adelaide 21 September 1928,9757290,A907,1928/9/94,1928 – 1928,2026-07-21
Incoming passenger list for TAIPING arriving Townsville 28 September 1928,9757289,A907,1928/9/93,1928 – 1928,2026-07-21
Incoming passenger list for TANDA arriving Townsville 19 September 1928,9757288,A907,1928/9/92,1928 – 1928,2026-07-21
Incoming passenger list for NIEUW HOLLAND arriving Thursday Island 28 September 1928,9757287,A907,1928/9/91,1928 – 1928,2026-07-21
Incoming passenger list for TAIPING arriving Thursday Island  24 September 1928,9757286,A907,1928/9/90,1928 – 1928,2026-07-21
Incoming passenger list for TANDA arriving Thursday Island 17 September 1928,9757285,A907,1928/9/89,1928 – 1928,2026-07-21
Incoming passenger list for MARELLA arriving Thursday Island 16 September 1928,9757284,A907,1928/9/88,1928 – 1928,2026-07-21
Incoming passenger list for MISHIMA MARU arriving Thursday Island 3 September 1928,9757283,A907,1928/9/87,1928 – 1928,2026-07-21
Incoming passenger list for QUEST arriving Thursday Island 15 September 1928,9757282,A907,1928/9/86,1928 – 1928,2026-07-21
Incoming passenger list for TAIPING arriving Cairns 27 September 1928,9757281,A907,1928/9/85,1928 – 1928,2026-07-21
Incoming passenger list for TANDA arriving Cairns 18 September 1928,9757280,A907,1928/9/84,1928 – 1928,2026-07-21
Incoming passenger list for MORINDA arriving Cairns 1 September 1928,9757279,A907,1928/9/83,1928 – 1928,2026-07-21
Incoming passenger list for PORT VICTOR arriving Brisbane 24 September 1928,9757278,A907,1928/9/82,1928 – 1928,2026-07-21
Incoming passenger list for TANDA arriving Brisbane 22 September 1928,9757277,A907,1928/9/81,1928 – 1928,2026-07-21
Incoming passenger list for MARELLA arriving Brisbane 22 September 1928,9757276,A907,1928/9/80,1928 – 1928,2026-07-21
Incoming passenger list for NESTOR arriving Brisbane 20 September 1928,9757275,A907,1928/9/79,1928 – 1928,2026-07-21
Incoming passenger list for CEPHEE arriving Brisbane 17 September 1928,9757274,A907,1928/9/78,1928 – 1928,2026-07-21
Incoming passenger list for CAPRERA arriving Brisbane 17 September 1928,9757273,A907,1928/9/77,1928 – 1928,2026-07-21
Incoming passenger list for OAKPARK arriving Brisbane 9 September 1928,9757272,A907,1928/9/76,1928 – 1928,2026-07-21
Incoming passenger list for MISHIMA MARU arriving Brisbane 8 September 1928,9757271,A907,1928/9/75,1928 – 1928,2026-07-21
Incoming passenger list for MATARAM arriving Brisbane 6 September 1928,9757270,A907,1928/9/74,1928 – 1928,2026-07-21
Incoming passenger list for MORINDA arriving Brisbane 4 September 1928,9757269,A907,1928/9/73,1928 – 1928,2026-07-21
Incoming passenger list for CHANGTE arriving Brisbane 3 September 1928,9757268,A907,1928/9/72,1928 – 1928,2026-07-21
Incoming passenger list for NIEUW ZEELAND arriving Brisbane 3 September 1928,9757267,A907,1928/9/71,1928 – 1928,2026-07-21
Incoming passenger list for ORAMA arriving Brisbane 3 September 1928,9757266,A907,1928/9/70,1928 – 1928,2026-07-21
Incoming passenger list for TISNAREN arriving Brisbane September 1928,9757265,A907,1928/9/69,1928 – 1928,2026-07-21
Incoming passenger list for JERVIS BAY arriving Melbourne 24 September 1928,9757264,A907,1928/9/68,1928 – 1928,2026-07-21
Incoming passenger list for CERAMIC arriving Melbourne 30 September 1928,9757263,A907,1928/9/67,1928 – 1928,2026-07-21
Incoming passenger list for MARELLA arriving Melbourne 27 September 1928,9757262,A907,1928/9/66,1928 – 1928,2026-07-21
Incoming passenger list for ORSOVA arriving Melbourne 27 September 1928,9757261,A907,1928/9/65,1928 – 1928,2026-07-21
Incoming passenger list for CALULU arriving Melbourne 25 September 1928,9757260,A907,1928/9/64,1928 – 1928,2026-07-21
Incoming passenger list for MANUKA arriving Melbourne 20 September 1928,9757259,A907,1928/9/63,1928 – 1928,2026-07-21
Incoming passenger list for BENALLA arriving Melbourne 21 September 1928,9757258,A907,1928/9/62,1928 – 1928,2026-07-21
Incoming passenger list for CATHAY arriving Melbourne 20 September 1928,9757257,A907,1928/9/61,1928 – 1928,2026-07-21
Incoming passenger list for ARCTURUS arriving Melbourne 1 September 1928,9757256,A907,1928/9/60,1928 – 1928,2026-07-21
Incoming passenger list for MISHIMA MARU arriving Melbourne 16 September 1928,9757255,A907,1928/9/59,1928 – 1928,2026-07-21
Incoming passenger list for SPRINGBANK arriving Melbourne 12 September 1928,9757254,A907,1928/9/58,1928 – 1928,2026-07-21
Incoming passenger list for CHANGTE arriving Melbourne 9 September 1928,9757253,A907,1928/9/57,1928 – 1928,2026-07-21
Incoming passenger list for COWDEN LAW arriving Melbourne 8 September 1928,9757252,A907,1928/9/56,1928 – 1928,2026-07-21
Incoming passenger list for NAURU CHIEF arriving Melbourne 8 September 1928,9757251,A907,1928/9/55,1928 – 1928,2026-07-21
Incoming passenger list for NIEUW ZEELAND arriving Melbourne 8 September 1928,9757250,A907,1928/9/54,1928 – 1928,2026-07-21
Incoming passenger list for CAPRERA arriving Melbourne 8 September 1928,9757249,A907,1928/9/53,1928 – 1928,2026-07-21
Incoming passenger list for BARADINE arriving Melbourne 7 September 1928,9757248,A907,1928/9/52,1928 – 1928,2026-07-21
Incoming passenger list for NESTOR arriving Melbourne 5 September 1928,9757247,A907,1928/9/51,1928 – 1928,2026-07-21
Incoming passenger list for NARKUNDA arriving Melbourne 3 September 1928,9757246,A907,1928/9/50,1928 – 1928,2026-07-21
Incoming passenger list for JANUS arriving Melbourne 3 September 1928,9757245,A907,1928/9/49,1928 – 1928,2026-07-21
Incoming passenger list for ARAFURA arriving Melbourne 3 September 1928,9757244,A907,1928/9/48,1928 – 1928,2026-07-21
Incoming passenger list for [AORUS] arriving Kembla 8 September 1928,9757243,A907,1928/9/47,1928 – 1928,2026-07-21
Incoming passenger list for NEWBY HALL arriving Newcastle 22 September 1928,9757242,A907,1928/9/46,1928 – 1928,2026-07-21
Incoming passenger list for NAURU CHIEF arriving Newcastle 3 September 1928,9757241,A907,1928/9/45,1928 – 1928,2026-07-21
Incoming passenger list for PORT VICTOR arriving Sydney 30 September 1928,9757240,A907,1928/9/44,1928 – 1928,2026-07-21
Incoming passenger list for ORSOVA arriving Sydney 30 September 1928,9757239,A907,1928/9/43,1928 – 1928,2026-07-21
Incoming passenger list for JERVIS BAY arriving Sydney 30 September 1928,9757238,A907,1928/9/42,1928 – 1928,2026-07-21
Incoming passenger list for MAUNGANUI arriving Sydney 29 September 1928,9757237,A907,1928/9/41,1928 – 1928,2026-07-21
Incoming passenger list for BENALLA arriving Sydney 28 September 1928,9757236,A907,1928/9/40,1928 – 1928,2026-07-21
Incoming passenger list for SIERRA arriving Sydney 27 September 1928,9757235,A907,1928/9/39,1928 – 1928,2026-07-21
Incoming passenger list for ULIMAROA arriving Sydney 25 September 1928,9757234,A907,1928/9/38,1928 – 1928,2026-07-21
Incoming passenger list for TANDA arriving Sydney 24 September 1928,9757233,A907,1928/9/37,1928 – 1928,2026-07-21
Incoming passenger list for TOURAINE arriving Sydney 24September 1928,9757232,A907,1928/9/36,1928 – 1928,2026-07-21
Incoming passenger list for MARELLA arriving Sydney 24 September 1928,9757231,A907,1928/9/35,1928 – 1928,2026-07-21
Incoming passenger list for ELVERIC arriving Sydney 23 September 1928,9757230,A907,1928/9/34,1928 – 1928,2026-07-21
Incoming passenger list for SAINT JOSEPH arriving Sydney 22 September 1928,9757229,A907,1928/9/33,1928 – 1928,2026-07-21
Incoming passenger list for MOERAKI arriving Sydney 22 September 1928,9757228,A907,1928/9/32,1928 – 1928,2026-07-21
Incoming passenger list for CATHAY arriving Sydney 22 September 1928,9757227,A907,1928/9/31,1928 – 1928,2026-07-21
Incoming passenger list for CALULU arriving Sydney 19 September 1928,9757226,A907,1928/9/30,1928 – 1928,2026-07-21
Incoming passenger list for HOBSONS BAY arriving Adelaide 4 December 1928,9757678,A907,1928/12/105,1928 – 1928,2026-07-21
Incoming passenger list for BALLARAT arriving Adelaide 3 December 1928,9757677,A907,1928/12/104,1928 – 1928,2026-07-21
Incoming passenger list for ORONSAY arriving Adelaide 1 December 1928,9757676,A907,1928/12/103,1928 – 1928,2026-07-21
Incoming passenger list for SADO MARU arriving Thursday Island 31 December 1928,9757675,A907,1928/12/102,1928 – 1928,2026-07-21
Incoming passenger list for ARAMIA arriving Thursday Island 8 December 1928,9757674,A907,1928/12/101,1928 – 1928,2026-07-21
Incoming passenger list for MISHIMA MARU arriving Thursday Island 4 November 1928,9757673,A907,1928/12/100,1928 – 1928,2026-07-21
Incoming passenger list for TAIPING arriving Thursday Island 24 November 1928,9757672,A907,1928/12/99,1928 – 1928,2026-07-21
Incoming passenger list for ARAFURA arriving Thursday Island 20 November 1928,9757671,A907,1928/12/98,1928 – 1928,2026-07-21
Incoming passenger list for AKI MARU arriving Thursday Island 4 November 1928,9757670,A907,1928/12/97,1928 – 1928,2026-07-21
Incoming passenger list for CHANGTE arriving Cairns 26 December 1928,9757669,A907,1928/12/96,1928 – 1928,2026-07-21
Incoming passenger list for MONTORO arriving Cairns 21 December 1928,9757668,A907,1928/12/95,1928 – 1928,2026-07-21
Incoming passenger list for TANDA arriving Cairns 18 December 1928,9757667,A907,1928/12/94,1928 – 1928,2026-07-21
Incoming passenger list for CHANGTE arriving Brisbane 29 December 1928,9757666,A907,1928/12/93,1928 – 1928,2026-07-21
Incoming passenger list for MONTORO arriving Brisbane 24 December 1928,9757665,A907,1928/12/92,1928 – 1928,2026-07-21
Incoming passenger list for NELEUS arriving Brisbane 16 December 1928,9757664,A907,1928/12/91,1928 – 1928,2026-07-21
Incoming passenger list for ORAMA arriving Brisbane 24 December 1928,9757663,A907,1928/12/90,1928 – 1928,2026-07-21
Incoming passenger list for TANDA arriving Brisbane 22 December 1928,9757662,A907,1928/12/89,1928 – 1928,2026-07-21
Incoming passenger list for MALABAR arriving Brisbane 20 December 1928,9757661,A907,1928/12/88,1928 – 1928,2026-07-21
Incoming passenger list for HOBSONS BAY arriving Brisbane 17 December 1928,9757660,A907,1928/12/87,1928 – 1928,2026-07-21
Incoming passenger list for PARRAKOOLA arriving Brisbane 14 December 1928,9757659,A907,1928/12/86,1928 – 1928,2026-07-21
Incoming passenger list for PORT DENISON arriving Brisbane 13 December 1928,9757658,A907,1928/12/85,1928 – 1928,2026-07-21
Incoming passenger list for ORONSAY arriving Brisbane 10 December 1928,9757657,A907,1928/12/84,1928 – 1928,2026-07-21
Incoming passenger list for MISHIMA MARU arriving Brisbane 8 December 1928,9757656,A907,1928/12/83,1928 – 1928,2026-07-21
Incoming passenger list for NIEUW HOLLAND arriving Brisbane 3 December 1928,9757655,A907,1928/12/82,1928 – 1928,2026-07-21
Incoming passenger list for ESPERANCE BAY arriving Brisbane 27 December 1928,9757654,A907,1928/12/81,1928 – 1928,2026-07-21
Incoming passenger list for WEST HONAKER arriving Geelong 21 December 1928,9757653,A907,1928/12/80,1928 – 1928,2026-07-21
Incoming passenger list for ALLER arriving Melbourne 6 December 1928,9757652,A907,1928/12/79,1928 – 1928,2026-07-21
Incoming passenger list for CALULU arriving Melbourne 31 December 1928,9757651,A907,1928/12/78,1928 – 1928,2026-07-21
Incoming passenger list for TANDA arriving Melbourne 30 December 1928,9757650,A907,1928/12/77,1928 – 1928,2026-07-21
Incoming passenger list for OSTERLEY arriving Melbourne 30 December 1928,9757649,A907,1928/12/76,1928 – 1928,2026-07-21
Incoming passenger list for RUNIC arriving Melbourne 29 December 1928,9757648,A907,1928/12/75,1928 – 1928,2026-07-21
Incoming passenger list for GABRIELLA arriving Melbourne 28 December 1928,9757647,A907,1928/12/74,1928 – 1928,2026-07-21
Incoming passenger list for PORT HOBART arriving Melbourne 27 December 1928,9757646,A907,1928/12/73,1928 – 1928,2026-07-21
Incoming passenger list for MALABAR arriving Melbourne 26 December 1928,9757645,A907,1928/12/72,1928 – 1928,2026-07-21
Incoming passenger list for NARKUNDA arriving Melbourne 25 December 1928,9757644,A907,1928/12/71,1928 – 1928,2026-07-21
Incoming passenger list for MOSEL arriving Melbourne 25 December 1928,9757643,A907,1928/12/70,1928 – 1928,2026-07-21
Incoming passenger list for TEMERAIRE arriving Melbourne 21 December 1928,9757642,A907,1928/12/69,1928 – 1928,2026-07-21
Incoming passenger list for BENDIGO arriving Melbourne 23 December 1928,9757641,A907,1928/12/68,1928 – 1928,2026-07-21
Incoming passenger list for MATHESON arriving Melbourne 17 December 1928,9757640,A907,1928/12/67,1928 – 1928,2026-07-21
Incoming passenger list for ORAMA arriving Melbourne 17 December 1928,9757639,A907,1928/12/66,1928 – 1928,2026-07-21
Incoming passenger list for NAURU CHIEF arriving Melbourne 15 December 1928,9757638,A907,1928/12/65,1928 – 1928,2026-07-21
Incoming passenger list for MISHIIMA MARU arriving Melbourne 14 December 1928,9757637,A907,1928/12/64,1928 – 1928,2026-07-21
Incoming passenger list for MANUKA arriving Melbourne 12 December 1928,9757636,A907,1928/12/63,1928 – 1928,2026-07-21
Incoming passenger list for COMORIN arriving Melbourne 10 December 1928,9757635,A907,1928/12/62,1928 – 1928,2026-07-21
Incoming passenger list for ASCANIUS arriving Melbourne 9 December 1928,9757634,A907,1928/12/61,1928 – 1928,2026-07-21
Incoming passenger list for NIEUW HOLLAND arriving Melbourne 8 December 1928,9757633,A907,1928/12/60,1928 – 1928,2026-07-21
Incoming passenger list for BALLARAT arriving Melbourne 6 December 1928,9757632,A907,1928/12/59,1928 – 1928,2026-07-21
Incoming passenger list for TAIPING arriving Melbourne 6 December 1928,9757631,A907,1928/12/58,1928 – 1928,2026-07-21
Incoming passenger list for JANUS arriving Melbourne 5 December 1928,9757630,A907,1928/12/57,1928 – 1928,2026-07-21
Incoming passenger list for HOBSONS BAY arriving Melbourne 6 December 1928,9757629,A907,1928/12/56,1928 – 1928,2026-07-21
Incoming passenger list for ORONSAY arriving Melbourne 3 December 1928,9757628,A907,1928/12/55,1928 – 1928,2026-07-21
Incoming passenger list for ARAFURA arriving Melbourne 3 December 1928,9757627,A907,1928/12/54,1928 – 1928,2026-07-21
Incoming passenger list for UNDEN arriving Melbourne 2 December 1928,9757626,A907,1928/12/53,1928 – 1928,2026-07-21
Incoming passenger list for ANTEN arriving Melbourne 1 December 1928,9757625,A907,1928/12/52,1928 – 1928,2026-07-21
Incoming passenger list for MOLDAVIA arriving Melbourne 17 December 1928,9757624,A907,1928/12/51,1928 – 1928,2026-07-21
Incoming passenger list for BERWICK LAW arriving Newcastle 26 December 1928,9757623,A907,1928/12/50,1928 – 1928,2026-07-21
Incoming passenger list for COMMANDANT DESTREMAU arriving Newcastle 16 December 1928,9757622,A907,1928/12/49,1928 – 1928,2026-07-21
Incoming passenger list for NAURU CHIEF arriving Newcastle 12 December 1928,9757621,A907,1928/12/48,1928 – 1928,2026-07-21
Incoming passenger list for CERASUS arriving Newcastle 7 December 1928,9757620,A907,1928/12/47,1928 – 1928,2026-07-21
Incoming passenger list for BENDIGO arriving Sydney 31 December 1928,9757619,A907,1928/12/46,1928 – 1928,2026-07-21
Incoming passenger list for JOHN WILLIAMS arriving Sydney 31 December 1928,9757618,A907,1928/12/45,1928 – 1928,2026-07-21
Incoming passenger list for MAKAMBO arriving Sydney 31 December 1928,9757617,A907,1928/12/44,1928 – 1928,2026-07-21
Incoming passenger list for MOSEL arriving Sydney 31 December 1928,9757616,A907,1928/12/43,1928 – 1928,2026-07-21
Incoming passenger list for CHANGTE arriving Sydney 31 December 1928,9757615,A907,1928/12/42,1928 – 1928,2026-07-21
Incoming passenger list for SCOTLAND MARU arriving Sydney 30 December 1928,9757614,A907,1928/12/41,1928 – 1928,2026-07-21
Incoming passenger list for NARKUNDA arriving Sydney 29 December 1928,9757613,A907,1928/12/40,1928 – 1928,2026-07-21
Incoming passenger list for CALULU arriving Sydney 26 December 1928,9757612,A907,1928/12/39,1928 – 1928,2026-07-21
Incoming passenger list for MONTORO arriving Sydney 26 December 1928,9757611,A907,1928/12/38,1928 – 1928,2026-07-21
Incoming passenger list for TANDA arriving Sydney 24 December 1928,9757610,A907,1928/12/37,1928 – 1928,2026-07-21
Incoming passenger list for MANGANUI  arriving Sydney 24 December 1928,9757609,A907,1928/12/132,1928 – 1928,2026-07-21
Incoming passenger list MARAMA for arriving Sydney 24 December 1928,9757608,A907,1928/12/35,1928 – 1928,2026-07-21
Incoming passenger list for MALABAR arriving Sydney 22 December 1928,9757607,A907,1928/12/34,1928 – 1928,2026-07-21
Incoming passenger list for MAKURA arriving Sydney 21 December 1928,9757606,A907,1928/12/33,1928 – 1928,2026-07-21
Incoming passenger list for SONOMA arriving Sydney 21 December 1928,9757605,A907,1928/12/32,1928 – 1928,2026-07-21
Incoming passenger list for ORAMA arriving Sydney 20 December 1928,9757604,A907,1928/12/31,1928 – 1928,2026-07-21
Incoming passenger list for SAINT JOSEPH arriving Sydney 17 December 1928,9757603,A907,1928/12/30,1928 – 1928,2026-07-21
Incoming passenger list for ULIMAROA arriving Sydney 18 December 1928,9757602,A907,1928/12/29,1928 – 1928,2026-07-21
Incoming passenger list for MOERAKI arriving Sydney 17 December 1928,9757601,A907,1928/12/28,1928 – 1928,2026-07-21
Incoming passenger list for PORT FERRY arriving Sydney 17 December 1928,9757600,A907,1928/12/27,1928 – 1928,2026-07-21
Incoming passenger list for MAKAMBO arriving Sydney 17 December 1928,9757599,A907,1928/12/26,1928 – 1928,2026-07-21
Incoming passenger list for NAGINA arriving Sydney 16 December 1928,9757598,A907,1928/12/25,1928 – 1928,2026-07-21
Incoming passenger list for ASCANIUS arriving Sydney 15 December 1928,9757597,A907,1928/12/24,1928 – 1928,2026-07-21
Incoming passenger list for BALLARAT arriving Sydney 14 December 1928,9757596,A907,1928/12/23,1928 – 1928,2026-07-21
Incoming passenger list for CITY OF CHRISTIANIA arriving Sydney 14 December 1928,9757595,A907,1928/12/22,1928 – 1928,2026-07-21
Incoming passenger list for PORT DENISON arriving Sydney 3 December 1928,9757594,A907,1928/12/21,1928 – 1928,2026-07-21
Incoming passenger list for CITY OF OSAKA arriving Sydney 14 December 1928,9757593,A907,1928/12/20,1928 – 1928,2026-07-21
Incoming passenger list for COMORIN arriving Sydney 13 December 1928,9757592,A907,1928/12/19,1928 – 1928,2026-07-21
Incoming passenger list for INGA arriving Sydney 11 December 1928,9757591,A907,1928/12/18,1928 – 1928,2026-07-21
Incoming passenger list for MANGANUI arriving Sydney 11 December 1928,9757590,A907,1928/12/17,1928 – 1928,2026-07-21
Incoming passenger list for MARAMA arriving Sydney 11 December 1928,9757589,A907,1928/12/16,1928 – 1928,2026-07-21
Incoming passenger list for HOBSONS BAY arriving Sydney 10 December 1928,9757588,A907,1928/12/15,1928 – 1928,2026-07-21
Incoming passenger list for MENES arriving Sydney 10 December 1928,9757587,A907,1928/12/14,1928 – 1928,2026-07-21
Incoming passenger list for NELIUS arriving Sydney 10 December 1928,9757586,A907,1928/12/13,1928 – 1928,2026-07-21
Incoming passenger list for MISHIMA MARU arriving Sydney 10 December 1928,9757585,A907,1928/12/12,1928 – 1928,2026-07-21
Incoming passenger list for NIAGARA arriving Sydney 8 December 1928,9757584,A907,1928/12/11,1928 – 1928,2026-07-21
Incoming passenger list for MARSINA arriving Sydney 7 December 1928,9757583,A907,1928/12/10,1928 – 1928,2026-07-21
Incoming passenger list for ALLER arriving Sydney 6 December 1928,9757582,A907,1928/12/9,1928 – 1928,2026-07-21
Incoming passenger list for ORONSAY arriving Sydney 8 December 1928,9757581,A907,1928/12/8,1928 – 1928,2026-07-21
Incoming passenger list for NIEUW HOLLAND arriving Sydney 5 December 1928,9757580,A907,1928/12/7,1928 – 1928,2026-07-21
Incoming passenger list for ULIMAROA arriving Sydney 4 December 1928,9757579,A907,1928/12/6,1928 – 1928,2026-07-21
Incoming passenger list for PORT HARDY arriving Sydney 3 December 1928,9757578,A907,1928/12/5,1928 – 1928,2026-07-21
Incoming passenger list for WEST HONAKER arriving Sydney 3 December 1928,9757577,A907,1928/12/4,1928 – 1928,2026-07-21
Incoming passenger list for MATARAM arriving Sydney 2 December 1928,9757576,A907,1928/12/3,1928 – 1928,2026-07-21
Incoming passenger list for TAIPING arriving Sydney 2 December 1928,9757575,A907,1928/12/2,1928 – 1928,2026-07-21
Incoming passenger list for CITTA DI GENOVA arriving Sydney 2 December 1928,9757574,A907,1928/12/1,1928 – 1928,2026-07-21
Incoming passenger list for CENTAUR arriving Fremantle 30 October 1928,9757573,A907,1928/11/122,1928 – 1928,2026-07-21
Incoming passenger list for MINDEROO arriving Broome 31 October 1928,9757572,A907,1928/11/121,1928 – 1928,2026-07-21
Incoming passenger list for GASCOYNE arriving Broome 26 October 1928,9757571,A907,1928/11/120,1928 – 1928,2026-07-21
Incoming passenger list for ANCHISES arriving Albany 6 October 1928,9757570,A907,1928/11/119,1928 – 1928,2026-07-21
Incoming passenger list for ORMONDE arriving Fremantle 30 October 1928,9757569,A907,1928/11/118,1928 – 1928,2026-07-21
Incoming passenger list for MALOJA arriving Fremantle 23 October 1928,9757568,A907,1928/11/117,1928 – 1928,2026-07-21
Incoming passenger list for NAGINA arriving Fremantle 29 November 1928,9757567,A907,1928/11/116,1928 – 1928,2026-07-21
Incoming passenger list for HOBSONS BAY arriving Fremantle 27 November 1928,9757566,A907,1928/11/115,1928 – 1928,2026-07-21
Incoming passenger list for ORONSAY arriving Fremantle 27 November 1928,9757565,A907,1928/11/114,1928 – 1928,2026-07-21
Incoming passenger list for MOLDAVIA arriving Fremantle 20 November 1928,9757564,A907,1928/11/113,1928 – 1928,2026-07-21
Incoming passenger list for CITTA DE GENOVA arriving Fremantle 20 November 1928,9757563,A907,1928/11/112,1928 – 1928,2026-07-21
Incoming passenger list for VEDIC arriving Fremantle 14 November 1928,9757562,A907,1928/11/111,1928 – 1928,2026-07-21
Incoming passenger list for ORFORD arriving Fremantle 13 November 1928,9757561,A907,1928/11/110,1928 – 1928,2026-07-21
Incoming passenger list for MINDEROO arriving Fremantle 7 November 1928,9757560,A907,1928/11/109,1928 – 1928,2026-07-21
Incoming passenger list for MONGOLIA arriving Fremantle 3 November 1928,9757559,A907,1928/11/108,1928 – 1928,2026-07-21
Incoming passenger list for GASCOYNE arriving Fremantle 3 November 1928,9757558,A907,1928/11/107,1928 – 1928,2026-07-21
Incoming passenger list for COMISSAIRE RAMEL arriving Fremantle 1 November 1928,9757557,A907,1928/11/106,1928 – 1928,2026-07-21
Incoming passenger list for MORETON BAY arriving Fremantle 1 November 1928,9757556,A907,1928/11/105,1928 – 1928,2026-07-21
Incoming passenger list for JANUS arriving Adelaide 29 November 1928,9757555,A907,1928/11/104,1928 – 1928,2026-07-21
Incoming passenger list for CITTA DI GENOVA arriving Adelaide 26 November 1928,9757554,A907,1928/11/103,1928 – 1928,2026-07-21
Incoming passenger list for MOLDAVIA arriving Adelaide 25 November 1928,9757553,A907,1928/11/102,1928 – 1928,2026-07-21
Incoming passenger list for ORFORD arriving Adelaide 17 November 1928,9757552,A907,1928/11/101,1928 – 1928,2026-07-21
Incoming passenger list for ALLER arriving Adelaide 17 November 1928,9757551,A907,1928/11/100,1928 – 1928,2026-07-21
Incoming passenger list for MONGOLIA arriving Adelaide 10 November 1928,9757550,A907,1928/11/99,1928 – 1928,2026-07-21
Incoming passenger list for ANCHISES arriving Adelaide 9 November 1928,9757549,A907,1928/11/98,1928 – 1928,2026-07-21
Incoming passenger list for COMMISSAIRE RAMEL arriving Adelaide 8 November 1928,9757548,A907,1928/11/97,1928 – 1928,2026-07-21
Incoming passenger list for MORETON BAY arriving Adelaide 6 November 1928,9757547,A907,1928/11/96,1928 – 1928,2026-07-21
Incoming passenger list for ORMONDE arriving Adelaide 3 November 1928,9757546,A907,1928/11/95,1928 – 1928,2026-07-21
Incoming passenger list for BENDIGO arriving Adelaide 14 November 1928,9757545,A907,1928/11/94,1928 – 1928,2026-07-21
Incoming passenger list for TAIPIING arriving Townsville 2 November 1928,9757544,A907,1928/11/93,1928 – 1928,2026-07-21
Incoming passenger list for ARAFURA arriving Townsville 20 November 1928,9757543,A907,1928/11/92,1928 – 1928,2026-07-21
Incoming passenger list for MARELLA arriving Townsville 19 November 1928,9757542,A907,1928/11/91,1928 – 1928,2026-07-21
Incoming passenger list for CHANGTE arriving Thursday Island 28 October1928,9757541,A907,1928/11/90,1928 – 1928,2026-07-21
Incoming passenger list for DAVID arriving Thursday Island 19 October 1928,9757540,A907,1928/11/89,1928 – 1928,2026-07-21
Incoming passenger list for SAINT ALBANS arriving Thursday Island 13 October 1928,9757539,A907,1928/11/88,1928 – 1928,2026-07-21
Incoming passenger list for TANGO MARU arriving Thursday 2 Island October 1928,9757538,A907,1928/11/87,1928 – 1928,2026-07-21
Incoming passenger list for ARAMIA arriving Thursday Island 2 October 1928,9757537,A907,1928/11/86,1928 – 1928,2026-07-21
Incoming passenger list for MALABAR arriving Thursday Island 16 October 1928,9757536,A907,1928/11/85,1928 – 1928,2026-07-21
Incoming passenger list for TAIPING arriving Cairns 27 November 1928,9757535,A907,1928/11/84,1928 – 1928,2026-07-21
Incoming passenger list for MORINDA arriving Cairns 14 November 1928,9757534,A907,1928/11/83,1928 – 1928,2026-07-21
Incoming passenger list for TAIPING arriving Brisbane 30 November 1928,9757533,A907,1928/11/82,1928 – 1928,2026-07-21
Incoming passenger list for ORFORD arriving Brisbane 26 November 1928,9757532,A907,1928/11/81,1928 – 1928,2026-07-21
Incoming passenger list for ALSTER arriving Brisbane 23 November 1928,9757531,A907,1928/11/80,1928 – 1928,2026-07-21
Incoming passenger list for ANCHISES arriving Brisbane 18 November 1928,9757530,A907,1928/11/79,1928 – 1928,2026-07-21
Incoming passenger list for MORTON BAY arriving Brisbane 19 November 1928,9757529,A907,1928/11/78,1928 – 1928,2026-07-21
AGM [Airport General Manager] - FAC [Federal Airports Corporation] / CAA [Civil Aviation Authority] / DTC [Department of Transport and Communications - Discussions re transfer of land for airport at Darwin],7516441,E1586,1/1/4 PART 1,1989 – 1996,2026-07-20
"NICHOLLS Phyllis Ida: DATE OF NATURALISATION - 25 September 1957: PREVIOUS NATIONALITY - French: PLACE OF RESIDENCE: Kogarah, NSW: ADDITIONAL PERSONS: Anthony Raymond Charles born 1948, Daniel Augustus born 1950",32962619,A1801,EF/2/1640,1956 – 1958,2026-07-20
TILLI Giuseppe,7082084,PP96/1,W1955/4992,1950 – 1959,2026-07-20
"HOLLAND, John Maitland - Service Number - 2927",643899,PP13/1,C35272,1916 – 1939,2026-07-20
Enlistment of Australians in Chinese of Japanese Forces,326701,PP6/1,1932/H/104,1932 – 1932,2026-07-20
"KNIGHT, Henry Horace - Service Number - 1351",32491407,PP645/1,H24123,1936 – 1978,2026-07-20
"KNIGHT, Henry Horace - Service Number - 1351",32491406,PP645/1,M24123,1917 – 1978,2026-07-20
"MCCORMICK, William - Service Number - 8002",31871774,PP869/1,M15427,1917 – 1976,2026-07-20
"CREAM, Gertrude Sarah Jane beneficiary of CREAM, Everard Daniel - Service Number - 3598",30804731,PP13/1,C7853,1917 – 1945,2026-07-20
"Kurt Herman BUTEKNO, Johan KALSAS [KALSAAS], Mario FALSAPERLA, Cyril Charles WELLMAN [deported Fremantle 19 August 1961 per AURELIA]",1616579,PP302/1,WA39531,1961 – 1961,2026-07-20
Paul Alberecht Haege and Herbert Hartmann,516459,SP1714/1,N22977,1935 – 1946,2026-07-20
"Laurie, David Douglas - service number 277540 [Victoria DVA WWII case file, includes medical service documents folder; box 76]",33042459,B26,VMX242720-01,1997 – 1998,2026-07-20
Franking stamps for state governors [Box 1210],3280785,C3994,51,1900 – 1900,2026-07-20
SMYTHE Herbert Edward Vivian - service number - NX102247,32224001,A14162,NMX133790-01,1941 – 2003,2026-07-20
Giovanni Pupo [NSW restricted migration case file - includes boarding officer report - refers to certificate of exemption 1951/311 - photograph attached],7296263,SP244/2,N1950/2/13139,1950 – 1951,2026-07-20
"Turschwell, Lucien Roger Georges [born in 1941 - Immigration NSW naturalisation case file]",31591006,C321,N1970/61831,1969 – 1970,2026-07-20
"Franco, Pasqua [Italian migrant born on 22 June 1902 - Immigration NSW office naturalization case file - includes alien registration card and form with a black and white photograph and visa advice slips]",15882495,SP1122/1,N1967/13124,1954 – 1968,2026-07-20
